title,date,url,content
Store Update 9.11.0,2026.02.26,https://www.reachthefinals.com/patchnotes/9110,"We’ve restocked the Store with a fresh new drop of content alongside
a sale on some old favorites
, so make sure to take a look! This is also
the last week to play Bank It,
so jump in, collect red envelopes, and don’t forget to cash them in!

STORE UPDATE
| CURTAIN CALLER

It’s time for you to be making your ceremonial entrance into the Arena with the
Curtain Caller set
. Stay focused and let the other teams know you’re the one running the show. Curtain’s up! All the Arena’s your stage.

LUNAR NEW YEAR
| LAST WEEK

Bank It is still here for another week! We hope you’ve been successful in banking red envelopes as well as lighting up your lanterns for the Collection Event. While the time is up to collect tickets, you can still
redeem any unused tickets until next week
as well as purchase rewards if you have missed any.

THE FINALS © 2022-2026 Embark Studios AB. THE FINALS and EMBARK trademarks and logos are trademarks or registered trademarks of Embark Studios AB. NEXON trademark and logo are trademarks or registered trademarks of NXC Corporation. © 2026 Sony Interactive Entertainment LLC. PlayStation, the PlayStation Family Mark, PS5, the PS5 logo, PS4 and the PS4 logo are registered trademarks or trademarks of Sony Interactive Entertainment Inc. Microsoft, the Xbox Sphere mark and Xbox Series X|S are trademarks of the Microsoft group of companies. © 2026 Valve Corporation. Steam and the Steam logo are trademarks and/or registered trademarks of Valve Corporation in the U.S. and/or other countries. © 2026 Epic Games, Inc. All rights reserved. Unreal, Unreal Engine and their respective logos are trademarks or registered trademarks of Epic Games, Inc. in the U.S. Patent and Trademark Office and elsewhere. NVIDIA, the NVIDIA logo and the GeForce Now logo are trademarks and/or registered trademarks of NVIDIA Corporation in the U.S. and/or other countries."
Store Update 9.10.0,2026.02.19,https://www.reachthefinals.com/patchnotes/9100,"Contestants!
We have crafted a very cool high-tech Store update for you all featuring the
Longwei Prime Pack
as well as some extra goodies,
courtesy of IVADA!
Also, we’ll be
running Season 9 for one additional week on top of the original schedule
to allow the team to polish the upcoming Season 10 and take it to the next level. We’ve been locked in on building the next season of THE FINALS, and we can’t wait to start sharing more with you all very soon!
Let’s take a look at what’s in store:

STORE UPDATE
| LONGWEI PRIME PACK

Forged in tradition, engineered for stealth
, your return to the Arena will be felt by those who will dare to attempt crossing you. This week, IVADA is proudly sponsoring the highest form of tech in THE FINALS, which is now fully embedded inside you.

THE FINALS © 2022-2026 Embark Studios AB. THE FINALS and EMBARK trademarks and logos are trademarks or registered trademarks of Embark Studios AB. NEXON trademark and logo are trademarks or registered trademarks of NXC Corporation. © 2026 Sony Interactive Entertainment LLC. PlayStation, the PlayStation Family Mark, PS5, the PS5 logo, PS4 and the PS4 logo are registered trademarks or trademarks of Sony Interactive Entertainment Inc. Microsoft, the Xbox Sphere mark and Xbox Series X|S are trademarks of the Microsoft group of companies. © 2026 Valve Corporation. Steam and the Steam logo are trademarks and/or registered trademarks of Valve Corporation in the U.S. and/or other countries. © 2026 Epic Games, Inc. All rights reserved. Unreal, Unreal Engine and their respective logos are trademarks or registered trademarks of Epic Games, Inc. in the U.S. Patent and Trademark Office and elsewhere. NVIDIA, the NVIDIA logo and the GeForce Now logo are trademarks and/or registered trademarks of NVIDIA Corporation in the U.S. and/or other countries."
HOTFIX 9.9.1,2026.02.16,https://www.reachthefinals.com/patchnotes/991,"Today, we’ve pushed Hotfix 9.9.1 aiming to resolve an issue with some broken text strings some of you may have noticed In-Game, shortly after Update 9.9 came out, due to a new system we’re using.
As always, we thank you for all the reports.
SEE YOU IN THE ARENA!

THE FINALS © 2022-2026 Embark Studios AB. THE FINALS and EMBARK trademarks and logos are trademarks or registered trademarks of Embark Studios AB. NEXON trademark and logo are trademarks or registered trademarks of NXC Corporation. © 2026 Sony Interactive Entertainment LLC. PlayStation, the PlayStation Family Mark, PS5, the PS5 logo, PS4 and the PS4 logo are registered trademarks or trademarks of Sony Interactive Entertainment Inc. Microsoft, the Xbox Sphere mark and Xbox Series X|S are trademarks of the Microsoft group of companies. © 2026 Valve Corporation. Steam and the Steam logo are trademarks and/or registered trademarks of Valve Corporation in the U.S. and/or other countries. © 2026 Epic Games, Inc. All rights reserved. Unreal, Unreal Engine and their respective logos are trademarks or registered trademarks of Epic Games, Inc. in the U.S. Patent and Trademark Office and elsewhere. NVIDIA, the NVIDIA logo and the GeForce Now logo are trademarks and/or registered trademarks of NVIDIA Corporation in the U.S. and/or other countries."
Update 9.9.0,2026.02.12,https://www.reachthefinals.com/patchnotes/990,"THE RED MOON SHALL SHINE!
2026.02.12

A beautiful moon takes over the Arena, and rising lanterns float upwards, casting a soft glow across the Arena.
The Lunar New Year festivities have officially started in THE FINALS!
Don’t miss the Lunar New Year decor scattered across many of the maps in the Arena. Pick prizes from the lanterns in the Lunar New Year collection event, and say hello to Bank It, a fan favorite returning as a limited-time mode.
Alongside a refreshed store, you can also earn a brand-new set of free Twitch drops, read about bug fixes and some balance changes to weapons like the CB-01 Repeater and more!
Check out the details below

COLLECTION EVENT
| LUNAR NEW YEAR

Light em’ up!
Complete 3 daily contracts to light up a lantern each day and
earn up to 15 free Lunar New Year-themed rewards
, including the
Legendary Final Mentra set!
We’ve also tuned the event a bit to make it easier for everyone, as you will now only need to collect 12 out of the 14 rewards in order to unlock the Legendary set! If you still end up missing a reward, the option to purchase any reward with Multibucks is also available.

LTM
| BANK IT

A classic in THE FINALS is now back as a Limited-Time Mode!
That’s right,
Bank It is making its return
as you race to eliminate your opponents and collect precious red envelopes to bring them safely to a Deposit Station. Be on your guard, the more envelopes you collect, the longer and more visible the trail behind you becomes, making you a prime target to eliminate.
Unlock vaults, eliminate your opponents, steal their envelopes, and don’t wait too long to
Bank It!

ARENA UPDATES
| LUNAR NEW YEAR DECOR

The Arena is aglow with Lunar New Year decorations lighting up selected maps.
Visit Fangwai City, Las Vegas, Monaco, Seoul, and Fortune Stadium to embrace the festive spirit!

STORE
| REVENANT SETS

It has been said that they never truly left the Arena…
Step into the boots of the mysterious spirits inside THE FINALS with the
Ling Shen and Graveward Revenant sets
and chase down your opponents in a relentless pursuit for vengeance. Oh, and…
a duck.

TWITCH DROPS
| BOOTLEG HOTLINE

Wireless. Sort of.
File your HOLTOW insurance claim hands-free thanks to your brand-new, sturdy, 45 EU-sized phone that’s been laced with the latest tech! Call a friend and make a sole-ful connection or stay dialed in from head to toe! If you listen carefully, you might even hear Oscar say
“Hello?”
Watch anyone
playing THE FINALS with Drops Enabled
to earn the
“Hello?” Emoticon
,
“Cold Call Relic” Charm
and the
“Bootleg Hotline” headwear
.
Impressive how far technology has come. This has been a real step up in communications.
Available until Feb 26.

GAME UPDATE
| BALANCE CHANGES
Weapons
BFR Titan
Decreased damage from 90 to 88
Increased manual action duration from 0.73s to 0.745s, causing the gun to fire slower
This change effectively decreases the BFR’s fire rate from 82RPM to 80.5RPM
Decreased damage falloff minimum range from 30m to 25m, giving the weapon a slightly shorter effective range
Decreased damage falloff max range from 45m to 40m, giving the weapon a slightly shorter effective range
Decreased damage falloff multiplier from 0.7 to 0.65, reducing the weapon’s damage at range
Dev Note: These changes are aimed at reducing the Heavy’s ability to ‘poke’ at ranged compared to the Medium and especially the Light, as we feel the ‘poke’ meta has become a bit too possible for the non-Light archetypes. With a low ammo weapon like the BFR, there’s little room to balance here, but we believe these changes should weaken the Heavy’s ability to ‘poke’. This and the CB-01 change were originally planned for 9.7, but held back for further testing.
CB-01 Repeater
Decreased damage from 88 to 84
Increased lever action duration from 0.71s to 0.73s, causing the gun to fire slower
This change effectively decreases the CB-01’s fire rate from 84.5RPM to 82RPM
Decreased damage falloff minimum range from 40m to 35m, giving the weapon a slightly shorter effective range
Decreased damage falloff max range from 45m to 40m, giving the weapon a slightly shorter effective range
Decreased damage falloff multiplier from 0.7 to 0.64, reducing the weapon’s damage at range
Dev Note: As with the BFR changes above, these changes are aimed at reducing the ‘poke’ strength of the Medium, while also making the Pike-335 a more comparable weapon choice for long-ranged Medium players
Cerberus 12GA
Increased pellet count from 11 to 13
Decreased damage from 9 to 8 per pellet
Updated pellet pattern to fit the new pellet count and normalize distribution, making the weapon more consistent
Decreased the heat generated per pellet to account for the extra pellets. The ignition point for players/objects catching fire should remain the same as before
Dev Note: These changes are aimed at bringing the Cerberus back to viability, without it becoming as overpowered as it has been in some previous seasons. To get the right level of overall damage, we needed to increase the pellet count to give us more room to work with. The damage per pellet was reduced to offset this a little, but the change effectively results in a buff from 99 damage per shot to 104, excluding fire damage.
LH1
Reduced camera shake from firing the weapon by approximately 50%, increasing readability between shots

GAME UPDATE
| CONTENT AND BUG FIXES
Animation
Fixed an issue where animations for throwing a Grenade or interrupting a throw could sometimes fail to play
Fixed an issue where the Flip-Out Flayer skin for the Dagger could appear to float during inspect
Improved crouch pose, turning while crouching, and slide transitions for smoother visuals and more consistent motion when transitioning to standing and running
Fixed an issue where first-person animations could continue playing after switching to third-person view (for example, by activating the Mesh Shield or the Spear’s alternate attack), causing visual inconsistencies
Fixed an issue where the left hand could shake while sliding with the .50 Akimbo Manual Ballistics skin
(Pew pew!)
Fixed an issue where a Contestant’s feet could appear misaligned during movement
Fixed an issue where switching between teammates while spectating could sometimes carry over animations and give the appearance of a player performing a Quick Melee movement
Fixed a bug where using the Gateway while swapping weapons could result in incorrect animations or deformed weapon and arm visuals
Fixed a bug where the initial spawn animation could sometimes trigger when being revived with the Defibrillator
Updated the Tracking Dart’s ADS firing animation to be less aggressive
Audio
Fixed audio stutters when sliding on stairs or debris
Fixed an issue where Quick Melee sounds from other players sometimes would not play
Fixed inconsistent sprinting footstep sounds when the Riot Shield is equipped
Added a sound when players pick up deployed Gadgets so others can hear the action
Fixed missing water impact sounds for melee hits
Fixed an issue where Repeater reload sounds could continue playing after the reload was interrupted
Fixed an issue where movement sound effects would sometimes play while idling with the Riot Shield
Cosmetics
Volpe Bout Blanket now displays the proper decal, which matches the icons
Ensured that Gala Guard Cut, Gothic Leather Pants, Bouncer Trim, Kabuto, and Tosei Gusuoku items display correctly on both High and Low graphics settings
Fixed an issue where the Contestant icon on Player Cards could appear grayed out or show an outdated look after equipping an item from the Store
Adjusted the The Fumigator facewear to prevent clipping when combined with headwear
Fixed an issue causing Catastrophe Grin (The ÖRF! mascot head) to appear low-resolution in the Contestant Screen on low settings
Fixed an issue where Light characters’ heels appeared to be floating when wearing the Ascendant Soles boots
Fixed an issue where the Pocket Pop & Play charm would activate when not visible
We’ve updated the Chart-Topper emote to better match the intended movement
Game Mode
General
Fixed an issue in the drafting screen where the team loadout overlay could appear under the wrong squad member or fail to update when teammates changed Contestants
Cashout
Fixed an issue that could occasionally cause a 7th and 8th Vault to spawn in Cashout matches
Point Break
Updated the Lockbolt to allow it to attach to Grand Vaults again
Slightly increased the effect of the Anti-Gravity Cube on Grand Vaults
Dev note: With the addition of constraint zones around the objective in 9.7, which  prevent the Grand Vaults being moved too far from their original spawn location, we feel we can now increase the impact of Anti-Gravity Cubes on the Grand Vaults without significant negative effects
Private Matches
To celebrate the Lunar New Year LTM, Bank It has been temporarily added back to the Mode pool
Gameplay
General
Fixed a bug where Practice Range Bots would stop shooting when players stood too close to them
Fixed flower pots across several maps not triggering the Fatal Florist achievement
Fixed an issue where reloading while carrying objects would not reload the Weapon correctly when playing with gamepad
Removed an unintended camera shake in spectator free-cam when observing a Contestant firing Tracking Darts
Fixed an issue where explosive canisters sometimes failed to display explosion effects, particularly when struck with melee in the Practice Range
Maps
General
Improved the look of billboard videos in Monaco and Seoul
Reduced the brightness of certain lamps in nighttime map variants to prevent glare and improve visibility
Increased the health of rooftops in Monaco and Kyoto to make them consistent with other structural elements
Temporarily removed the Duck and Cover variant due to compatibility issues with the Lunar New Year Event decor
Fixed an issue where hanging clothes and other simple destructible props, wall decals, and fixtures could remain floating or fail to break after nearby structures were destroyed
Nozomi Citadel
Polished arena signs and improved visuals and collision
Fortune Stadium
Rolled out improved destruction, adding impact damage, to deliver more consistent, reliable, and dynamic destruction
Corrected misplaced rubble piles and fixed culling and collision issues after building destruction
Fixed an issue where a staircase pillar had no collision after being destroyed
Seoul
Fixed a visual jitter that could occur when the large apartment building collapses
Fixed a railing near the Data Center that could not be destroyed
Fixed an issue where apartment buildings didn’t respond correctly to environmental damage
Fangwai City
Adjusted the tournament intro lighting to improve visibility
Fixed a gap in the ground that could appear after destroying a building
Corrected flickering on an uphill road section
Adjusted Zipline and Jump Pad placement
SysHorizon
Fixed doorframes to resolve visibility issues in multiple locations
Kyoto
Temple ceiling decorations now break when the supporting structure is destroyed to improve consistency
Fixed three ladders to improve traversal reliability
Adjusted a garden Zipline to better align with nearby Jump Pads
Reduced light leakage on rooftops to improve lighting quality
Trees can now be destroyed by the environment
The Pagoda has received Smooth Destruction to allow for more dynamic collapses and knock-on effects
Updated banners to break on touch so they no longer block rockets and grenades
Las Vegas Stadium
Fixed visible floor gaps in the Engimo building
Bernal
Fixed an issue where multiple suspended structures could collapse after removing a single hook
Skyway
Fixed a weak spot in the destruction that could cause parts of a building to collapse incorrectly
Performance
Improved performance of environmental destruction updates, especially regarding small changes to large structures
Fixed an issue where the shader stutter warning could appear incorrectly during gameplay
Reduced frame hitches when loading player assets during matches
Shader preloading is now significantly faster in subsequent runs
FSR and DLSS Frame Generation now requires a restart to turn on in the settings and will reduce the memory usage and latency, especially with vsync turned on
Optimized CPU performance of in-game billboard videos
Fixed an issue where changing graphics settings could cause Weapons or hands to appear distorted or to temporarily not render
Reduced hitches and stutters when items and cosmetics are granted or when switching Contestants
Social
Fixed an issue where typing past the 16-character limit when editing your Embark ID could disable the Confirm button
Fixed a bug where friends who set ""Show As Offline"" could disappear from the Friends list until reopening the Social menu
Fixed an issue where Point Break was missing from the Clubs preferred game mode list, making it selectable again in the Playstyle dropdown
Platform friends who choose to appear offline are now shown as offline in Clubs, and inviting to Party from the Clubs screen respects their hidden status
Fixed an issue where the Club Contracts tab could show placeholder icons or hide contracts when using languages other than English
Console players can now open a player's profile directly from the match summary scoreboard
Embark ID is now the primary name shown across all platforms. On consoles, platform display name is also shown next to the platform icon on player profiles
Specializations
Winch Claw
Fixed an issue where the Winch Claw sometimes wouldn't work when activated immediately after vaulting
Fixed an issue where a Charge N Slam from teammates could cancel Winch Claw hooks, causing hooks to break unexpectedly
Spectator
Fixed several issues with the Statue camera: it now respects the option to avoid spectating statues, no longer switches to destroyed statue markers, prevents jitter when teammates block the view, and removes a brief jump to an unrelated location when your team is eliminated
Spectating now works as intended and updates the spectated statue’s status correctly
Fixed cases where switching to Free-Fly Cam at the moment the viewed player is eliminated could leave the camera tilted or keep unintended camera effects
Fixed an issue where the spectator camera could get stuck or lose its target after the last followed player was eliminated
Stability
Fixed a rare client crash
Fixed a crash that could occur at the end of a match in scenarios involving the Anti-Gravity Cube
UI
Fixed an issue where the player marker scale option didn’t change the actual marker size
Fixed a bug where adding a secondary keybind overwrote the primary keybind in the next round
Fixed an issue where creating a new default Outfit could replace thumbnails of previously saved Outfits
Fixed an issue where deleting a duplicated Outfit could turn some thumbnails black
Fixed an issue where the post-elimination Player Card could appear blank or show a hologram instead of the correct Contestant model
Fixed an issue where the first loadout icon could appear blurry after launching the game
Increased visibility of on-screen hit markers against solid-color backgrounds
Adjusted controller bindings for the Equipment Wheel preset: fixed overlap between Ping and the Communication Wheel so pinging works again, restored the Equipment Wheel direction on the gadget radial, and moved Go To Marker to the right face button
Added clearer communication to the end of round in Point Break to enhance player understanding of match outcomes

SECURITY
| ANTI-CHEAT UPDATE
Hello from the Anti-Cheat team!
In the patch notes for Update 9.0 we described how we’ve been significantly increasing our cheat detection capabilities, enabling us to detect even more types of cheats with higher precision. In this update, we want to give you an idea of how some of this technology works to help give you a better sense of what we’ve been doing, and to address some worries we’ve seen the community discussing related to the notion of false bans.
To start off, I think we should put cheating in THE FINALS into some kind of context. At present, on any given day and calculated across all players, only about 0.02% of players receive a ban. This is a relatively small number of bans, but online discussions can make it seem otherwise.
So how do we know bans aren’t false? Let’s examine one example that showcases the kinds of detections we have been working on and the process we go through before introducing them into the game.
In THE FINALS, weapon recoil must be manually controlled. Each burst generates hundreds of mouse or controller inputs. Human recoil control produces organic, noisy patterns.

Our newer anti-cheat systems include machine learning models trained for months on both real player data and known cheat data. They analyze input patterns and distinguish human control from scripted behavior. Once these models were fully trained and able to accurately differentiate between cheats and real players, we began to deploy them to the live game. To protect our players from false bans, we started conservatively with each new model, to gain confidence in the detections. All the while, tuning parameters. We apply strict detection thresholds that players have to pass to even be considered for a ban.
When introducing a new detection rule, and periodically over time, we manually evaluate incoming ban appeals to ensure accuracy. We are now at a point where we are extremely confident in our current models. In all recent manually reviewed cases, the results have been correct.  Although detection could technically occur within minutes, we intentionally accumulate data over longer periods before issuing bans in order to collect enough data and ensure a high confidence. This means that a single moment of excellent recoil control will not trigger the system.
Because monitoring happens over time, the exact timing of a ban is not necessarily meaningful. It simply reflects the point at which sufficient data has been collected. This protects against false positives and prevents cheaters from reverse-engineering detection thresholds. Some of the current chatter around false bans likely comes from cheaters themselves. Models deployed over the last six months are catching cheats that previously went undetected, including players who avoided bans for long periods. We monitor cheat forums and Discord servers, and their recent reactions reflect that impact.
So the banhammer is not swinging indiscriminately,
it’s dealing out precision blows.
Before we wrap up this update, we’d like to encourage you all to consider and examine any of the configuration software you might be using for keyboards and mice. Increasingly, manufacturers add scripting capabilities to a lot of their peripheral devices, and some might have default settings which could provide unfair advantages and trigger detections from anti-cheat solutions. These are often more easily reviewable on appeal, but our advice is that if you want to avoid potential issues, it’s always good to understand exactly what you’re installing.
///Magnum

THE FINALS © 2022-2026 Embark Studios AB. THE FINALS and EMBARK trademarks and logos are trademarks or registered trademarks of Embark Studios AB. NEXON trademark and logo are trademarks or registered trademarks of NXC Corporation. © 2026 Sony Interactive Entertainment LLC. PlayStation, the PlayStation Family Mark, PS5, the PS5 logo, PS4 and the PS4 logo are registered trademarks or trademarks of Sony Interactive Entertainment Inc. Microsoft, the Xbox Sphere mark and Xbox Series X|S are trademarks of the Microsoft group of companies. © 2026 Valve Corporation. Steam and the Steam logo are trademarks and/or registered trademarks of Valve Corporation in the U.S. and/or other countries. © 2026 Epic Games, Inc. All rights reserved. Unreal, Unreal Engine and their respective logos are trademarks or registered trademarks of Epic Games, Inc. in the U.S. Patent and Trademark Office and elsewhere. NVIDIA, the NVIDIA logo and the GeForce Now logo are trademarks and/or registered trademarks of NVIDIA Corporation in the U.S. and/or other countries."
HOTFIX 9.8.1,2026.02.10,https://www.reachthefinals.com/patchnotes/981,"COMING IN HOT!
2026.02.10
Hello, Contestants!
We just released a hotfix for Steam and WinGDK which proactively prevents a crash caused by an upcoming Windows update later today.
The Windows issue will only affect users on enterprise-managed Windows 11 devices, but as long as you update THE FINALS, you will not experience this issue!

Update 9.9 is only a couple days away, and it’s going to be a banger - we’re banking on it!

THE FINALS © 2022-2026 Embark Studios AB. THE FINALS and EMBARK trademarks and logos are trademarks or registered trademarks of Embark Studios AB. NEXON trademark and logo are trademarks or registered trademarks of NXC Corporation. © 2026 Sony Interactive Entertainment LLC. PlayStation, the PlayStation Family Mark, PS5, the PS5 logo, PS4 and the PS4 logo are registered trademarks or trademarks of Sony Interactive Entertainment Inc. Microsoft, the Xbox Sphere mark and Xbox Series X|S are trademarks of the Microsoft group of companies. © 2026 Valve Corporation. Steam and the Steam logo are trademarks and/or registered trademarks of Valve Corporation in the U.S. and/or other countries. © 2026 Epic Games, Inc. All rights reserved. Unreal, Unreal Engine and their respective logos are trademarks or registered trademarks of Epic Games, Inc. in the U.S. Patent and Trademark Office and elsewhere. NVIDIA, the NVIDIA logo and the GeForce Now logo are trademarks and/or registered trademarks of NVIDIA Corporation in the U.S. and/or other countries."
Update 9.8.0,2026.02.05,https://www.reachthefinals.com/patchnotes/980,"IT’S TIME TO SCORE!
2026.02.05
Hello, Contestants!
We’re kicking off the return of
Super Cashball for a special weekend,
with a brand-new fresh field on the CA$HBALL STADIUM, your team’s outfits, and a shiny new ball! Grab your cleats and get ready to tackle some grass stains and some Contestants!
We’re gearing up for love day with a new Event Battle Pass!
The Heartbreaker ‘26 Pass
, perfect for the upcoming Valentine’s Day. Whether you get it for yourself or a loved one, it is sure to make an impact! Show your love in the Arena, but also please focus on the objective…

LTM
| SUPER CASHBALL WEEKEND

SUPER CASHBALL returns for
five days only
in a high-stakes weekend event, putting teamwork, timing, and smart plays at the center of the action! Squads will
face off in 5v5 matches
where crisp passes, clutch scores, and every decision can turn the score. It’s all about reading the field, trusting your lineup, and cashing in when it counts.
Time to hit the locker room!

EVENT
| HEARTBREAKER ‘26 PASS

Cupid doesn't miss, and neither does this pass!
Fall hard into the Arena with the HEARTBREAKER ’26 Pass.
Two full pages of unlockable gear
that will get your heart racing await you in this limited-time holiday Battle Pass!
Get it before it's gone,
but
once you have it, unlock it at your own pace!
Love hurts, but so does everything else in the Arena!

STORE
| FIZZY LINEBREAKER

POP. POUR. GOAL!
Let the whole Arena know OSPUZE has your back with the
Fizzy Linebreaker set.
Built for your protection and
definitely
not
for your opponent's comfort once they meet your padded shoulders. Match it with the
Homecoming Reign and Homecoming Hit sets
for the perfect blend of sporty and spirited!

TWITCH DROPS
| FIELD TRAINED

We’re adding two new additional drops to the current rotation!
You can now also earn the
Game Plan Multidevice Screen and the Iron Spiral Frag Grenade
by watching anyone playing THE FINALS with Drops Enabled. Whether you want to feel the grass beneath your feet or watch the game from the bleachers, you’ve got two new ways to celebrate SUPER CASHBALL WEEKEND!
*Drops available until Feb 12

THE FINALS © 2022-2026 Embark Studios AB. THE FINALS and EMBARK trademarks and logos are trademarks or registered trademarks of Embark Studios AB. NEXON trademark and logo are trademarks or registered trademarks of NXC Corporation. © 2026 Sony Interactive Entertainment LLC. PlayStation, the PlayStation Family Mark, PS5, the PS5 logo, PS4 and the PS4 logo are registered trademarks or trademarks of Sony Interactive Entertainment Inc. Microsoft, the Xbox Sphere mark and Xbox Series X|S are trademarks of the Microsoft group of companies. © 2026 Valve Corporation. Steam and the Steam logo are trademarks and/or registered trademarks of Valve Corporation in the U.S. and/or other countries. © 2026 Epic Games, Inc. All rights reserved. Unreal, Unreal Engine and their respective logos are trademarks or registered trademarks of Epic Games, Inc. in the U.S. Patent and Trademark Office and elsewhere. NVIDIA, the NVIDIA logo and the GeForce Now logo are trademarks and/or registered trademarks of NVIDIA Corporation in the U.S. and/or other countries."
CASHOUT | SPAWN CHANGES,2026.02.02,https://www.reachthefinals.com/patchnotes/971,"Hey there, Contestants!
Over the past few weeks, we’ve been running small live tests of an
updated Vault and Cashout spawn system
, and we’ve been really happy with what we’ve seen so far. We left it enabled over the weekend, and based on both data and player experience, we’re confident enough to keep it on going forward.
Some of you eagle-eyed Contestants already noticed these changes, and pointed them out!
As with all things,
your feedback is important
, and we’ll be looking for your impressions.
What do you think, did you notice a change in the past few days?
Here are the details below

GAME UPDATE
| BALANCE CHANGES
Game Modes
Cashout/Ranked Tournaments
Introduced a new system for the spawn logic of Vaults and Cashout Stations, which more reliably pairs Vaults with Cashouts, aiming to keep them roughly 50m-110m apart from each other.
This change impacts Cashout rounds only, with the tournament's Final Round using its own system.
Dev: For some time now the logic we’ve used to spawn Vaults and Cashout Stations has been prone to either placing two Cashout Stations in the same half of the map, or placing Vaults almost equidistant between two Cashout Stations. Both of these scenarios increase the rate of third-party encounters and can cause a lot of frustration for players, as well as hindering the mode's pacing.
This new system pairs Vaults with Cashout Stations, leading to less accidental third-parties and making it more clear what the best Cashout Station is to take your Vault to.
This new system has already been tested in the live game over the last few weeks, being turned on for a small number of hours across a few different test windows. Based on the data we’ve gathered from these, we’re happy with the results so are now turning the system on permanently.

THE FINALS © 2022-2026 Embark Studios AB. THE FINALS and EMBARK trademarks and logos are trademarks or registered trademarks of Embark Studios AB. NEXON trademark and logo are trademarks or registered trademarks of NXC Corporation. © 2026 Sony Interactive Entertainment LLC. PlayStation, the PlayStation Family Mark, PS5, the PS5 logo, PS4 and the PS4 logo are registered trademarks or trademarks of Sony Interactive Entertainment Inc. Microsoft, the Xbox Sphere mark and Xbox Series X|S are trademarks of the Microsoft group of companies. © 2026 Valve Corporation. Steam and the Steam logo are trademarks and/or registered trademarks of Valve Corporation in the U.S. and/or other countries. © 2026 Epic Games, Inc. All rights reserved. Unreal, Unreal Engine and their respective logos are trademarks or registered trademarks of Epic Games, Inc. in the U.S. Patent and Trademark Office and elsewhere. NVIDIA, the NVIDIA logo and the GeForce Now logo are trademarks and/or registered trademarks of NVIDIA Corporation in the U.S. and/or other countries."
Build Your Fame | The Grand Major 2026,2026.01.30,https://www.reachthefinals.com/patchnotes/tgm26-2,"Hey Contestants!
As the dust finally settles from TGM25, and the crazy rostermania we’ve experienced over the holiday season, the time has come for us to announce our full esports plans for 2026!
Introducing the Regional Fame Index
The Regional Fame Index (RFI) is our official ranking system. It’s a global leaderboard that tracks your team's competitive achievements.
1. Compete in officially sanctioned tournaments.
2. Earn points based on your performance.
3. Climb the leaderboard and clear your path towards The Grand Major.
Points are awarded at the end of each sanctioned event based on your final placement. The better you place, the more points you earn. Points decay over time, which means that consistency is king. Teams that show up and perform throughout the season will be rewarded.
For example, if your team earns 250 points in March, these points are worth 188 by August and 125 by December. Stay consistent and stay sharp!
The RFI season runs from February through August. By September, we lock the leaderboards and use the standings to determine the qualification paths to The Grand Major. Be the best and you’re through to TGM26, do well and you’ve secured your spot in the Closed Qualifiers. Your last chance is the Open Qualifiers - it’s never too late to reach THE FINALS, all roads lead to TGM26!
For full details on how points are calculated, decay timelines, and roster rules, check out our documentation: (
Regional Fame Index
)
Current RFI Standings
To kick-start the 2026 RFI season, 1000 RFI points have already been distributed across the top 8 finishers from The Grand Major 2025. If you watched TGM25, you’ll recognize some of these names, though a few have found new homes since.

How To Compete
In 2026, THE FINALS competitive scene is structured into two tiers that matter for your path to the top:
Tier 1: The Grand Major
Our flagship event of the year! The highest point value and the title of World Champions on the line, under pressure, on stage in front of our amazing crowd!
Tier 2: Prestige Events
Officially sanctioned, community-run tournaments that award RFI points. Organizers must meet our competitive standards including open qualifier paths, so every team has a chance to compete. Multiple Prestige Events will run across EMEA, AMERICAS, and APAC throughout the season.
Your Path to The Grand Major
Here's how your RFI performance translates into qualification:
1st in your region → Direct invitation to The Grand Major
2nd-5th → Direct invitation to Closed Qualifiers.
6th-9th → Invitation to later stages of Open Qualifiers.
Everyone else → Open Qualifiers - It’s never too late to reach THE FINALS!
New for 2026
South America:
The top 4 South American teams on the AMERICAS RFI leaderboard will be invited to an exclusive SA qualifier in late Q3 2026, with the winner earning a direct invitation to the AMERICAS Closed Qualifiers.
APAC:
This region is officially in the ecosystem! Teams across Asia-Pacific, Oceania, and China now have their own regional leaderboard and qualification path to The Grand Major.
No matter where you are or how you rank, there is a path to the biggest stage in THE FINALS.
For Tournament Organizers
We said in the previous post that we were doubling down on grassroots communities, and now we’re encouraging all community tournament organizers to be part of the road to the big stage! We're looking for tournament organizers across all regions to run sanctioned Prestige Events during the 2026 season.
Approved organizers receive official Embark endorsement, eligibility to award RFI points, and listing on THE FINALS esports calendar. You bring the event, we provide you with the framework and the global leaderboard.
Full details on requirements, sanctioning processes, and how to apply: (
Tournament Organizer Guideline
)
How to stay in the Loop
We’re currently revamping our esports portal on
reachthefinals.com
, with a Work-in-progress version live right now! Here you’ll find the RFI leaderboard, calendar of upcoming Prestige events as well as news and helpful links:
reachthefinals.com/esports
What’s Next
February: The RFI season begins! Sanctioned events are now operating.
February → August: Compete, earn points and climb the leaderboard.
September: Leaderboards lock, qualification paths are confirmed.
Late 2026: The Grand Major 2026.
Your road to TGM26 starts now!
Our esports ecosystem is community-powered and runs alongside the game's continued development, this is built for the players, with us right beside you.
Full Documentation:
Regional Fame Index
Tournament Organizer Guidelines
Embark Esports Global Rulebook
We’ll be sharing more details on upcoming sanctioned events, confirmed organizers, and the competitive calendar soon. For now you can form your team and get ready to reach THE FINALS!
See you in the arena!

THE FINALS © 2022-2026 Embark Studios AB. THE FINALS and EMBARK trademarks and logos are trademarks or registered trademarks of Embark Studios AB. NEXON trademark and logo are trademarks or registered trademarks of NXC Corporation. © 2026 Sony Interactive Entertainment LLC. PlayStation, the PlayStation Family Mark, PS5, the PS5 logo, PS4 and the PS4 logo are registered trademarks or trademarks of Sony Interactive Entertainment Inc. Microsoft, the Xbox Sphere mark and Xbox Series X|S are trademarks of the Microsoft group of companies. © 2026 Valve Corporation. Steam and the Steam logo are trademarks and/or registered trademarks of Valve Corporation in the U.S. and/or other countries. © 2026 Epic Games, Inc. All rights reserved. Unreal, Unreal Engine and their respective logos are trademarks or registered trademarks of Epic Games, Inc. in the U.S. Patent and Trademark Office and elsewhere. NVIDIA, the NVIDIA logo and the GeForce Now logo are trademarks and/or registered trademarks of NVIDIA Corporation in the U.S. and/or other countries."
Update 9.7.0,2026.01.29,https://www.reachthefinals.com/patchnotes/970,"STAY ON THE MOVE!
Hey there, Contestants!
This week, we are bringing a bunch of bug fixes, some performance improvements, changes to Point Break, balance changes and more! The recent DDoS attacks have also been largely mitigated by now, so the game should be back to normal service!
Check out the full notes below.

SOCIAL |
DISPLAY NAME
As part of our ongoing process of protecting the game from bad actors, we have introduced new rules for your Embark ID Display Name that will make it easier for our moderation tools to find offensive names.
If your Display Name did not fit in the new rule system, it was likely changed, with no cooldown so you can pick a new one easily. You can change your name in the settings menu by going to
Settings > Social > Account
, then choose
Edit Embark ID.
If you were affected by this change, you may also have received an inbox message warning about possible permanent bans. That message was sent by mistake, and we are sorry for the confusion it caused. Please disregard it. Only accounts with display names that were clearly and severely inappropriate were meant to receive that warning.

NEW REWARD
|
THE VOLTAGE MARAUDER SET
Are you a full-on Embark stan?
Earn the
Voltage Marauder Set in THE FINALS
when you own
ARC Raiders
! Simply connect your same Embark ID account across both games, then sit back, and watch the rewards roll in.

STORE UPDATE
| PEAK-FORM STRIKER
Send your opponents down a slippery slope in style with the Peak-Form Striker and the Slope Slammer sets. And you know what, sometimes you just need to get right to the point: We added Finger guns.

WORLD TOUR
| ORBITAL BREACH
Watch out, Contestants, Orbital Breach has been enabled in the Arena. You will have to think twice about taking a break in the corner of a room as this event combines Hackout, letting you see nearby opponents through walls, and Orbital Lasers, targeting anyone standing still for too long. Use this to your advantage but remember, other teams will as well.

DLC
| GLITCH PROWLER SET

Let your feline side take over and leave no chance to the competition with the Glitch Prowler Set. Embrace the cuteness, lull your opponents in a false sense of security, and strike :3
Glitch in, start the hunt, and always land on your feet!

OPTIMIZATION
| LONG-TERM IMPROVEMENTS
As a part of our ongoing performance work, this patch has tons of small performance fixes for objects used on Bernal, Nozomi, Seoul. We’ve made dozens of micro changes that may not spell out noticeable improvements this time, but there are hundreds more planned and together they’ll build a better experience overall, change by change.

TWITCH DROPS
| GREENROOM GLITCH

Foomp - Foomp foomp foomp - BRRT BRRT
We have a brand new set of free Twitch drops ready for you to grab!
Simply watch anyone playing THE FINALS with Drops Enabled to be eligible to earn the
Greenroom Glitch CL40
for 1 hour,
Greenroom Glitch MGL32
for 2 hours and the
Greenroom Glitch 93R
for watching 4 hours!
*Drops available until Feb 12

GAME UPDATE
| BALANCE CHANGES
Gadgets
Dome Shield
Decreased health from 300 to 250
Dev Note: The Dome Shield has essentially been a ‘must have’ for Heavy players for quite some time and does lack a range of hard counters. This is especially bad in double Heavy team compositions, where they’re able to spam Dome Shields. This adjustment aims to reduce the value of the item in the short term. Longer term, we’d like to introduce more shield counters to better balance out the Dome Shield and Mesh Shield.
Glitch Grenade
Increased ammo from 1 to 2
Increased cooldown from 12 to 25 seconds
Dev Note: Our changes to Glitch Grenade in 9.0 aimed to ask more of players when it came to Glitch Grenade placement, by removing the second, immediately available grenade. In hindsight, we see that this has been too punishing and removed some key utility, so we’ve decided to return to having two ammo. To add more cost to Glitch usage though, the cooldown has been raised to 25 seconds.
Game Modes
Point Break
Added constraint zones around Grand Vaults, preventing them from being moved too far from their initial spawn point
Dev note: Moving objectives is something we feel is part of the ‘Dynamism’ pillar in THE FINALS. However, we want to make sure it remains fun and balanced. In Point Break especially, the location of the objective can quickly shift the balance of the mode. With this change we aim to reach a nice balance between dynamic objectives and a reliable Point Break match experience.
Added the ability to spectate from the position of your Revive Statue when eliminated in Point Break mode
SYS$Horizon: Adjusted the location of an attacker spawn in phases two and three, to better balance the distances as the objectives progress
Bernal: Adjusted the location of an attacker spawn in phase two, to better balance the distances as the objectives progress
Bernal: Added ladders for comfortable flow from the adjusted spawn location to objectives
Weapons
FCAR
Increased damage from 22 to 23
Decreased rate of fire from 540 RPM to 520 RPM
Dev Note: We’ve seen both ‘poke’ (long ranged, high damage) and ‘brawl’ (short ranged, high damage) weapons increasingly becoming the top weapons in the meta over the last season or so, and this was never really intentional. It’s left a lot of automatic weapons struggling performance wise by comparison, so we’re making various small nudges to a range of automatic weapons in 9.7 to help them out. This FCAR change, a small buff in overall DPS for the weapon, is one of those.
M60
Decreased dispersion when aiming down sights while standing and moving, making the weapon more accurate
Decreased dispersion when firing from the hip, in some stances, where the dispersion level could reach unintended extreme values
Dev Note: These changes should make the M60 feel easier to use, hopefully bringing it closer to the Lewis Gun in usage.
P90
Increased damage falloff minimum range from 16m to 18m, giving the weapon a slightly longer effective range
Increased damage falloff max range from 22m to 24m, giving the weapon a slightly longer effective range
Dev Note: Similar to the FCAR change above, this is to increase the P90’s viability.
Pike-556
Increased damage from 48 to 49
Dev Note: Our last round of changes to the Pike-556, along with the CB-01’s overall performance, have really hurt the Pike’s popularity in a serious way. This small tweak should bump its viability.
XP-54
Increased rate of fire from 860 RPM to 880 RPM
Dev Note: Another FCAR-like change, hopefully boosting the XP-54’s viability.

GAME UPDATE
| CONTENT AND BUG FIXES
Animation
Gateway
Fixed an issue where some actions (such as throwing a grenade, backstabs, reloads, etc) could visually reset when passing through a Gateway
Audio
Added new commentator voice lines in Point Break when the Grand Vault is activated or deactivated
Fixed an issue where all sound effects could stay muted after leaving a paused Private Match until the game was restarted
Polished commentator audio when a stolen Cashout is taken back
Fixed an issue where custom bow audio could be heard by other players
Fixed an issue where fountain water sound effects continued playing after the fountain was destroyed
Fixed mismatching vocalizations and breathing sounds for the ""Deep” voice
Fixed an issue where the match intro commentary did not play at the start of Quick Cash on Fangwai City
Set the ""Revive Request"" dialogue cutoff distance to 100 m so it only plays for nearby squad members
Contracts
Clarified Rookie ""Arena Challenges"" objectives to require completing a challenge (not just playing), and fixed ""Deal 5,000 damage with Gadgets"" so Guardian Turrets no longer progress it
Fixed unreliable tracking for the ""Deal damage with grenades"" contract (including CL40 damage)
Fixed the broken Sky Bridge Saboteur Achievement in Seoul
Fixed issue where the 'Get X eliminations in a single match, X times' contract could be progressed multiple times during a single match
Cosmetics
Fixed a visual issue where the Baggy Battle Cargos could push the feet inward
Fixed some items looking too different depending on the video quality settings
Fixed an issue where the Frostclava could clip with faces
Improved clarity of loadout and contestant preview icons
Fixed cases where textures could appear low-resolution, such as the first loadout icon and certain masks on low settings
Fixed an issue where the Frostbite Flyer skin on the Frag Grenade could appear to glow unnaturally in shadowed areas
Fixed an issue where equipped Multi-Device skins, charms, and stickers were not shown on the tablet preview from the loadout overview
Fixed issue where some longer capes and cloaks would not attach properly
Gameplay
Fixed an issue where movement input could become temporarily unresponsive after network connection problems
Fixed an issue where players revived with the Defibrillator during Point Break phase transitions could respawn in the wrong area
Maps
Fangwai City
Fixed several spots where players could stand on invisible collision
Restored missing stairs to improve navigation
Fixed an issue where a street could appear excessively bright on PS4
Kyoto
Added a path from the Villa Compound into the courtyard behind the Entrance building
Spread out barrel spawn points to prevent chain reactions
Las Vegas
Fixed a visual issue where a wall could display broken materials after destruction
Monaco
Fixed boxes that could float in the air after the floors were destroyed
Fixed window collision that could block players from climbing through
Practice Range
Updated the S8 trophy leaderboards and added the S9 Snowball Blitz trophy
Fixed an exploit where players could escape the map by using Goo
Skyway Stadium
Fixed an issue where the construction cranes bottom section could not be destroyed
Performance
Adjusted texture sampling setting to improve Xbox GPU performance
Improve performance and movement around stairs, elevators, and escalators
Ongoing GPU optimization for Las Vegas
Social
The Stay as a Party feature has been updated with new animations and sounds
Added an option to appear offline, hiding your online status from other players
Dev Note: Please note that if you are also friends on other platforms, such as Steam, you need to set yourself as “invisible” there as well.
Restricted the allowed characters in Display names to create a more streamlined and easily moderated system
Scoreboard and social menus now display the correct platform icon
Specialization
Dematerializer
Fixed an issue where the Dematerializer could consume a charge without dematerializing anything
Spectator
Fixed an issue where the spectator camera zoom distance would drift when using a gamepad
Stability
Fixed a crash in the store menu on PlayStation
UI
Added a subtle shimmer effect to game mode buttons when pressed
Fixed a bug where buying Battle Pass levels could cause gamepad focus to be lost, preventing navigation until leaving the menu
Fixed an issue where the Match Recap timeline could list squads in the wrong order
Improved the accuracy of cash totals when selecting a bar in the Match Recap Timeline
Improved controller navigation reliability in the main menu by restoring focus automatically after certain actions
Fixed a one-frame flash at the start of certain UI animations, including the Player Card
Polished the Stay as a Party avatar animation for smoother visuals and improved pulse timing
Fixed the Match Recap screen in TDM sometimes showing the wrong team's winning score
Fixed an issue where the Scoreboard could get stuck if held open when the round ended in TDM
Fixed Motion Blur Mode and Lens Distortion settings sometimes showing incorrect states after resetting video settings to default
Fixed an issue where Player Cards could appear missing or as black tiles in the Match Recap and other screens
Fixed an issue where the pickup prompt appeared even when glitched or nullified
Match Recap in Power Shift now shows the final win bonus cash (including Overtime wins), so the last bar reflects the full amount awarded to the winning team
Fixed the Grand Vault to show the correct value at round start and update during its animation.
Improved Attacker and Defender labels in Point Break
Fixed an issue where multiple tournament brackets could appear at once on the Ranked Tournament and World Tour screens
VFX
General
Fixed an issue where the H+ Infuser’s healing visuals could look incorrect when healing a teammate
Kyoto
Fixed wrongly assigned destruction materials on wooden beams
Fixed an issue where boats moved in an unrealistic way
Fixed issue where Concrete Canopy would cause some Weapons to render incorrectly
Added subtle movement to the water to improve visual clarity

THE FINALS © 2022-2026 Embark Studios AB. THE FINALS and EMBARK trademarks and logos are trademarks or registered trademarks of Embark Studios AB. NEXON trademark and logo are trademarks or registered trademarks of NXC Corporation. © 2026 Sony Interactive Entertainment LLC. PlayStation, the PlayStation Family Mark, PS5, the PS5 logo, PS4 and the PS4 logo are registered trademarks or trademarks of Sony Interactive Entertainment Inc. Microsoft, the Xbox Sphere mark and Xbox Series X|S are trademarks of the Microsoft group of companies. © 2026 Valve Corporation. Steam and the Steam logo are trademarks and/or registered trademarks of Valve Corporation in the U.S. and/or other countries. © 2026 Epic Games, Inc. All rights reserved. Unreal, Unreal Engine and their respective logos are trademarks or registered trademarks of Epic Games, Inc. in the U.S. Patent and Trademark Office and elsewhere. NVIDIA, the NVIDIA logo and the GeForce Now logo are trademarks and/or registered trademarks of NVIDIA Corporation in the U.S. and/or other countries."
Store Update 9.6.0,2026.01.22,https://www.reachthefinals.com/patchnotes/960,"We’re still making up for the skewed holiday schedule, so this week is a store update and an adjustment to matchmaking in Ranked Cashout.
Next week, you can expect to see bug fixes, balance changes, and a few additional content drops. If you’ve been keeping an eye on the World Tour Screen, you know that Super Cashball Weekend is coming in 9.8, so locate your cleats and get ready to go for the goal, along with a few more sweet surprises on the horizon!
Check out the tactical trio we’ve added today

STORE UPDATE
| BLIZZARD OPS CREW
Tactical gear for tacti-cool people like you! Helmet, vest, camo.. It’s time to gear up for the Arena with this brand new
Blizzard Ops Crew set
. And if you’re feeling like matching your arsenal with your clothing, the
Tundra Striker Pack
is the perfect choice.
They’ll never see you coming...

GAME UPDATE
| CONTENT AND BUG FIXES

Matchmaking
Ranked Cashout
Made a slight adjustment to Ranked matchmaking to lower the chances that Ruby/Diamond players might face Platinum/Gold players during very off-peak times of the day. This may increase the wait times for Ruby players during those time periods

THE FINALS © 2022-2026 Embark Studios AB. THE FINALS and EMBARK trademarks and logos are trademarks or registered trademarks of Embark Studios AB. NEXON trademark and logo are trademarks or registered trademarks of NXC Corporation. © 2026 Sony Interactive Entertainment LLC. PlayStation, the PlayStation Family Mark, PS5, the PS5 logo, PS4 and the PS4 logo are registered trademarks or trademarks of Sony Interactive Entertainment Inc. Microsoft, the Xbox Sphere mark and Xbox Series X|S are trademarks of the Microsoft group of companies. © 2026 Valve Corporation. Steam and the Steam logo are trademarks and/or registered trademarks of Valve Corporation in the U.S. and/or other countries. © 2026 Epic Games, Inc. All rights reserved. Unreal, Unreal Engine and their respective logos are trademarks or registered trademarks of Epic Games, Inc. in the U.S. Patent and Trademark Office and elsewhere. NVIDIA, the NVIDIA logo and the GeForce Now logo are trademarks and/or registered trademarks of NVIDIA Corporation in the U.S. and/or other countries."
Update 9.5.0,2026.01.15,https://www.reachthefinals.com/patchnotes/950,"Hello Contestants!
Alongside some brand-new content, a sale in the Store and the return of a Cashout Event, we are pushing some important bug-fixes with this update. See you in the Arena!
Check out all the details below

STORE UPDATE
| SNOW POSER SET
Shoveling your neighbor’s driveway? Forget about that, there are better uses for a snow shovel in the Arena, such as clearing away your opponents. The Snow Poser Set brings everything you need to handle the Arena’s wintery weather in style.
We’re also running
a sale on some of the most popular bundles
from the past, so don’t forget to check those out!

CASHOUT EVENT
| VERTIGO!
Reach new heights with the return of a classic event in Cashout:
Vertigo!
Once the event is active during a match, you’ll gain the ability to perform
a double jump
, defying the rules of gravity. Use this to your advantage and take unexpected routes towards the objective.
It’s time to reach new heights!

GAME UPDATE
| CONTENT AND BUG FIXES
Maps
Fangwai City
Fixed a lighting issue which caused some areas on the map to be overly bright
Weapons
General
Fixed issue where the weapons would reload while switching to the specialization
FAMAS
Fixed an issue which turned the FAMAS into a fully-automatic weapon when switching to it from a Healing Beam
Security
Disabled a launch command enabling unintended access to a developer console
Stability
Fixed a common animation crash
Game Modes
Private Matches
Fixed an issue preventing some players to connect to a Private Match when a spectator is present
Removed the ability to select a non-functional version of the P.E.A.C.E Center map

THE FINALS © 2022-2026 Embark Studios AB. THE FINALS and EMBARK trademarks and logos are trademarks or registered trademarks of Embark Studios AB. NEXON trademark and logo are trademarks or registered trademarks of NXC Corporation. © 2026 Sony Interactive Entertainment LLC. PlayStation, the PlayStation Family Mark, PS5, the PS5 logo, PS4 and the PS4 logo are registered trademarks or trademarks of Sony Interactive Entertainment Inc. Microsoft, the Xbox Sphere mark and Xbox Series X|S are trademarks of the Microsoft group of companies. © 2026 Valve Corporation. Steam and the Steam logo are trademarks and/or registered trademarks of Valve Corporation in the U.S. and/or other countries. © 2026 Epic Games, Inc. All rights reserved. Unreal, Unreal Engine and their respective logos are trademarks or registered trademarks of Epic Games, Inc. in the U.S. Patent and Trademark Office and elsewhere. NVIDIA, the NVIDIA logo and the GeForce Now logo are trademarks and/or registered trademarks of NVIDIA Corporation in the U.S. and/or other countries."
Update 9.4.0,2026.01.08,https://www.reachthefinals.com/patchnotes/940,"Back in Action!
2026.01.08
Welcome, Contestants!
It’s the first week back in 2026 and we’ve packed this week’s update with a long list of bug-fixes, some balance changes, and performance improvements, all detailed below. Check it out, keep warm, and…
SEE YOU IN THE ARENA!

SNOWBALL BLITZ
|
LAST CHANCE
This is the last week of Snowball Blitz, so make a pile of snowballs and turn in those contracts!
STORE UPDATE
| P1XEL REIGN CREW
This week, the crowd is about to go absolutely wild!
C-Pop group
P1XEL REIGN
have entered the Arena and they’re here to take the spotlight from everyone!  Do you have what it takes to face them?

TWITCH
| NEW FREE DROPS
Do you know what’s so cool about these brand-new, free Twitch drops? They’re orange!
Well, tangerine if you prefer, let’s not get nitpicky. Grab them now by watching anyone playing
THE FINALS with drops enabled on Twitch!
Available until January 22nd.

GAME UPDATE
| BALANCE CHANGES
GADGETS
Breach Drill
Increased the length of the drill bit from 83cm to 108cm, to allow it to more effectively drill through deep walls
Dev Note: We noticed some locations in the world had thick enough walls that they would prevent the Breach Drill’s flash from impacting players on the other side. This change should address that.
GAME MODES
Cashout/Ranked Tournaments
Updated the logic for deciding where Cashout Stations should spawn, to create more consistent distances between Cashout Stations and Vaults
Dev Note: This is a small iteration that hopefully makes round pacing more consistent. One of our goals over the next season or two is to revisit various spawn systems, from objective spawns to team/coin spawns.
WEAPONS
CB-01 Repeater
Increased aim down sights zoom time from 0.2s to 0.24s, making it slightly slower to aim down sights
Increased bullet dispersion when crouched, moving while crouched, and when standing still, making the weapon slightly less accurate
Dev Notes: The CB-01 has been overperforming for a while now, compared to all other Medium weapons, and it sits as the one of the bigger outlier weapons in the game at present. Much of its power comes from it remaining effective at closer ranges when the weapon is intended to specialize at longer ranges. These changes should reduce its close range effectiveness without damaging its performance at range, but this is a weapon we’ll continue to monitor closely.
FAMAS
Adjusted the recoil pattern, making the weapon jump more during the initial burst and adding slightly more recoil overall
Increased bullet dispersion slightly, across all stances
Decreased the delay before recoil recovery begins from 0.7s to 0.24s, making the weapon much easier to control if the player fires in bursts
Decreased recoil recovery speed from 0.9 to 0.8
Dev Note: We feel the FAMAS has become a little too effective at both long and close range, meaning it has very few drawbacks compared to some other Medium weapons and often fills the role that we intended for the AKM and FCAR. These changes nudge it towards being a medium-to-long ranged weapon, and make it slightly less effective up close.
Recurve Bow
Increased rate of fire from 98 RPM to 103 RPM
Decreased minimum draw time from 0.15s to 0.08s, making it faster to perform quick shots
Dev Note: The Bow has dropped off in usage and various other metrics over time making it one of the weaker and least popular Light weapons. These changers are aimed at bumping up its power to give it greater viability.
V9S
Decreased the damage fall-off end range from 25m to 20m
Dev Note: We mentioned in Update 9.1 that our 9.0 buffs to the V9S had pushed it into a dominant position, especially when it came to damage output per round. Despite some adjustments in 9.1 to try and address that, the V9S still remains a significant outlier in terms of performance, largely due to its increased value in medium ranged fights since S9 launched. This change should firmly push it back towards being a more closed ranged weapon, rather than having it cannibalize the role of other Light weapons.

GAME UPDATE
| CONTENT AND BUG FIXES
Animation
Fixed a visual issue where one of the .50 Akimbo pistols could appear to float when affected by a flashbang or when burning
Fixed incorrect thigh deformation on characters during movement
Adjusted the animation when a Contestant using .50 Akimbo pistols is pulled by a Winch Claw
Fixed meshes appearing blurry during inspect animations
Fixed an issue where, in some BFR animations, the Weapon Charm could appear on screen before the Weapon
Fixed an issue where being glitched while aiming with the H+ Infuser could cause melee weapons (such as the Dagger) to be held in an ADS pose until swapped
Fixed animation distortions when entering Low Gravity while using Akimbo pistols and Mesh Shield
Fixed a firing animation issue for .50 Akimbo pistols after using Mesh Shield
Fixed an issue where certain Weapon action animations would not play after switching items mid-action and switching back
Fixed an issue where the quick melee animation sometimes did not play when used immediately after the Spear spin attack or while using Mesh Shield
Fixed throwing animations not playing after certain actions
Audio
Fixed an issue where sounds could be muted when leaving paused private lobbies
Fixed incorrect destruction sounds on various environmental objects
Included the announcer as part of the commentary volume slider which can be adjusted in Settings
Updated and polished deploy sounds for many Weapons and Gadgets to improve clarity and consistency
Fixed an issue where the commentator voice-over at the end of a round in Cashout could be cut off
Added a sound for inserting a second Cashbox into a Cashout Station
Adjusted ÖRF grenade voice lines to prevent them from cutting off. Inspect lines now stop when you throw, but continue when preparing to throw
Contract
Fixed an issue where grenade damage was not recognized for related sponsor Contracts
Cosmetic
Fixed finger clipping with the QuickSpark sight when inspecting the Revolver with the Plundersteel skin
Fixed several boots clipping with pants
Improved hoodie compatibility for the Military Mechanic Hat, fixed hood clipping on Engineer’s Crown, and made Facewear correctly replace the Crisp Ops Helmet to prevent overlap
Improved the reliability of outfit icons when creating a new outfit in the customization menu
Improved cloth collision on Heavy Outfits to better fit the Moonbeam Dress top and to reduce visual clipping
Fixed an issue where newly purchased customization items were not equipped when selecting Equip from the store highlight splash screen
Fixed a visual issue where the CL-40’s bullet glow could persist after using the Choppy Check inspect and starting an emote
Reduced clipping on The Beakon and The Beakend Masks from the Chirurgeon and Apothecarion sets
Adjusted the Surgeon’s Cowl and Best Practice Cowl fit around the shoulders
Wrist and watch cosmetics now display correctly with the Crosswind Cloak
Fixed an OSPUZE Sponsor Emote, Mizdown, where the can prop could appear upside down
Improved compatibility with Long Coats for the Brush of Greatness fox tail
Fixed naked characters appearing in team intros
Adjusted the Core Slinger Emote’s muzzle flash on the Player Card to prevent overly bright flashes
Adjusted the Sledgehammer’s on-screen positioning when customizing or inspecting it in the menus
Magazines now visually reflect remaining ammo and empty-mag visuals have been added
Fixed a visual issue where the Anti-Gravity Cube could sometimes show an incorrect skin when deployed
Fixed an issue where the Concrete Canopy skin would cause the XP-54 to render incorrectly
Gameplay
Fixed some instances of the “can’t shoot” bug
Environmental kills now correctly display the granted score
Added a hit marker when successfully glitching a Gateway
Added a critical hit marker for Flashbang. The hitmarker now indicates flash effectiveness, showing yellow for a very successful hit
Gamemodes
Point break
General
Party members now spawn together more often at the start of Point Break matches
Lockbolt can no longer attach to the Grand Vaults
Dev Note: Grand Vault manipulation has become a fairly negative experience for many players in Point Break mode since the mode launched and it’s something we’re keen to reduce to ensure more enjoyable matches. This change is the first of a series of changes we’re likely to make over the next few weeks to make manipulation of Grand Vaults much more limited.
Bernal
Slightly adjusted a Phase 2 Attacker spawn on Bernal to improve flow
Monaco
Phase 1:
Moved objectives B and C one house further away from the Cathedral
Moved attacker spawns back a little to maintain similar travel distances to the objectives
Tweaked Ziplines and planks for smoother routes between the adjusted objective locations
Replaced a Zipline for a Jump Pad at one of the Attacker spawns for more consistent access to the rooftops
Dev note: Objective B could be quite difficult and sometimes frustrating to capture, due to the defenders having a strong natural high ground advantage from the Cathedral next to it. We hope that these changes still make the Cathedral a fun and meaningful position for long-range Defenders, but less oppressive when attacking. Objective C was moved to maintain a nice flow between it and the new objective B location, and to give it more layers of destruction to better sustain prolonged large-scale battles when it’s the last objective remaining.
Phase 2:
Moved objective E in the Cathedral slightly away from the wall to make movement around it more comfortable
Adjusted the Attacker border so it sits a bit further away from the shed in the Forest where Objective G of Phase 3 is located
Added extra Ziplines to increase rooftop access
Phase 3:
Added extra Ziplines to increase rooftop access
SYS Horizon
Phase 1:
Slightly moved Objective B to avoid a small gap between it and the wall, through which you could unexpectedly get shot
Phase 3:
Adjusted a Defender spawn to improve flow and make a Zipline easier to spot and use
Power Shift
Fixed an unintended loop in the Power Shift platform path on Kyoto that caused rapid rotation
Dev note: Because of the above fix Kyoto will now return to the map pool for Power Shift!
Maps
Kyoto
Fixed a hillside spawn that could cause players to clip into terrain
Adjusted Kyoto’s map border to better follow the hillside terrain and restored a missing wall end at the stables
Removed the bamboo cluster between Cliffside and the Temples to improve readability
Bernal
Fixed an issue where the ISEUL‑T Hotel could collapse erratically after partial destruction
Fixed an issue where parts of a building could float after nearby structures were destroyed in the residential area
Seoul
Fixed an issue where the bridge to the Data Center could clip into nearby structures in the Hospital area
Fangwai City
Fixed a destruction weak spot in the Traditional area that could cause structures to collapse too easily
Fixed a gap in the ground that could appear after destroying a residential building
Improved the visibility of railings and monitors at lower quality settings in the Terminal Area
Resolved an issues that caused objects to disappear when moving behind certain cliff rocks
Monaco
Added a ladder on the flat-roof building in the Hotels area to improve rooftop traversal across all modes and variants
Adjusted the cover placement in some of the Hotels and Shopping District houses to make them less cluttered
Practice Range
Fixed an issue in the Combat Arena where Gadgets and Specializations could be placed out of bounds under the entryway
Performance
Improved animation performance in 8v8 matches
Improved Instant Replay timing
Disabled dynamic shadows in reflections to improve performance
Optimized lighting data to improve performance across all platforms
Improved performance by loading Player Card Backgrounds asynchronously to reduce hitches during previews
Optimized character cloth simulation during animation updates to reduce CPU cost and improve frame performance
Optimized destruction updates to reduce stutters during large-scale breakage, improving responsiveness in heavy destruction moments
Optimized performance by disabling ray tracing on VFX static meshes
Improved ray-traced performance on Kyoto by reducing triangle counts on common environment meshes
We’ve made a series of ray tracing optimizations across several maps to improve performance and visual consistency
Optimized collision for Frag, Smoke, Sonar, Goo, Gas, Incendiary, EMP, and Flashbang grenades to improve performance and interaction accuracy
Optimized replay loading during checkpoints, reducing startup time
Improved performance and reduced hitching on Xbox
Improved performance by optimizing animations, especially on lower-spec PCs
Refined collision for Dome Shield, EMP Trap, Gravity Vortex, Gateway, Explosive Mine, Gas Mine, and Incendiary Mine to improve performance and interactions
Improved network stability by fixing an issue that could cause unexpected lag spikes and rubberbanding
Fixed performance issues caused by NVIDIA Shader Cache being full
Social
Party invites across platforms now show an error when crossplay is disabled
Spectator
Fixed an issue where Spectators in Private Matches could not see the health bars of Contestants while invisible due to the Vanishing Bomb or Cloaking Device
UI
Added the Match Recap to Power Shift
Fixed an issue where the season introduction screen could repeatedly reappear when returning from sub-menus after dismissing it
Fixed an issue where Practice Range dummies displayed an incorrect specialization icon
Fixed an issue where Attackers who backfilled into an ongoing Point Break match could see ""Hold to Disarm"" instead of ""Hold to Arm"" when arming the Grand Vault
Fixed an issue where a new marker could appear on the Career screen despite no new items being available
Fixed an issue where players could get stuck in an Instant Replay if revived right as it started
All icons now display a direction marker when highlighted
Fixed an issue where tutorial hints in World Tour could not be skipped with a controller and might instead open the Rewards screen
Gameplay UI elements now respect slow motion and pause
Fixed interaction prompts appearing during the Spear’s spin attack when actions cannot be performed
Fixed an issue where the schedule button on the World Tour map screen was not clickable
Fixed an issue where input progress would not display during hold interactions
Fixed an issue where the left navigation arrow in the Store’s Legacy Battle Passes were hard to select
Improved controller navigation in the Game Mode Rules screen: you can now scroll through the Arenas & Variants tab with a gamepad and the map list correctly includes Fangwai City where applicable
Fixed an issue where the tournament screen could be skipped in Ranked matches
Fixed an issue where team wipe notifications could incorrectly state that a team eliminated themselves
Fixed an unintended camera zoom-out when returning to the menu after previewing a reward in the Contracts screen
Fixed some concurrent game show events missing icons
Added click and hover sounds to World Tour progression and reward buttons in the menu
You can now back out of the ""Sign with Sponsor"" screen by pressing Esc
Added the Point Break leaderboard to the Career menu
Fixed an issue where newly created outfits could display a missing icon
Progression animations in menus now play in parallel for a snappier feel
Fixed an issue where background audio could continue after leaving mid-animation
Fixed a brief stretch of the loading screen background before entering a match
Added primary and secondary shortcuts to the World Tour calendar for the current week, allowing quick access to start the mode or view contracts
Improved World Tour calendar navigation: left/right buttons move between stops, and map stops are now clickable
Fixed incorrect progress indicators when objectives are armed in Point Break
Added an animation to the Attacker ticket view in Point Break to make changes easier to spot
Added a larger header to the Point Break rule information on the loading screen for improved visibility
VFX
Fixed overexposed Meteor Shower visuals at night
Improved victory line-up lighting on Monaco at night to address overly bright, washed-out visuals
Fixed missing impact decals on ice in Kyoto (winter condition) for Weapons and Gadgets
Weapons
Sword
Added a small timing buffer to charged lunges, preventing cases where damage would trigger but the lunge wouldn’t when released just before landing

THE FINALS © 2022-2026 Embark Studios AB. THE FINALS and EMBARK trademarks and logos are trademarks or registered trademarks of Embark Studios AB. NEXON trademark and logo are trademarks or registered trademarks of NXC Corporation. © 2026 Sony Interactive Entertainment LLC. PlayStation, the PlayStation Family Mark, PS5, the PS5 logo, PS4 and the PS4 logo are registered trademarks or trademarks of Sony Interactive Entertainment Inc. Microsoft, the Xbox Sphere mark and Xbox Series X|S are trademarks of the Microsoft group of companies. © 2026 Valve Corporation. Steam and the Steam logo are trademarks and/or registered trademarks of Valve Corporation in the U.S. and/or other countries. © 2026 Epic Games, Inc. All rights reserved. Unreal, Unreal Engine and their respective logos are trademarks or registered trademarks of Epic Games, Inc. in the U.S. Patent and Trademark Office and elsewhere. NVIDIA, the NVIDIA logo and the GeForce Now logo are trademarks and/or registered trademarks of NVIDIA Corporation in the U.S. and/or other countries."
Store Update 9.3.0,2026.01.02,https://www.reachthefinals.com/patchnotes/930,"HAPPY 2026!
It’s a new year in the Arena, and we can’t wait for you all to see what we have in store!
We hope you celebrated at midnight and that all your resolutions stick! Enjoy one more week of Snowball Blitz and see you next week for a slightly larger update!
Until then,
god fortsättning!

STORE UPDATE
| WINTER VICIOUS
The holidays may be over, but it’s still snowy in the Arena! Keep the spirit of the season all year round and stay cozy while you rack up the eliminations!

RANKED
| RUBY IS NOW LIVE

The climb to the top is now on!
Ruby rewards are prestigious items granted only to the best of the best:
the top 500 players.
Unlike other ranked rewards, however, you will have to fight to keep your spot in the ranking, as only the podium on the final day of the season will be given the precious bragging rights. You don’t just reach Ruby, you earn it. Do your best and show the Sponsors you have what it takes to make it to the top!
Rewards for S9 will be as follows: Ruby player card background, Ruby emblem, Ruby badge, Ruby charm, Ruby sticker, and most importantly, a Ruby coin.
Exchange the Ruby coin for a ruby skin of the weapon of your choice!
As always, you can check the top contestants in-game and over on our website:
https://id.embark.games/the-finals/leaderboards/s9

THE FINALS © 2022-2026 Embark Studios AB. THE FINALS and EMBARK trademarks and logos are trademarks or registered trademarks of Embark Studios AB. NEXON trademark and logo are trademarks or registered trademarks of NXC Corporation. © 2026 Sony Interactive Entertainment LLC. PlayStation, the PlayStation Family Mark, PS5, the PS5 logo, PS4 and the PS4 logo are registered trademarks or trademarks of Sony Interactive Entertainment Inc. Microsoft, the Xbox Sphere mark and Xbox Series X|S are trademarks of the Microsoft group of companies. © 2026 Valve Corporation. Steam and the Steam logo are trademarks and/or registered trademarks of Valve Corporation in the U.S. and/or other countries. © 2026 Epic Games, Inc. All rights reserved. Unreal, Unreal Engine and their respective logos are trademarks or registered trademarks of Epic Games, Inc. in the U.S. Patent and Trademark Office and elsewhere. NVIDIA, the NVIDIA logo and the GeForce Now logo are trademarks and/or registered trademarks of NVIDIA Corporation in the U.S. and/or other countries."
Update 9.2.0,2025.12.25,https://www.reachthefinals.com/patchnotes/920,"HAPPY HOLIDAYS, CONTESTANTS!
Today’s update comes with a new LTM and a store that gets you decked out for the coming New Year!
We’re sending the warmest wishes from our homes and our headquarters…
For a very merry holiday season…
from Embark…with love.!

NEW LIMITED TIME MODE |
SNOWBALL BLITZ
It’s time to deck the halls and wreck the lobby! It’s Christmas Day and Monaco is snowed in. This calls for a snowball fight!
Snowball Blitz is back for another season, because nothing says holiday spirit like a face full of tightly-packed snow. Put on your warmest outfit and join the 5v5 snow brawl! Just like TDM, the first team to hit 3K takes the win, so it’s time to put your opponents on ice.
Get ready for heated battle and very cold hands. Everyone loads in armed with snowballs.
Contracts are live, rewards are waiting, and Snowball Blitz sticks around for two weeks starting today.
Season’s beatings, Contestants!

STORE UPDATE
| COUNTDOWN CREW
It’s too early to start the countdown for midnight, but not too early to pick out your party attire.
Head over to the shop to pick up some gear that will help you start the New Year off right!

THE FINALS © 2022-2026 Embark Studios AB. THE FINALS and EMBARK trademarks and logos are trademarks or registered trademarks of Embark Studios AB. NEXON trademark and logo are trademarks or registered trademarks of NXC Corporation. © 2026 Sony Interactive Entertainment LLC. PlayStation, the PlayStation Family Mark, PS5, the PS5 logo, PS4 and the PS4 logo are registered trademarks or trademarks of Sony Interactive Entertainment Inc. Microsoft, the Xbox Sphere mark and Xbox Series X|S are trademarks of the Microsoft group of companies. © 2026 Valve Corporation. Steam and the Steam logo are trademarks and/or registered trademarks of Valve Corporation in the U.S. and/or other countries. © 2026 Epic Games, Inc. All rights reserved. Unreal, Unreal Engine and their respective logos are trademarks or registered trademarks of Epic Games, Inc. in the U.S. Patent and Trademark Office and elsewhere. NVIDIA, the NVIDIA logo and the GeForce Now logo are trademarks and/or registered trademarks of NVIDIA Corporation in the U.S. and/or other countries."
what’s  happening in 2026!,2025.12.22,https://www.reachthefinals.com/patchnotes/tgm26-1,"Announcing what’s to come in 2026!
Hey Contestants!
We hope you’ve all recovered after the thrilling Grand Major 2025 where we crowned NTMR as our World Champions! A massive thank you to all the fans worldwide who tuned in, and a special shoutout to everyone who made the trip to DreamHack to support the teams and cheer us on in the crowd, you brought the energy and it was absolutely electric!
This event was our very first competitive launchpad, beginning with the Open Qualifiers and marking the start of a new chapter in esports history. From the roar of the live crowd to the hundreds of thousands watching from home, to the energy surging through virtual arenas across the world, it became unmistakably clear: esports has a vital place in THE FINALS.

Looking Ahead
We're excited to announce that we're officially expanding our plans to include broader regions in THE FINALS, with a specific focus on including APAC in our esports ecosystem. We recognize the importance of engaging narratives, and we aim to give players in APAC the chance to build their presence and make their mark in official tournaments.
In addition, we’re doubling down on our commitment to grassroots communities by formally integrating community events and initiatives into the official THE FINALS esports ecosystem for the 2026 season. Our success in 2025 was built on the strength of ongoing grassroots efforts, and we want to recognize and empower community organizers as a core part of our competitive future.
These integrated, community-hosted but officially recognized events will contribute to an overall leaderboard we’re calling the
""Regional Fame Index""
(RFI), which tracks points earned from regional tournaments based on the achievements of the teams.
The assigned regions for the RFI system will be:
- EMEA (Europe, Middle East & Africa)
- AMERICAS (North America & South America)
- APAC (Asia-Pacific, including Oceania and China)
Our RFI system aims to reward merit based performances and time dedicated to THE FINALS while ensuring open access for teams to tournaments, thereby promoting merit-based invitations within the ecosystem. More details on how the system works, including how teams can climb the rankings, will be shared in early 2026!
Organizers wishing to host officially recognized, ""point-eligible tournaments"" will need to uphold a set of standards and follow an official global ruleset. This includes things such as having open qualifier paths, so everyone has a chance to compete.
Additionally, this system paves the way for enhanced support of the competitive scene by providing more visibility, more official competitions and will offer teams the possibility to bypass qualification phases based on their standings in the RFI leaderboard as we head toward TGM26.
Earn your spot!
And there’s more! Teams that perform well within their regions will be rewarded and compete for direct invites to our yearly staple event, The Grand Major 2026. We are excited to see how the competition develops and who can hold the top spot to become our RFI Champions!
We remain dedicated to our open ecosystem. For teams that don’t qualify through the RFI, we’ll also be hosting regional Open Qualifiers, including APAC.
We’ll have much more to share soon. For now, thank you for being a part of this journey whether you competed, watched, organized, casted or cheered from the crowd.
Enjoy the holidays, and we’ll see you in the arena for 2026!
//THE FINALS Team

THE FINALS © 2022-2026 Embark Studios AB. THE FINALS and EMBARK trademarks and logos are trademarks or registered trademarks of Embark Studios AB. NEXON trademark and logo are trademarks or registered trademarks of NXC Corporation. © 2026 Sony Interactive Entertainment LLC. PlayStation, the PlayStation Family Mark, PS5, the PS5 logo, PS4 and the PS4 logo are registered trademarks or trademarks of Sony Interactive Entertainment Inc. Microsoft, the Xbox Sphere mark and Xbox Series X|S are trademarks of the Microsoft group of companies. © 2026 Valve Corporation. Steam and the Steam logo are trademarks and/or registered trademarks of Valve Corporation in the U.S. and/or other countries. © 2026 Epic Games, Inc. All rights reserved. Unreal, Unreal Engine and their respective logos are trademarks or registered trademarks of Epic Games, Inc. in the U.S. Patent and Trademark Office and elsewhere. NVIDIA, the NVIDIA logo and the GeForce Now logo are trademarks and/or registered trademarks of NVIDIA Corporation in the U.S. and/or other countries."
Hotfix 9.1.1,2025.12.22,https://www.reachthefinals.com/patchnotes/911,"Holly Jolly Hotfix
Before the holidays, we’ve managed to put in a hotfix to repair a few pressing issues introduced in Update 9.1.
We’re reverting the Barricade back to its pre-Update 9.0 functionality. The current state, which wasn’t intended to be introduced, is causing too many performance issues to stay in while we work on a solution. We are actively working on a better solution that will allow for easier placement (without making Barricade airplanes or throwing entire buildings across the Arena).
We’ve also fixed an issue that would display your Contestant distorted and without clothing while looking at new bundles. That was scary.
The “Deal 1000 damage to opponents with grenades” Contract has been removed, as it was not working.
We’ve removed Kyoto from Power Shift while we continue to work on fixing a snag in the track. It was supposed to be removed in Update 9.0.
Finally, we’ve replaced the Holly Jolly Nama Tama with the 2025 variant! The 2024 version was in the store unintentionally.

THE FINALS © 2022-2026 Embark Studios AB. THE FINALS and EMBARK trademarks and logos are trademarks or registered trademarks of Embark Studios AB. NEXON trademark and logo are trademarks or registered trademarks of NXC Corporation. © 2026 Sony Interactive Entertainment LLC. PlayStation, the PlayStation Family Mark, PS5, the PS5 logo, PS4 and the PS4 logo are registered trademarks or trademarks of Sony Interactive Entertainment Inc. Microsoft, the Xbox Sphere mark and Xbox Series X|S are trademarks of the Microsoft group of companies. © 2026 Valve Corporation. Steam and the Steam logo are trademarks and/or registered trademarks of Valve Corporation in the U.S. and/or other countries. © 2026 Epic Games, Inc. All rights reserved. Unreal, Unreal Engine and their respective logos are trademarks or registered trademarks of Epic Games, Inc. in the U.S. Patent and Trademark Office and elsewhere. NVIDIA, the NVIDIA logo and the GeForce Now logo are trademarks and/or registered trademarks of NVIDIA Corporation in the U.S. and/or other countries."
Update 9.1.0,2025.12.18,https://www.reachthefinals.com/patchnotes/910,"LET’S GET HOLLY JOLLY!

We’re decking the halls, so expect some holiday cheer sprinkled throughout the Arena!
This week, we’re bringing a fresh new store to help you settle into the Christmas mood, alongside a wide range of bug-fixes, some exploit fixes, and performance improvements.
We’re also aware of a series of issues with the Barricade, involving everything from players phasing through walls - to entire buildings flying away to space. We don’t currently have a fix, but we are actively working on a solution.

STORE UPDATE
| GIFT RIPPER SET
It’s getting chilly in the Arena!
No worries, we’ve got you covered, literally. Get warm in style with the Gift Ripper set, and let your opponents know this year, they’re only getting coal in their vault. Plenty more is awaiting you, so check it out!

TWITCH DROPS
| Season of Support!
The season of gifting is upon us and what better way to share the love than to support your favorite THE FINALS content creators? Starting today until the 8th of January you’ll be able to unlock the Charmalure Set (3 weapon skins) with 3 twitch Sub, and the Bass Unit 86 helmet with 5 total subs!

We’ve also extended the duration of the Calvin the Cube drops, so you have a chance to unlock those all the way into the new year as well - who doesn’t love Calvin!?

BREACH THE CASHOUT STATION
| ARC Raiders Contract
ARC Raiders is out now on PC and console, and we’re celebrating in THE FINALS.
Play 3 matches in THE FINALS to unlock a special ARC Raiders bundle.
Just complete the contract, launch ARC Raiders, and make sure your Embark ID is connected. You’ll earn XP in THE FINALS along the way - see you in The Arena, and Topside, Contestants!

Balance Changes
Weapons
V9S
Decreased damage from 40 to 38
Dev Note: In the 9.0 update we buffed the effective range of the V9S to give it more viability, in an effort to increase how desirable it is to use. We can tell from early feedback and data that this range increase, combined with damage buffs, has been enough to quickly push it into a dominant position. This change will offset that. We’ll continue to monitor this closely over the next few weeks

Content and Bug Fixes
Cosmetics
Reduced clipping on the Baihu Pathfinder Outfits when worn with long jackets
Fixed a visible gap in the Muzzle Wyrm Flamethrower VFX
Gadgets
Fixed an issue that allowed the APS Turret, Jump Pad and Guardian Turret to be deployed inside walls
Game Modes
Point Break
Changed the Grand Vault behavior so the objective can no longer be pushed outside the play area, adding a fallback to keep it within the border
Changed objective border behavior after phase changes: Attacker borders now deactivate when a phase ends, and Defender borders no longer block players unintentionally
Performance
Potentially reduced some in-match stuttering by fixing an issue where shaders from the user cache were not precompiled
Reduced some of the occasional freezes sometimes happening during gameplay
Improved performance stability by preventing eviction of essential shaders used for UI, lighting effects, and post‑processing, reducing the risk of missed visuals and hitches
Fixed an issue where Instant Replays were delayed
Improved general performance in the Practice Range
Improved performance in Powershift and map conditions with moving platforms
Social
Fixed an issue where the UI would incorrectly display Steam names instead of the Embark Display Names
Fixed an issue where backfilled players could inherit the wrong Display Name
Stability
Fixed several PS4 memory crashes
Updated the recommended AMD graphics driver to version 25.12.1, resolving a crash present in the two previous AMD releases
UI
Fixed an issue where the Multi-Device tab no longer previewed your equipped skin and charm after switching to another tab and back
Added the missing Double Jeopardy modifier to the Private Match descriptions for Cashout and Ranked Cashout
Fixed an issue where spectating party members in Point Break could display incorrect HUD elements
Fixed an issue where World Tour points gained were not shown in the end-of-round results
The Sponsor progression screen now shows proper progression of fans and rewards
Fixed an issue where Premium Battle Pass levels did not appear immediately after purchase
Fixed an issue where the Ultimate Battle Pass preview screen showed an incorrect number of instant rewards
Fixed an issue where purchasing the Premium or Ultimate Battle Pass would not lead to the proper in-game screen
Updated Ranked and World Tour league reward images and text
Fixed an issue where the Season 6 Legacy Battle Pass could not be opened or purchased
Fixed an issue where the Ultimate Battle Pass could appear purchasable multiple times

THE FINALS © 2022-2026 Embark Studios AB. THE FINALS and EMBARK trademarks and logos are trademarks or registered trademarks of Embark Studios AB. NEXON trademark and logo are trademarks or registered trademarks of NXC Corporation. © 2026 Sony Interactive Entertainment LLC. PlayStation, the PlayStation Family Mark, PS5, the PS5 logo, PS4 and the PS4 logo are registered trademarks or trademarks of Sony Interactive Entertainment Inc. Microsoft, the Xbox Sphere mark and Xbox Series X|S are trademarks of the Microsoft group of companies. © 2026 Valve Corporation. Steam and the Steam logo are trademarks and/or registered trademarks of Valve Corporation in the U.S. and/or other countries. © 2026 Epic Games, Inc. All rights reserved. Unreal, Unreal Engine and their respective logos are trademarks or registered trademarks of Epic Games, Inc. in the U.S. Patent and Trademark Office and elsewhere. NVIDIA, the NVIDIA logo and the GeForce Now logo are trademarks and/or registered trademarks of NVIDIA Corporation in the U.S. and/or other countries."
SEASON 9 | Dragon rising,2025.12.10,https://www.reachthefinals.com/patchnotes/900,"Dragon Rising
draws from the depth and richness of Chinese culture with a blend of historic symbols, architectural styles, and modern city energy. There’s a new mode, a new Arena, and plenty more to uncover, so let’s take a look at Dragon Rising and dive into a fresh season of the World’s Greatest Gameshow.

New Map |
Fangwai CitY

Fangwai City is built for spectacle, with elevated walkways, dense apartment blocks, riverfront views, serene gardens and towering structures all blended together for the ultimate variety. This latest addition to the Arena is built from the ground up with smooth destruction, combining everything we have learned from the past two years, to create a battleground that puts Dynamism on the center stage!
Distinct zones with strong individual personalities that draw from multiple real world locations in China, such as Hong Kong and Shanghai, create a playground of variety. Explore the vertical routes, the winding pathways, but don’t forget to look up at the electric backdrop of a city that never sleeps.
This megacity is grand, it’s loud, it’s tuned to keep the action flowing, and it’s coming for the crown. Step into your new favorite map!

New Mode |
Point Break

Take everything you know about Cashout, turn it up to 11, and add four more players!
Point Break delivers a rolling battle where the fight is always in motion, the stakes rise with every phase, and every decision carries weight. It’s fast, it’s messy, and it brings a new rhythm to THE FINALS.
As you load into Point Break you find yourself as one of eight Attackers or Defenders, each side with a clear goal. Attackers need to gain control of, and destroy, nine Grand Vaults before running out of respawn tokens while Defenders aim to do the opposite. Deplete the Attackers coins and victory is yours, but be vigilant as they gain more coins for each phase they complete.
Go play!

New Progression |
World Tour 2.0

World Tour is now your one stop shop for all game modes! What used to be a single game mode is now a full progression system that tracks everything you do across THE FINALS. Whether you sweat it out in Ranked, push the Platform in Power Shift, or chase eliminations in TDM, every match pushes you toward your seasonal goals!
For fans of the old World Tour Tournament Mode, it’s still here, but now it’s called Cashout!
Your World Tour Badge progresses regardless of what you play and as you advance, you’ll earn Stickers, Charms, Multibucks, and Emerald rewards delivered to you at the start of the next season! Your effort now builds toward one track, making progress simpler, smoother, and more rewarding.
You’ll still earn Ranked Rewards separately, allowing the most competitive Contestants to earn additional rewards for climbing the ranks in Ranked Cashout!

Reward System |
Reward Coins

Sponsors |
VOLPE, OSPUZE, and any one you choose!

You can now sign with any Sponsor you like, whenever you like, and swap them at any time. No more being locked in. This update is about giving you freedom, choice, and a reason to mix things up. We are also adding new loyalty tracks for the official Sponsors of Season 9, VOLPE (welcome to the Arena!) and OSPUZE.
You can go with a Seasonal Sponsor, return to your favorite, or try a little bit of everything. The CEOs are watching, so you can prove your loyalty or leave them wondering if you’ll ever return! The Fans you earn will only go to the active Sponsor you have signed with at any given moment, so make sure you sign before stepping into the Arena. Don’t worry about the fine print!
Which brand will you wear today, Contestant?

Cashout Rules |
Double Jeopardy
A new rule is coming to Cashout in the form of Double Jeopardy, a condition triggered whenever a second Cashbox is inserted in an already active Cashout Station.
When a team initiates Double Jeopardy, if they are in control of the Cashout Station as it completes, they bank all the money as normal, but if they fail to secure it they lose 50% of their current cash total.
‘Doubling’ is now a high risk strategy, allowing struggling teams to catch up, while increasing the risk for those ahead.

Battle Pass |
Free, Premium, and Ultimate

The Battle Pass carries the spirit of Dragon Rising across every tier. The Free path gives all players a collection of rewards that showcase the season’s blend of heritage and future tech.
The Premium Pass opens a wider range of outfits, skins, and gear. Unlock up to 106 rewards (including bonus pages) and earn 1575 Multibucks, enough to buy next Season’s pass and then some!
The Ultimate Battle Pass is where the full theme of Dragon Rising really shines! Maximize your experience with instant unlocks and high impact styles, complete with mythic items ready for your wardrobe. It also comes with a 25% boost in Match XP, opens the full collection of 118 Unlockable rewards and 2575 Multibucks (1000 of which you gain instantly).
No matter where you start, each tier is built to feel meaningful, rewarding, and connected to the world of Dragon Rising!

Quality of Life |
Expanded Options and Customizations
We’re expanding our privacy options, allowing you to fine-tune how you appear and interact with others, and select which pop ups for friend and party invites you see on screen. We’re also enabling you to send party invites to club members!
You can now “opt-in” to view an Instant Replay, giving you the ability to watch replays only when you choose to with the simple press of a button.
To end on a high note, some highly requested additions, you can randomize between your favorite skins and finally customize your multi-device tablet!

Optimization |
Performance Improvements
This season we’ve reworked a lot of our physics meshes for environment and characters to reduce game memory requirements and stuttering, we have also made significant improvements to texture memory usage.
We have made several performance upgrades across the game, starting with smoother Instant Replays supported by a new download system and backend cleanup that reduces shader and state work during matches.
Hard work has gone into supporting 16 players at once in Point Break, and the improvements made will benefit all Game Modes across THE FINALS.
Kyoto has been updated to improve GPU performance. Physics have been optimized, vegetation has been rebuilt for clarity, and the bamboo forest near the Guard and Servants quarters has been refined to run more efficiently. These updates help the map feel sharper, lighter, and more responsive during busy fights.
We’re not done. Significant additional improvements to memory usage are coming soon which will reduce stutter on minimum' and recommended specs, but will benefit everyone.

Expanded Visuals |
Smooth Destruction upgrade
Visual destruction is getting a major improvement this season. Objects remain attached when structures come down, giving you more realistic destruction that also provides new ways to traverse and climb through the rubble!
We’ve reworked our destruction effects to better reflect the shape and material of whatever you destroy. Walls now break apart with debris that resembles real fractured pieces, much like the way windows already shatter. These changes bring more clarity, more character, and a more satisfying hit when the Arena comes crashing down.
Major changes have come to Monaco, which has complete Smooth Destruction across the whole map!  Expect more as the season continues!

Bundles | TGM25
Champion Set + 2nd Anniversary Bundle

NTMR have emerged victorious in The Grand Major 2025 and have secured their place in the history of THE FINALS! You can celebrate their success and own a piece of the action in this stunning, gold NTMR TGM25 CHAMPION SET!
NTMR and all other participating organizations in the TGM25 receive a share of the sales revenue from this bundle, so your support celebrates their triumph in more ways than one! Take home a piece of the gold for yourself and keep a souvenir from TGM25 that’s fit for a king!
You can also celebrate the 2nd Anniversary of THE FINALS with this brilliant red Anniversary bundle featuring three skins and just enough Multibucks to pick up the Premium Battle Pass!

Twitch Drops |
Calvin the Cube

To ring in the new Season, we're introducing your newest pal, Calvin the Cube! Go pick up Calvin, his nametag, and his hardworking Multi-Device skin so your cubicle feels right at home! Watch your favorite THE FINALS content creator on Twitch to earn them all!
Okay, let’s look at the details:

Balance Changes
Dev Note: To hopefully make the dev notes a little less verbose, we’ve removed dev notes from some of the changes below that are fairly self-explanatory. Most of these changes are small nudges and amendments to an item with the goal of increasing their desirability/viability slightly.
Controller
Added aim snapping to the following weapons:
.50 Akimbos
BFR Titan
CB-01 Repeater
Cerberus 12GA
KS-23
M26 Matter
Model 1887
R .357
Recurve Bow
SA1216
SR-84
Increased the cooldown on aim snapping from 0.5s to 0.7s
Added a 1.5s cooldown for aim snapping with sniper rifles
Added a 1s cooldown for aim snapping with shotguns, revolvers and grenade launchers
Aim snapping now scales with distance, meaning it no longer gives a stronger effect at longer ranges
Dev Note: This change to aim snapping at distance allows us to reduce the effectiveness of long ranged weapons at longer ranges more than we could previously. Previously, snapping made longer ranged headshots a little too easy but was constrained by how snapping worked at closer ranges, with this change they should require more aim from the player.
Gadgets
Breach Charge
Decreased cooldown from 30s to 20s
Dome Shield
Added the ability for Dome Shields to block the Winch Claw
Dev Note: The Winch Claw has been dominating the Heavy meta and this adjustment is an effort to offer some more counter-play.
Frag Grenade
Increased outer radius from 5m to 5.5m
Increased max damage radius from 2.5m to 2.75m
Dev Note: The Frag Grenade is a little under-powered, although it still sees very high usage and is reasonably effective. As a result, we’re only adjusting its power slightly to see how it impacts things.
Gas Grenade
Decreased cooldown from 30s to 24s
Gateway
Decreased max range from 70m to 50m
Dev Note: The Gateway has become a little too effective at allowing very long, very fast rotations by teams, cannibalizing the value of items like Zipline too much.
Glitch Grenade
Decreased ammo count from 2 to 1
Decreased cooldown 20s to 12s
Dev Note: This change is made to require players to be more accurate with their Glitch Grenade usage to get pay-off from it, rather than having an immediately available second grenade to cover up for misses. The shorter cooldown is there to ensure a miss isn’t overly punishing.
Goo
Increased explosive damage multiplier versus goo from 2.0 to 2.25
Dev Notes: Goo has become highly effective in the current meta and we want to offer some more effective counters to it. This change is to help explosive items remove goo slightly faster.
Pyro Grenade
Decreased cooldown from 30s to 24s
Pyro Mine
Decreased explosive damage from 80 to 55
Dev Note: the Pyro Mine cannibalizes the role of the Explosive Mine a little too much, this adjustment should help to address that.
Thermal Bore
Decreased fuse time from 2.5s to 1.75s
Decreased cooldown from 45s to 35s
Decreased the amount of lingering smoke, making it easier to see after it detonates
RPG-7
Increased damage from 100 to 110
Dev Note: This adjustment is mostly targeted at improving the RPG’s effectiveness versus Goo, without having a significant impact on player versus player combat.
Game Modes
Cashout Mode (including Ranked Tournaments)
Introduced Double Jeopardy mechanic. If a team ‘doubles’ a Cashout, i.e. puts a second Cashbox into an already active Cashout Station, if that team does not own the Cashout Station at the point the cashout concludes, they will lose 50% of their cash total.
Dev Note: This is a brand new mechanic aimed at reducing the rate of ‘doubling’ Cashboxes in Cashout and Ranked Tournaments, something many players consider to be aimed specifically at preventing the 2nd placed team from progressing to the next round of the tournament.
We want doubling to be a part of the many viable strategies that teams can use to help win the game or stage an epic comeback. Double Jeopardy allows us to keep the epic comebacks and clutch plays that ‘doubling’ offers, especially for 3rd and 4th placed teams who are playing from behind. If a 1st place team wants to ‘double’ the Cashboxes now, they’re putting their own lead on the line to the tune of 50% of their cash.
This is a considerable change to the game, so as always we’ll monitor how it plays ‘in the wild’ and will keep an eye on player feedback following its launch.
Ranked Tournaments
Cashboxes will no longer despawn when overtime begins, as they would previously
Dev Notes: With the addition of Double Jeopardy, this mechanic is less warranted now. This change also brings Ranked Tournaments back in line with regular Cashout.
World Tour
Renamed World Tour to Cashout
Dev Notes: With World Tour being moved to be a wrapper for the wider game, covering all modes, we’ve renamed the old World Tour Tournaments to Cashout.
Progression Systems
Ranked Tournaments
Increased the overall accuracy of Ranked Score (RS) calculations, which will result in slightly smaller RS changes from match to match
Re-balanced RS calculations to make first round losses in tournaments less extreme, especially for highly seeded teams
Dev Notes: When digging into data from recent seasons we were able to confirm the general feedback that being a highly seeded team in a match, but facing a first round elimination, could result in RS losses that might take a full tournament win to earn back. This was especially common around the Silver and Gold ranking tiers. In the most extreme cases, albeit somewhat uncommon, we saw that a first round loss could require six rounds won to recoup the RS. This change should alleviate those extreme cases.
Specializations
Mesh Shield
Increased max health from 750 to 850
Added the ability for Mesh Shields to block the Winch Claw
Dev Note: This Winch Claw has been dominating the Heavy meta for a while now, so this adjustment should offer some more counter-play to it. It also should increase the viability of the Mesh Shield.
Winch Claw
Decreased the max stun duration from 0.65s to 0.5s
Decreased the minimum stun duration from 0.35s to 0.2s
Added functionality where, if the clawed victim is far away from the initial point of collision, the Winch Claw will break. This addresses an issue where the Winch Claw could sometimes appear to grab players around walls
Winch Claw now retracts as soon as it hits an object it can’t latch onto, reducing time spent lingering in the air
Dev Note: These changes aim to address some of the more common frustrations players experience when facing the Winch Claw, which has become quite dominant in the meta across multiple modes. The hope is to bring the Heavy’s Specializations more in line with each other in terms of viability/impact.
Weapons
93R
Decreased damage from 26 to 24
Decreased the damage fall-off start range from 32m to 30m
Decreased the damage fall-off end range from 40m to 37.5m
Increased the damage fall-off multiplier at max range from 40% to 50%, meaning it does slightly more damage at long-range
Dev Note: For much of the last season the 93R has outperformed the second and third placed weapons on damage and eliminations per round by almost 10%, that’s above the acceptable range. These changes are aimed at bringing it in line with the other top weapons.
BFR Titan
Decreased environmental damage from 130 to 95
Decreased the rate of fire from 85 RPM to 82 RPM
Dev Note: The BFR is the very definition of a ‘love it or hate it’ weapon, where its top end performance is very good but where its parameters put it very close to feeling clunky and ineffective to use. As a result, it makes this weapon quite hard to balance. We want to give it a fair power level without making it feel awkward to use. We hope the RPM change here brings it to the right place, but we’ll continue to monitor how it performs.
Dual Blades
Increased the damage of the the third attack in the attack sequence from 65 to 100
Dev Note: We feel like the Dual Blades’ full attack combo hasn’t been offering the pay-off it deserves. This adjustment should address that.
KS-23
Decreased bullet dispersion across all stances when aiming down sights (ADS) by approximately 30%, making the weapon more precise
Dev Note: After the positive feedback that the feel of the BFR has received, we’ve decided to push the KS-23’s dispersion in a similar direction, without making the two items too similar.
Lewis Gun
Increased damage from 22 to 23
Dev Note: Both Heavy LMGs have been somewhat ineffective compared to other options available to the Heavy. This slight nudge aims to push the Lewis Gun towards greater viability.
M134 Minigun
Decreased bullet dispersion slightly when crouching or standing still and aiming down sights (ADS), making the weapon more precise
Dev Note: Seasoned players are already able to get solid performances out of the Minigun, but we’ve noticed some casual players can sometimes struggle with it. This change is an attempt to bridge that gap, making the Minigun slightly easier to use, hopefully without buffing its top end power too much.
M60
Decreased the amount of vertical recoil during the first 8 bullets of the firing sequence, making the M60 slightly easier to control
Slightly increased the amount of vertical recoil after the 30th bullet in the firing sequence, making the M60 slightly harder to control during sustained firing
Model 1887
Decreased tactical reload intro animation duration from 2.2s to 1.5s, meaning the weapon reloads faster
Dev Note: We know that some of the Model’s reload animations have been a cause of frustration for players. We’re not done with the Model yet, it’s one of a number of guns that would benefit from a ‘reload checkpoint’ system, and it’s still our intent to introduce a system like that sometime in the next year.
V9S
Increased the damage fall-off start range from 10m to 15m
Increased the damage fall-off end range from 15m to 25m
Increased the damage fall-off multiplier at max range from 62% to 65%, meaning it does slightly more damage at long-range
Content and Bug Fixes
Animation
Fixed an issue where the P90 tactical reload could twist the arm unnaturally
Fixed an issue where the left hand could briefly appear during the Model 1887 Cycle Action when using the Dough Wrangler or Eclipse Shade skins while crouching or inspecting
Fixed an issue in the Practice Range where switching weapons via Change Loadout while reloading could cause the new weapon to continue playing the reload animation incorrectly
Fixed an issue causing Light Contestants’ hands to twist unnaturally during interactions from a certain angle, such as stealing a Cashout
Fixed an issue where Contestants could appear to run in place when lightly pushing the left stick forward on a controller
Improved the animation transition from deploying to zooming in, most noticeable with the RPG-7
Fixed an issue where an Akimbo pistol could appear to float during hazard reaction animations (e.g., gas or fire) or during Quick Melee
Weapons are more responsive animationwise when firing from the hip while sprinting
Audio
Fixed an issue where the XP-54 empty reload sound could continue playing after the animation was interrupted (e.g. picking something up or interacting)
Tuned the audio mix for the Pocket Pop & Play charm’s mini-game
Fixed an issue where the announcer’s elimination-streak line could become very quiet mid-sentence
Fixed a missing reload sound on the ARN220 so it’s audible to other players
Reduced unintended rattling/foley audio that could loop during idle or light movement, most noticeable when using the M60
Voice lines requesting revives from players who are far away are now suppressed to reduce audio spam
Added a confirmation beep when recalling deployable gadgets
Fixed an issue where the Riot Shield's deploy animation sometimes played no sound, including during the Choose Contestant Pack
Contracts
Fixed an issue where ""Get X eliminations in a single match, X times"" Contracts could progress multiple times within a single round
Fixed issues in several Contracts where cash from the last Cashout in Quick Cash wasn't counted, the last kill in TDM wasn't counted, or cash from the last won round in TDM was counted twice
Fixed an issue where ""Restore 1000 health to teammates"" contract could be progressed through self-healing
Healing Emitter healing now correctly counts toward the ""Restore 1000 health to teammates"" contract
Cosmetics
Emote props no longer fall through the floor during use
Store offer previews for custom animations now match the animations rarity
Added the ability to favorite skins for use with skin randomization
Fixed blurriness affecting large headwear on Player Cards
Fixed the hair from Liquid Assets to stop clipping with certain headwear
Fixed clipping issues between the Captain Ironmark Head and ballistic masks for better character appearance
Fixed exposure compensation for TGM25 Red & Gold weapon skins so the red stripe no longer appears too dim in bright light or too bright in dark lighting
Moved the PULSAR Ski Mask from Facewear to Headwear
The cap is now removed when wearing the Skimask with hoods to avoid clipping
Fixed visual distortion and spawn delay when using the Pressed Advantage gesture while moving
Fixed clipping on the Bats & Jacks upper body item when using the muscular Heavy body type
Adjusted the R.357 inspect animation to reduce finger clipping when using the QuickSpark sight with the Plundersteel skin
Fixed an issue where the Minigun's Loadout Loaded Deploy animation sometimes played only partially
Fixed an issue where some CL40 skins applied the wrong texture to projectile shells
Fixed cases where headwear could clip with ears or nose on certain face shapes
Added an Ogre voice effect when equipping the Ogre Head item
Fixed severe clipping on the La Furia Cempasúchil headwear at lower settings
The Protocol Core and Shadowframe Suit now supports Pets and is compatible with upper-back items
Fixed an issue where Player Cards could appear low-resolution in menus
Fixed an issue where Contestant Pack icons on player cards could appear blurry
Adjusted sticker placement on the FCAR Disciple of Sound skin so stickers are no longer obscured by the hand during the Inspect animation
The CL-40 skins Corecharge Melt, Arcadia Obliterator, and Toybox Trigger now eject the correct casings (spent cans, retro cylinder, and toy shells) instead of default shells
All eyes will now work with the Arch Rival face
Fixed distortion on the Stacktrace Reaper and Verisect Duality skins for the .50 Akimbo, improving visual clarity
Adjusted the diver outfit in first-person view by reducing shoulder size and removing the net to prevent visual obstruction
Gadgets
Thermal Bore
Fixed an issue where the Thermal Bore could pass through surfaces (including Goo) without activating
Game Modes
Point Break
Due to technical limitations, Point Break will not be available for PS4, which is part of why we will end support for PS4 in Season 10
Private Matches
Added support for the Point Break Game Mode
Quick Cash
Fixed a rare issue where cashout stations stopped spawning
Fixed a rare issue where cashboxes could not be inserted
Powershift
Due to a snag in the travel path of the platform, Kyoto has temporarily been removed from rotation and will return in 9.4
Gameplay
Cannons are now physics-enabled, reacting to movement, forces, and collisions for more dynamic interactions
Fixed an issue where aim assist could continue targeting an eliminated player
Fixed an issue with aim assist that would cause it to move incorrectly when switching between targets
Fixed an issue that would cause the reload to start to early after firing the last bullet on some weapons
Thrown Carriables now activate more reliably when thrown
Fixed an issue where firing immediately after equipping some weapons could result in missing firing and recoil animations
Fixed friendly Practice Range bots not shooting at enemy bots and enemy bots not shooting at the player
Fixed an issue where switching from the Lockbolt to the M60 or Lewis Gun caused ADS times to be longer than intended
Fixed an issue where attempting to retrieve a Guardian Turret or Healing Emitter immediately after equipping it could ignore the input
Fixed an issue with Ziplines that would sometimes make contestants jitter when using them
Fixed an issue with Quick Melee not respecting cooldown when swapping items
Dev Note: This change addresses the Quick Melee ‘rapid fire’ exploit that we’ve seen in matches recently
Maps
Nozomi/Citadel
Fixed floating ivy
Fixed z-fighting (where two textures are overlapping, causing them to flicker) between overlapping ground materials, including areas under a staircase, to improve visual clarity
Fixed an issue where objects in the CNS streets area could disappear when viewed from above
Monaco
Enabled Smooth Destruction on all buildings, allowing them to collapse into nearby structures to cause more realistic looking destruction
Refined destruction in the Cathedral area
Fixed a hole in the ground near the Cathedral that could appear after a wall was destroyed
Seoul
Fixed collision on a backdrop to prevent unexpected interactions
Fixed a misaligned occluder on the mall facade that caused visual glitches and allowed players to clip into the wall and fire from unintended angles
Adjusted geometry in the Under Construction variant to prevent players from clipping into a vent and firing from an unintended position
Fixed an occlusion issue on an apartment building that could allow clipping and unintended line-of-sight through walls
Bernal
The Hotel’s pool jump pad is now present in all variants and game modes
Fixed floating tree branches after destroying a stump in the Residential area
P.E.A.C.E. Center
Fixed floating sandbags after destruction
Kyoto
Adjusted cover and traversal options around Hillside, Pavilion, Training Quarters, Guest House, Entrance and Villa Compound to account for vegetation optimizations and readability improvements
Simplified basement layout of the Entrance building
Adjusted the map border in the Villa Compound (TDM) so it no longer cuts through a jump pad
Brightened materials for better lighting and optimized the bamboo backdrop for improved visual clarity
Cleaned up a small fence near the new central jump pads
Fixed incorrect wallpaper material in the entrance house
Fixed missing collision on the lake beneath the bridge in the Villa Compound area
Fangwai City
Added Fangwai City to the map rotation for Cashout, Ranked Cashout, Quick Cash, Head 2 Head and Team Deathmatch
Fortune Stadium
Fixed incorrect materials on some building modules
SysHorizon
Fixed a spot where players could become stuck on a campus rooftop
Performance
General
Instant Replays now use an updated download system that improves performance during playback
Improved performance by reducing redundant shader and state work during matches
Kyoto
Optimized physics to improve performance
Reworked vegetation around the Villa Compound storehouse to improve performance and readability
Reworked bamboo forest around the Entrance, Guest House and Hillside to improve performance
Rendering
Reduced flickering artifacts of ambient lighting, especially in movement on vegetation
Fixed an issue that sometimes caused textures and meshes to flicker between higher and lower quality states
Adjusted streaming budgets on Xbox Series S, resulting in fewer blurry textures and low-poly models visible
Social
Added expanded privacy settings in Social options, including muting individual notification types or muting all notifications
Removed redundant ""Join Their Party"" option in the Social menu when already in a party
Fixed an issue where using a controller to report a player from the Blocked tab in the Social menu could prevent the Send Report button from being selected after entering text
Fixed an issue where accepting a Discord party invite on an unlinked account would not place you in the party
Console text chat: The virtual keyboard now stays open during HUD transitions and respawns, preventing messages from being cleared
Added the ability to invite Club members to your party directly from the Clubs screen, including a quick invite option
Fixed an issue where the quick invite button could reappear on Player Cards before an invite expired
Fixed an issue that prevented party voice chat from working and sometimes failed to show the voice chat icon next to teammates
Blocked players are now clearly marked in Clubs, and Invite to Party is no longer available for them in Clubs or the Player Info panel
Fixed an issue where Private Match could appear locked for parties of 4 or 5, preventing lobby creation in World Tour
Specializations
Dematerializer
Fixed an issue where the wall preview would appear before the Dematerializer could actually be activated, causing some button presses to be ignored
Winch Claw
Fixed an issue where a player could be winched after teleporting with via the Gateway
Fixed an issue where, in certain scenarios, the Winch could pull players through walls, by reducing pull speed and making the Claw release the target if they become stuck
Reduced cases where the hook could connect to opponents behind cover by requiring recent line-of-sight to attach to targets
Spectator
Fixed a bug that prevented Spectators from switching between Contestants in Private Matches using Prev/Next inputs
Stability
Improved late-join behavior so map destruction is correctly synchronized when entering an ongoing match
UI
Fixed the new item marker for Appearance cosmetics to they now appear on the Appearance tab and clear correctly when inspected
Added team icons and a dedicated icon for team wipes in the elimination feed, visible to both players and spectators
Added a Specialization icon to player health bars and a setting to show or hide it
Added support for friendly opacity when the Enemy Color option is enabled, improving clarity of teammates on screen
Fixed Weapon and Gadget previews appearing offset in the Customization tab
Added a Favorites filter to customization items to make browsing favorited cosmetics easier
Reworked Motion Blur settings: added a new ""Weapon Only"" mode that applies blur only to the first-person weapon and hands, and a slider to adjust motion blur intensity
Updated tooltip descriptions for the Effects and Overall quality settings in Video Options
Fixed a rare issue where certain in-game HUD elements could disappear when skipping replays
Fixed an issue where SR-84 ADS did not appear in spectator view and Instant Replays
Fixed an issue where store tiles could display the wrong video or thumbnail after scrolling
Fixed a missing reload input hint for the Minigun when input hints are enabled
Fixed an issue where Contestant tiles could briefly appear as black on the pack selection screen at match start
Fixed an issue with controller where you could lose focus on the Loadout selection overlay when pressing the ping button
Fixed an issue where skipping an Instant  Replay could leave the screen red until respawn
Fixed an issue where player and enemy outlines could display in red instead of the correct squad color
Fixed an issue where Player Card backgrounds could reset when navigating back in the customization screen
Added quality settings to the RTXGI editor menu, including an option to toggle software global illumination
Fixed the APS Turret health bar not updating when shot and lingering briefly after the Turret was destroyed
VFX
Fixed an issue where destruction debris on Monaco could fall out of bounds when landing on indestructible ground
Weapons
Melee Weapons
Fixed an issue that allowed melee attacks to be animation-cancelled to attack faster than intended
Known Issues
Battle Pass
When purchasing the Premium+ and Ultimate Battle Pass, you may need to refresh by exiting and re-entering the Battle Pass Screen in order to see your 20 unlocked tiers
Security
A new season and a new update from the Anti-Cheat team.
As a result of rolling out Denuvo and Anybrain we've gained additional datastreams, resulting in a significant upgrade to our cheat detection capabilities. Perhaps one of the most significant upgrades since we started this journey.
As a result, detections related to input manipulation, aimbotting, anti-recoil, as well as hardware-assisted cheats have gone up significantly.
This uptick in detections has led to a string of community discussions where players feel they have been banned for no apparent reason. To address this we have conducted a series of investigations to rule out any false positives. It’s worth noting that some of our detections are conservative in nature. They gather data over time, minimizing the possibility of a false positive.
There are lots of moving pieces in this line of work and the cheating landscape is constantly evolving, but so are we.
As always, we are in it to protect you, our players!
///Magnum

THE FINALS © 2022-2026 Embark Studios AB. THE FINALS and EMBARK trademarks and logos are trademarks or registered trademarks of Embark Studios AB. NEXON trademark and logo are trademarks or registered trademarks of NXC Corporation. © 2026 Sony Interactive Entertainment LLC. PlayStation, the PlayStation Family Mark, PS5, the PS5 logo, PS4 and the PS4 logo are registered trademarks or trademarks of Sony Interactive Entertainment Inc. Microsoft, the Xbox Sphere mark and Xbox Series X|S are trademarks of the Microsoft group of companies. © 2026 Valve Corporation. Steam and the Steam logo are trademarks and/or registered trademarks of Valve Corporation in the U.S. and/or other countries. © 2026 Epic Games, Inc. All rights reserved. Unreal, Unreal Engine and their respective logos are trademarks or registered trademarks of Epic Games, Inc. in the U.S. Patent and Trademark Office and elsewhere. NVIDIA, the NVIDIA logo and the GeForce Now logo are trademarks and/or registered trademarks of NVIDIA Corporation in the U.S. and/or other countries."
Restoring Ranked Rewards,2025.12.09,https://www.reachthefinals.com/patchnotes/s9rewards,"Yesterday we announced changes that would shift Ranked weapon skins into the newly designed World Tour. After hearing from you, it’s pretty clear we missed the mark.
These skins have history. Gold, Platinum, Diamond rewards (and Ruby, of course) represent years of competition and pride. They signal mastery and dedication. Moving them into a general progression track weakened that legacy.
Today, we’re restoring them to Ranked.
What will World Tour and Ranked look like now?
To protect the meaning of these rewards, we are rolling back the update before Season 9 launches tomorrow. Here is the corrected reward structure:
Gold, Platinum, Diamond weapon skins stay in Ranked
Diamond player emblems stay in Ranked
Ruby rewards remain for the Top 500 in Ranked
Charms and Stickers stay in the new World Tour, which you also progress while playing Ranked Cashout, Cashout, or any other modes in the game
Emerald-tier rewards are earned in World Tour
Multibucks rewards are earned in World Tour
World Tour now refers to the main progression system for the whole game, and each and every Mode, including Ranked Cashout, will contribute to the Badge Tiers. You may also have seen that we’re switching weapon skin rewards to coins that allow you to choose the skin for the Weapon of your choice. You’ll see that shop in Season 10, when your Season 9 reward coins will be delivered to your account.

Why We Made the Original Change
When we set out to design our updated progression systems for Season 9 we had two main goals. We wanted to be more respectful of players' time and we wanted to ensure they would feel rewarded regardless of how they chose to play the game.
To solve this, we wanted all game modes to contribute to progressing World Tour, so we consolidated the Quick Play, World Tour and Ranked progression systems as much as we could, so most of your efforts were contributing to one system, rather than forcing players to play across three different progression systems.
In this process of merging these systems, we felt most Ranked players play for the prestige of achieving their rank and showing off their skill level to others, and expected that this could be achieved via unique Ranked badges and background for playercards. From this perspective, and seeing that most Ranked players would also be very likely to achieve high World Tour ranks with the consolidated system, we decided to move the Weapon Skin rewards across to World Tour so that more players would have the chance to earn them.
What we underestimated was how important these weapon skins are as the primary way Ranked players show their skill. Unlike playercards, weapon skins are visible in first-person spectating and in key moments of play, which gives them a unique role in expressing prestige. We missed that impact. Player feedback helped us see it clearly.
Thanks to your fast and earnest feedback to the Preview Event, we are choosing to roll back this change to Weapon skins before it takes effect. All the other changes to World Tour and Seasonal progression stay, and we believe those improvements will have a strong, positive effect starting in Season 9.
What Happens Next
Season 9 goes live tomorrow with Ranked rewards restored to their rightful place. Thank you for speaking up. Your feedback helped us protect something important.
We will continue refining the experience so that World Tour stays rewarding and Ranked stays meaningful.
These changes are coming in hot and might not be present in the images and text in the launch build for Season 9. However, we’re working right now to make sure they are reflected in the game as soon as possible.
//THE FINALS Team

THE FINALS © 2022-2026 Embark Studios AB. THE FINALS and EMBARK trademarks and logos are trademarks or registered trademarks of Embark Studios AB. NEXON trademark and logo are trademarks or registered trademarks of NXC Corporation. © 2026 Sony Interactive Entertainment LLC. PlayStation, the PlayStation Family Mark, PS5, the PS5 logo, PS4 and the PS4 logo are registered trademarks or trademarks of Sony Interactive Entertainment Inc. Microsoft, the Xbox Sphere mark and Xbox Series X|S are trademarks of the Microsoft group of companies. © 2026 Valve Corporation. Steam and the Steam logo are trademarks and/or registered trademarks of Valve Corporation in the U.S. and/or other countries. © 2026 Epic Games, Inc. All rights reserved. Unreal, Unreal Engine and their respective logos are trademarks or registered trademarks of Epic Games, Inc. in the U.S. Patent and Trademark Office and elsewhere. NVIDIA, the NVIDIA logo and the GeForce Now logo are trademarks and/or registered trademarks of NVIDIA Corporation in the U.S. and/or other countries."
Update 8.12.0,2025.12.04,https://www.reachthefinals.com/patchnotes/8120,"It’s the last update before Season 9! That’s when
Dragon Rising
starts and we begin year 3 of THE FINALS!
To everyone who attended
The Grand Major 2025
, watched from home, cheered us on, and supported the teams, we want to extend a huge thank you! We can’t wait for TGM26 and to lose our voices all over again screaming in the stands!
Congratulations to NTMR
on taking home the trophy!

STORE UPDATE
| MISS ELIMI-LATTE SET
Picture this: the sound of coins falling, the sweet taste of victory blending with a warm pumpkin-spice latte… The Cashout is yours, Contestant. This week, let the competition know you cannot be bothered, and if they don’t understand, share your warmth by throwing your cup directly at their face. Sharing is caring, after all.

EVENT
| SPONSOR SHOWDOWN
Two sponsors, only one winner, Sponsor Showdown has begun! Playing any game mode in THE FINALS will earn fans for your chosen sponsor. It’s time to show the audience what you’re made of as HOLTOW and TRENTILA are closely watching over the Arena.

PREVIEW EVENT |
DECEMBER 8
There’s no better way to celebrate the 2 year Anniversary of THE FINALS than a streaming event to showcase Season 9! Tune in to your favorite streamer for a first look at the new season!
If you are a content creator and would like to be included in the Preview Event,
sign up here
for an opportunity to be invited!

THE FINALS © 2022-2026 Embark Studios AB. THE FINALS and EMBARK trademarks and logos are trademarks or registered trademarks of Embark Studios AB. NEXON trademark and logo are trademarks or registered trademarks of NXC Corporation. © 2026 Sony Interactive Entertainment LLC. PlayStation, the PlayStation Family Mark, PS5, the PS5 logo, PS4 and the PS4 logo are registered trademarks or trademarks of Sony Interactive Entertainment Inc. Microsoft, the Xbox Sphere mark and Xbox Series X|S are trademarks of the Microsoft group of companies. © 2026 Valve Corporation. Steam and the Steam logo are trademarks and/or registered trademarks of Valve Corporation in the U.S. and/or other countries. © 2026 Epic Games, Inc. All rights reserved. Unreal, Unreal Engine and their respective logos are trademarks or registered trademarks of Epic Games, Inc. in the U.S. Patent and Trademark Office and elsewhere. NVIDIA, the NVIDIA logo and the GeForce Now logo are trademarks and/or registered trademarks of NVIDIA Corporation in the U.S. and/or other countries."
Update 8.11.0,2025.11.27,https://www.reachthefinals.com/patchnotes/8110,"NEW CONTRACTS |
BLAST OFF SOUR CORE
BLAST OFF SOUR CORE new contracts are now in! POP. POUR. PERFORM and get brand new OSPUZE to show off in the Arena.
This limited time event lasts up until the end of the Season.

STORE UPDATE |
MYTHIC ITEMS AND A NEW SALE
This week's store update is bringing up an Arena’s Legend with the Ursa Set. Born from MultiCo’s Early-Talent Program, Ursa dominated the arenas for years, turning every match at every Grand Major into a spectacle.
Bring up the heat with the Flame Fusion Set, fly like a butterfly and sting like a bee with the Silent Sakura Set, and make the sponsors proud with the M.E.T.P Honors. Show off your skills with the P90 Motion Pack.
We’re also running a sale on a few favorite items:
Noctovantage Set, The Aggressor, Rose Garden Set, HOLTOW Insurance Set, Jockoflorian, and Juggle Jam.
New countries are also joining the parade of nations: welcome Jamaica, Iceland, Philippines, and Croatia!

WORLD TOUR STOP |
DEAD GO TOXIC
World Tour is deadlier than ever in the new Dead Go Toxic! A new twist on the classic Dead Go Boom, you better be careful in close contact! Upon elimination, contestants drop gas bombs that will trigger after a few seconds. Don't stay in the radius or get poisoned.

EVENTS |
THE GRAND MAJOR 2025
Tomorrow is the biggest event THE FINALS has seen yet, The Grand Major 2025! 16 teams, 2 days of competition, only one Champion.
Take part of History in person at Dreamhack Stockholm, or join us virtually via Twitch and YouTube.
Join us Friday 28th, 12pm CET & Saturday 29th, 10am CET.

SPOILERS |
SEASON 9
While you may have seen some teasers on our channels, the best is yet to come! Connect Saturday 29th at 2:30PM on the Dreamhack Stream for Season 9 reveals. Right on stage, Creative Director Gustav will be showing us some previews for the Season to come.
SEE YOU IN THE ARENA

THE FINALS © 2022-2026 Embark Studios AB. THE FINALS and EMBARK trademarks and logos are trademarks or registered trademarks of Embark Studios AB. NEXON trademark and logo are trademarks or registered trademarks of NXC Corporation. © 2026 Sony Interactive Entertainment LLC. PlayStation, the PlayStation Family Mark, PS5, the PS5 logo, PS4 and the PS4 logo are registered trademarks or trademarks of Sony Interactive Entertainment Inc. Microsoft, the Xbox Sphere mark and Xbox Series X|S are trademarks of the Microsoft group of companies. © 2026 Valve Corporation. Steam and the Steam logo are trademarks and/or registered trademarks of Valve Corporation in the U.S. and/or other countries. © 2026 Epic Games, Inc. All rights reserved. Unreal, Unreal Engine and their respective logos are trademarks or registered trademarks of Epic Games, Inc. in the U.S. Patent and Trademark Office and elsewhere. NVIDIA, the NVIDIA logo and the GeForce Now logo are trademarks and/or registered trademarks of NVIDIA Corporation in the U.S. and/or other countries."
STORE Update 8.10.0,2025.11.20,https://www.reachthefinals.com/patchnotes/8100,"STORE UPDATE
| THRASH HARVESTER SET
You know TRENTILA for its real fruits, grown in the Transatlantic Landfill from postconsumer sediment, but now is the time to also gear up for the Arena. This week, TRENTILA is bringing only
the best in terms of fashion and firepower.
Make them taste the difference!
That’s not all, you’ve already met ÖRF and his friend Chubble, well it’s only fair we bring their third companion:
Pip!
Listen, there’s a lot we could say about Pip, but... We’ll let you figure that one out yourself.
And a warm welcome to India, Czechia and Peru, joining the rest of the Calling bundles!

TGM25
| THE GRAND MINGLE 2025
With only days separating us from the biggest event in the history of THE FINALS, how about
we invite YOU to come meet US?
We will be at the
Quality Hotel Globe on November 27 from 6PM to 10PM CET
, with some drinks and snacks. If you’re interested and you’re in Stockholm for the Grand Major, feel free to fill the form below, and we’ll see you there!
Sign up for the
Meet-up
is available here
:
The Grand Mingle 2025

THE FINALS © 2022-2026 Embark Studios AB. THE FINALS and EMBARK trademarks and logos are trademarks or registered trademarks of Embark Studios AB. NEXON trademark and logo are trademarks or registered trademarks of NXC Corporation. © 2026 Sony Interactive Entertainment LLC. PlayStation, the PlayStation Family Mark, PS5, the PS5 logo, PS4 and the PS4 logo are registered trademarks or trademarks of Sony Interactive Entertainment Inc. Microsoft, the Xbox Sphere mark and Xbox Series X|S are trademarks of the Microsoft group of companies. © 2026 Valve Corporation. Steam and the Steam logo are trademarks and/or registered trademarks of Valve Corporation in the U.S. and/or other countries. © 2026 Epic Games, Inc. All rights reserved. Unreal, Unreal Engine and their respective logos are trademarks or registered trademarks of Epic Games, Inc. in the U.S. Patent and Trademark Office and elsewhere. NVIDIA, the NVIDIA logo and the GeForce Now logo are trademarks and/or registered trademarks of NVIDIA Corporation in the U.S. and/or other countries."
THE GRAND MAJOR 2025 | TALENT LINEUP,"THE FINALS © 2022-2026 Embark Studios AB. THE FINALS and EMBARK trademarks and logos are trademarks or registered trademarks of Embark Studios AB. NEXON trademark and logo are trademarks or registered trademarks of NXC Corporation. © 2026 Sony Interactive Entertainment LLC. PlayStation, the PlayStation Family Mark, PS5, the PS5 logo, PS4 and the PS4 logo are registered trademarks or trademarks of Sony Interactive Entertainment Inc. Microsoft, the Xbox Sphere mark and Xbox Series X|S are trademarks of the Microsoft group of companies. © 2026 Valve Corporation. Steam and the Steam logo are trademarks and/or registered trademarks of Valve Corporation in the U.S. and/or other countries. © 2026 Epic Games, Inc. All rights reserved. Unreal, Unreal Engine and their respective logos are trademarks or registered trademarks of Epic Games, Inc. in the U.S. Patent and Trademark Office and elsewhere. NVIDIA, the NVIDIA logo and the GeForce Now logo are trademarks and/or registered trademarks of NVIDIA Corporation in the U.S. and/or other countries.",https://www.reachthefinals.com/patchnotes/tgm25-talent,"THE GRAND MAJOR 2025
is finally here, and we’ve got a lineup of hosts, casters, analysts and incredible talent to guide you along every step of the way! Don’t miss a single amazing play in our intense grand finale to the very first official esports tournament for THE FINALS!
Join us
November 28 and 29
at
DREAMHACK Stockholm
, or on
Twitch
for two days of fierce competition!
16 teams will compete, 8 teams will make it to day two, and only 4 will reach THE FINALS and face off for the
Grand Champion title
!

Let’s take a closer look at the
talented folks
who will give Scotty and June a run for their money during the event:

Oscar |
Stage Host
On the stage at DreamHack, we’ll have Oscar, Community Lead for THE FINALS and your stage host for The Grand Major 2025. With his charming ability to connect with players, developers, and audiences alike, Oscar has been at the heart of forging this game’s move into the esports spotlight. His enthusiasm for the community shines through everything he touches, from announcing the game’s competitive debut to steering its future. As we gather to celebrate the top teams, Oscar will guide us through the action with insight, energy, and that signature warmth he brings to every stream and event. Get ready for a masterful spectacle under his direction! This is one you won’t want to miss.

Ardy
|
Studio Host & Caster
Even before THE FINALS officially launched, Ardy was involved in its esports scene as a caster. From kill races during Open Beta to queue sniping in season 1, the esports scene has seen many iterations before becoming what it is now. Throughout this time, Ardy has been focused on understanding what drives THE FINALS esports scene forward. From the individual background of every player that competes, to the choices they make both in and out of the virtual Arena, Ardy's goal is to tell these stories and to build up the scene from the inside out. But to him, it's not only about the players you see on signed teams. Creators, fellow commentators, enthusiasts, drip specialists, off-meta demons, and everything in between… it’s being able to share this scene with so many talented and passionate people is what makes it all worth it in the end.
""The Grand Major is here. There are so many stories to tell, and I'm so thankful to have a hand in telling them.""

Rio |
Caster
THE FINALS is the game Rio has waited for his entire life. Its chaos, creativity, and destruction create a style of FPS that feels alive, and the competitive scene pushes that energy to an entirely new level. As soon as it launched, he dove straight into the growing competitive scene as a caster. He began in small grassroots tournaments, but his passion and voice quickly carried him into larger events, and before long he was a central part of the competitive scene. He is genuinely thankful to share this journey with such a passionate scene and is excited to showcase what makes this game so special to audiences around the world at The Grand Major 2025.

Sonsoyo |
Caster
For Sonsoyo, casting THE FINALS is about more than just calling the action, it’s about understanding the competitor’s heartbeat. His own background as a competitive player gives him a deep insight into the high pressure moments of a match, translating the split second decisions and intricate team strategies into a clear, compelling story for the audience. He doesn't just see what's happening, he sees the why behind every push, rotation, and steal attempt. This unique perspective was forged not only in the virtual Arena but also behind the scenes as the co-founder of Ape Squad. Being deeply involved in this amazing community has given him an intimate look at the dedication, sacrifice, and teamwork required to succeed at the highest level. It is this shared experience that fuels his passion. He is committed to honoring those players and is thrilled to bring their powerful stories to light on the ultimate stage at The Grand Major 2025.

Gerry |
Caster
Gerry here! I'm London born and bred, a lifelong musician, and since 2019 an on-screen talent mainly for FPS esports. Somehow the Major talent team has two CL-40 mains… I'm the bald one.
I've been playing THE FINALS since Open Beta, have commentated for every major community esports event, and have hosted some of my own, and I was also a part of TGM25 Closed Qualifiers. It has long been a dream of mine to lend my voice to a tier-1 event and I couldn't be more honoured and thrilled to be here! It has been a long road for so many of us. The greatest quality of esports is how it brings people together. The best part of Closed Quals was finally meeting the friends who I have shared this journey with in person. At DreamHack, we’ll go one step further and get to meet all the players, chatters, and other friends coming to Stockholm. We're all here because we love THE FINALS, so I'm hoping the best teams in the world give us a gameshow to remember! I'll be rushing to meet everyone at DreamHack after each day of games, don't be afraid to say hi!

Waltz |
Caster
Never has a game hooked me the way THE FINALS did. A lifelong fan of RTS and MOBAs, I never thought an FPS could ever capture my imagination, but from the moment I saw the creativity and strategy possible in this game I had to see just how far it could be pushed. I've been lucky enough to work on almost every major event for THE FINALS, and watching the scene grow and thrive has been both thrilling and gratifying. The passion in this community is second to none, and the talented people in this community truly make THE FINALS esports something unique in a sea of competitive games. The Grand Major is only the beginning, and I cannot wait to see what the future holds!

NeonGutz |
Broadcaster
NeonGutz, Grapple God, unofficial bug tester. A member of the Embark Partner Program and avid THE FINALS player, NeonGutz will be joining Oscar at DreamHack in the expo hall and the stage, to hype up the crowd and provide colorful (if the color is orange…) commentary throughout the event.
“I love THE FINALS because what other game allows you to fly through air, take a portal off the map and turn your enemies to coins?”

BurritahSupreme |
Community Observer
'Ethan' is my actual name.
From the first time I laid eyes on the competitive scene of THE FINALS, I was HOOKED! I'd never really watched esports before, but since then I've helped organize, observe, produce, and sponsor over 50 competitive events across EU and NA. As the Talent and Production Manager for PHL, I'm looking forward to bringing my skills to the big day!

THE GRAND MAJOR 2025
is coming
faster than ever
! Get ready to support your favorite team and to experience the Arena like never before.
See you in Stockholm!

THE FINALS © 2022-2026 Embark Studios AB. THE FINALS and EMBARK trademarks and logos are trademarks or registered trademarks of Embark Studios AB. NEXON trademark and logo are trademarks or registered trademarks of NXC Corporation. © 2026 Sony Interactive Entertainment LLC. PlayStation, the PlayStation Family Mark, PS5, the PS5 logo, PS4 and the PS4 logo are registered trademarks or trademarks of Sony Interactive Entertainment Inc. Microsoft, the Xbox Sphere mark and Xbox Series X|S are trademarks of the Microsoft group of companies. © 2026 Valve Corporation. Steam and the Steam logo are trademarks and/or registered trademarks of Valve Corporation in the U.S. and/or other countries. © 2026 Epic Games, Inc. All rights reserved. Unreal, Unreal Engine and their respective logos are trademarks or registered trademarks of Epic Games, Inc. in the U.S. Patent and Trademark Office and elsewhere. NVIDIA, the NVIDIA logo and the GeForce Now logo are trademarks and/or registered trademarks of NVIDIA Corporation in the U.S. and/or other countries."
Update 8.9.0,2025.11.13,https://www.reachthefinals.com/patchnotes/890,"Welcome to update 8.9!

This week, we’re bringing some fresh content your way as well as a long list of bug-fixes, quality-of-life changes and performance improvements thanks to various engine-level optimizations. This update also includes a more robust Spectator mode, an essential feature for our community and the upcoming Grand Major 2025. Season 9 is right around the corner and the team has been hard at work, and we can’t wait to share more with you all soon.
Let’s take a look at everything Update 8.9 has to offer:

NEW LIMITED-TIME MODE
| BLAST OFF SOUR CORE

Welcome to the BLAST OFF SOUR CORE! Enter a sour-apple flavored section of Bernal with your tuned-up CL-40, Jump Pad and Evasive Dash and take to the skies! With low gravity on and launch pads in every corner, you’ll do your best work in mid-air!
In this iconic 3 vs 3 Limited-Time Mode, movement is the key to victory. Keep your energy up and never let your guard down!
Out-blast the competition while enjoying a cold OSPUZE courtesy of our generous guest Sponsor! This event will run longer than usual, giving you plenty of time to complete contracts,
earn up to 10 free rewards
, and make sure your name shines on the top of the leaderboard!
POP. POUR. PERFORM.

STORE UPDATE
| WILD POUR WEST SET
This week’s update is all power, no sugar, thanks to OSPUZE.
POP em’ faster than they can PERFORM with the
Wild Pour West Set
and if necessary, the
Zestinator RPG
is there to make your message extra clear. And so much more!

ESPORTS |
GET READY FOR THE GRAND MAJOR 2025
In case you missed it, check out this hype trailer to get you ready for the Grand Major 2025! We’re getting closer to the big date now! We’ll see you at DreamHack, in person or on Twitch!

UPDATES |
PRIVATE MATCH SPECTATOR
Private Match Spectator mode just got smoother and sharper. Hosts can now set separate squad colors for players and spectators, making it easier to follow the action. The team HUD now shows exactly who’s stealing a Cashout, so spectators never miss a clutch moment. We’ve also cleaned things up, the round counter is gone from single-round modes like Blast Off, and that pesky controller bug in the lobby navigation has been fixed.

STARTER BUNDLE |
NEW CONTESTANT PACK + 1500MB
New Contestants who want to top up their Multibucks and their style now have the New Contestant Pack, a bundle that comes with OSPUZE gear and 1500 Multibucks. Pick up this one time deal today, Sofia is watching!

SOCIAL |
VOICE MODERATION TEST
In an effort to improve the quality and safety of Voice Chat, we’re rolling out the testing of a voice moderation system to help keep conversations safe and enjoyable for everyone. To accommodate the new system, you’ll need to venture into settings and re-enable voice chat and voice moderation in order to participate in voice chat!
We’ll be monitoring this tool to see if it is effective in helping to combat abusive comms in game, hopefully making it safe and fun for more Contestants to enter the Arena with a mic! Your feedback will be an important part of this evaluation process.

EVENT
| XP & FANS BOOST ENABLED

Need a hand finishing your Battle Pass or gathering some extra Fans for your Sponsor track? We’ve got you covered! Starting now, you’ll get
200% XP for Daily Contracts and up to 150% XP
and Fans for gameplay all the way until the end of the season!
To celebrate the season, we’re calling this one
MAJOR XP!

UPDATE |
PLAYSTATION 4 SUPPORT
With each new Season of THE FINALS, our technology keeps pushing forward with recent features like Smooth Destruction and Instant Replays and major upgrades in performance and optimization. These improvements are shaping the future of the game, but they also demand more from the hardware that runs it.
As we continue to advance, it’s become increasingly difficult to maintain and optimize PlayStation 4 support, without limiting the features and gamemodes we want to create. Some of our latest systems simply aren’t compatible with the older generation’s technology, and ensuring an identical experience for our players across all platforms means making some tough trade-offs.
When Season 10 begins (18th of March, 2026), we’ll be retiring the PlayStation 4 version of THE FINALS and focusing our support on newer platforms.
From that point on you’ll need to play on one of those platforms to keep enjoying the game (your progress and purchases will be stored in your Embark ID and will transfer to anywhere you choose to play). We’re finalizing the details now and we’ll share more information shortly.
Our focus now is on delivering the best possible experience across modern platforms where we can take full advantage of the tech that drives THE FINALS forward.
We’re incredibly grateful to everyone who’s been part of the PS4 community!

REWARDS |
TWITCH DROPS
To celebrate the release of OSPUZE SOUR CORE in the meatspace we’ve got a brand new suite of refreshing Twitch Drops coming your way! Watch any of your favorite THE FINALS creators for a total of 4 hours to earn all three drops!

IMPROVEMENTS |
QUALITY OF LIFE
Notable fixes in this update include the addition of Instant Replays to Xbox Series S! Never miss a play!
We’ve also fixed a very annoying bug that would prevent players from using Respawn Tokens after being revived while in the Loadout Change screen.
We’ve also been digging deep into performance this patch, identifying many of the in-game stutters that were caused by high memory pressure on the client side. This update brings major optimizations to help fix that including smarter shader caching (cutting precompiled shaders by 25% and PSO memory by 20%), leaner textures, graphics, and collision meshes, plus smoother replays and improved threading on lower-core CPUs. We’ve also tuned raytraced global illumination for better performance and cleaned up the Weapon and Gadget customization screen. In short,  fewer hitches, faster loads, and a smoother ride all around.
Let’s dig into the details:
Content and Bug Fixes
Animation
Fixed a first-person visual issue where the Heavy body could briefly clip into view when sliding when looking down
Fixed an issue where the first-person arm could sweep across the screen when repeatedly picking up and dropping Arena Carriables
Fixed a brief distortion in the Recurve Bow charging animation when starting a shot immediately after attaching to a Zipline
Fixed a first-person animation issue that could make hands look distorted when inspecting the Pyro Grenade while vaulting
Fixed an issue where the throwing animation could loop after firing the Recurve Bow and quickly swapping to throwable gadgets
Updated the sprint animations for Recurve Bow and Sledgehammer
Fixed a first-person animation issue where the left hand could jitter or clip when performing the Dagger Primary Attack, followed immediately by charging a Secondary Attack
Fixed an issue where C4 could visibly snap toward the hand when throwing while inspecting
Fixed missing animations in places such as self shadows, emoting, or using the Mesh Shield
Fixed an issue where animations could end up in a distorted state after teleporting through a Gateway
Fixed an issue where Gadget throwing animations could play when vaulting
Improved jump/landing transition animations while winding up Grenade throws
Improved animation blending when inspecting during manual reload on ARN-220 and M26 Matter to prevent hand and finger clipping
Fixed an issue where the Throwing Knives of choice did not appear when thrown
Fixed cases where melee attack animations could fail to play after using a Gadget for Spear, Sledgehammer, Dual Blades, or Dagger
Audio
Cashout
Added more commentator voice line variations when a team is wiped
Customization
Fixed emote holograms overriding the props on gestures
Fixed an issue where performing actions like reload or inspect during an emote could reset the equipped weapon animation to the default animation
The Web Designer Pet now moves smoother
Fixed the rifle hologram in the Top Billing Emote from ALFA ACTA so it now renders correctly on player cards and billboards and appears as a proper hologram instead of a solid mesh
Fixed a visual issue where the left hand could briefly flash on screen while crouching or inspecting during the Model 1887 cycle action when using the Dough Wrangler or Eclipse Shade skins
Added description to heads and headwears that modify the Contestant’s voice
Gameplay
Improved destruction to reduce jitter and prevent buildings from ‘jumping’ during collapses by adding velocity limits and adjusting post-break impulse behavior
Fixed an issue where destruction updates could desync the strain system, causing structures to break excessively
Fixed an issue where Vanishing Bomb invisibility could persist after firing the last bullet of some Weapons
Fixed an issue where changing between crouching and standing during an interaction (e.g. stealing) could cancel it when near the edge of the interaction range
Fixed an issue where you couldn’t respawn with a token after being revived while the loadout screen was open
Fixed an issue where the incorrect team would win in Powershift if Overtime was triggered while the platform was at the center of the map
Fixed an issue where the healing emitter would sometimes not starting healing after throws
Instant Replays
Added support for Instant Replays on Xbox Series S
Optimized the time it takes to transition in and out of Instant Replays
Maps
SYS$HORIZON
Slightly adjusted some of the cubes around the voxel bridge connecting the two Library wings to remove some narrow unexpected sightlines between them and make climbing into the upper floors more intuitive
Fortune Stadium
Fixed Zipline rotation to ensure correct orientation
Kyoto
Fixed grass clipping through Jump Pads and improved their integration with better level dressing and guidance
Corrected in-world branding visuals
Las Vegas
Fixed some ladders and Ziplines around the ENGIMO building having the wrong color
Practice Range
Added the Heaven or Else leaderboard trophy
Fixed an issue where the Loadout selection overlay didn’t block background input
Performance
Dev Note: Various system memory optimizations are listed below. We have seen that high memory pressure can cause in-game stutters due to page faults. The goal of these optimizations is to reduce memory pressure and thus lower the risk of stutters during gameplay.
Optimized shader cache based on graphics quality. Reduces precompiled shaders by ~25% and PSO memory usage by ~20%
Dev note: Note that changing Effects quality during gameplay may trigger shader compilation and cause brief stuttering.
Various optimizations to textures, graphics and collision meshes in order to lower memory usage
Fixed an issue that could cause overly blurry textures and lowpoly meshes when running close to video memory limits
Rebalanced raytraced global illumination graphics quality settings to improve performance
Improved performance on the Weapon/Gadget customization screen
Improved performance by optimizing audio systems
Improved threading efficiency on CPUs with low core count
Private Match
Host can now set squad colors separately for spectators and players
Removed the round counter from the Choose Contestant Pack screen when a mode has only one round (e.g. Blast Off)
Spectators can now see which player is currently stealing a Cashout in the team HUD
Fixed an issue where navigating the Private Match lobby could move focus out of visible options and cause lost menu control when confirming with a controller
Social
Improved reliability and performance of rich presence to more consistently show player status to friends
Friends set to invisible/hidden on their platform no longer trigger “went online” entries in the event log
Fixed an issue where the Social menu didn’t update immediately. Requests, Recent, and Blocked tabs now refresh without needing to leave and re-enter the Social menu
We’re testing a new voice moderation tool, so all voice chat settings are turned off by default in this Update. Go into your settings to re-enable your voice chat by enabling voice moderation
Improved Discord friend presence updates: when a friend returns from Invisible/Offline, their status now refreshes correctly instead of appearing as Online Elsewhere or In Main Menu
Fixed a VoIP issue where leaving a match while in a party would mute both members, requiring them to re-enable voice chat
Fixed a bug where the Xbox icon was shown on the Xbox platform for Discord-only friends
The ‘join game’ functionality is no longer shown on your Steam profile. Now random friends will not be able to enter your party uninvited
Spectator
Improved spectator experience by making the spectator launch into the follow player view after the initial tunnel sequence
Improved spectator death camera: when spectating in first-person and the player you’re watching is eliminated, the camera now briefly tracks the killer before transitioning to their perspective for a smoother handoff
Added a spectator option to hide player names and health bars beyond 80m, with a toggle to control visibility at long distances
Added an option to hide all HUD elements in Spectator mode, including world icons and scoreboards
Spectator HUD: team background color now covers the full bottom bar
Changed the default keybind for toggling ranged health bars from L to Y while spectating on Mouse & Keyboard to avoid overlapping inputs
Improved spectator team view with a gradient backplate and corrected horizontal alignment in the right-side
Added more fine-grained camera control
Fixed an issue where UI glitch/burst damage effects could persist on screen after switching from Follow Player to Free Camera while spectating in Private Matches
Stability
Resolved a rare crash that could happen when ending a private lobby session
UI
Fixed an issue where game mode specific Loadouts could not be re-ordered
Fixed an issue where newly purchased weapon skins and other customization items were not equipped after purchase when selecting equip
Clarified the Social screen by adding separate labels for muting and unmuting voice and text chat
Fixed multiple bugs where Fans earned at End of Round could appear negative
Added a confirmation dialog when creating a new Contestant from Playstyles
Removed non-functional Create Contestant button when at the maximum number of Contestants
Added mouse-over sounds to voice customization and expression lists
Restored missing compass in certain event modes
Modes
Ranked Tournament
Improvements on the tournament introduction and outro screen now more accurately represent the selected archetype and, in some cases, will show more customization options
The Windows activity bar will now flash to notify players of a started game
Team
Deathmatch
We have now added Match Recap to TDM!
Cashout
The scoreboard now considers ongoing Cashouts when sorting teams
Fixed an issue where the distance to the objective was not visible on objective icons
Fixed an issue where the Cashbox distance marker could flicker when many world icons were on screen
Fixed an issue where, if an opposing team is in possession of the Cashbox when a squad respawns, the Cashbox icon could go invisible forever
Clubs
Fixed an issue where the Clubs background theme showed incorrect colors or defaulted to red after viewing the end-of-round landing page
Weapons
Spear
Fixed an issue where the secondary attack could become unresponsive for a few seconds if it was interrupted by the Winch Claw
Security
Updates from the Anti-Cheat team!
Denuvo rollout is now complete and is working almost beyond expectations.
Anybrain rollout is also complete and has proved to be a valuable tool for us in detecting Xim and Cronus Zen like devices.
We are constantly improving our detections and investigating new capabilities to ensure we keep THE FINALS fair and secure for our players. It’s full steam ahead and we’re getting pretty warmed up!
Finally, we’d like to take the opportunity to advise against using third-party tools like Cheat Engine. Depending on how it is used, it could lead to warnings or a direct ban.
/Tom and Magnum

THE FINALS © 2022-2026 Embark Studios AB. THE FINALS and EMBARK trademarks and logos are trademarks or registered trademarks of Embark Studios AB. NEXON trademark and logo are trademarks or registered trademarks of NXC Corporation. © 2026 Sony Interactive Entertainment LLC. PlayStation, the PlayStation Family Mark, PS5, the PS5 logo, PS4 and the PS4 logo are registered trademarks or trademarks of Sony Interactive Entertainment Inc. Microsoft, the Xbox Sphere mark and Xbox Series X|S are trademarks of the Microsoft group of companies. © 2026 Valve Corporation. Steam and the Steam logo are trademarks and/or registered trademarks of Valve Corporation in the U.S. and/or other countries. © 2026 Epic Games, Inc. All rights reserved. Unreal, Unreal Engine and their respective logos are trademarks or registered trademarks of Epic Games, Inc. in the U.S. Patent and Trademark Office and elsewhere. NVIDIA, the NVIDIA logo and the GeForce Now logo are trademarks and/or registered trademarks of NVIDIA Corporation in the U.S. and/or other countries."
THE FINALS: RTE Ep.3 - SEEDING REVEAL,"THE FINALS © 2022-2026 Embark Studios AB. THE FINALS and EMBARK trademarks and logos are trademarks or registered trademarks of Embark Studios AB. NEXON trademark and logo are trademarks or registered trademarks of NXC Corporation. © 2026 Sony Interactive Entertainment LLC. PlayStation, the PlayStation Family Mark, PS5, the PS5 logo, PS4 and the PS4 logo are registered trademarks or trademarks of Sony Interactive Entertainment Inc. Microsoft, the Xbox Sphere mark and Xbox Series X|S are trademarks of the Microsoft group of companies. © 2026 Valve Corporation. Steam and the Steam logo are trademarks and/or registered trademarks of Valve Corporation in the U.S. and/or other countries. © 2026 Epic Games, Inc. All rights reserved. Unreal, Unreal Engine and their respective logos are trademarks or registered trademarks of Epic Games, Inc. in the U.S. Patent and Trademark Office and elsewhere. NVIDIA, the NVIDIA logo and the GeForce Now logo are trademarks and/or registered trademarks of NVIDIA Corporation in the U.S. and/or other countries.",https://www.reachthefinals.com/patchnotes/rte4,"By Oscar Lundberg

Hey Contestants,
It’s officially time to reveal the team seeding for The Grand Major 2025!
After a long and intense journey that began with over 1,600 teams competing across the globe, we’ve narrowed it down to the final 16 who will battle it out in Stockholm this November.

Meet the Teams
Following the incredible performances during TGM25, several major organizations have taken notice and are now stepping in to support and elevate the growing THE FINALS esports scene. We’re proud to welcome the following teams to Stockholm on November 28 - 29, 2025:
AMERICAS
ENVY (ENVY)
KANSAS CITY PIONEERS (KCP)
PULSAR BLUE (PLSR)
| ex “4TH PARTY CASHBOX”
TSM (TSM)
| ex “NO HOURS”
FIVE FEARS (FIVE)
| ex “TSG”
NIGHTMARE (NTMR)
SPACESTATION GAMING (SSG)
EMEA
VANGUARD GAMING (VANG)
GEN.G (GENG)
| ex “QUE DU LOVE”
ALLIANCE (ALL)
FNATIC (FNTC)
| ex “BEAMERS”
TEAM SECRET (TS)
APE SQUAD (APE)
| ex “BOOKS”
APAC
KING (KING)
DRAGON RANGER GAMING (DRG)
FN ESPORTS (FN)
With that in mind, we are now excited to announce the seeding for the teams on “The Grand Major - Day One”;

Tier 1 Teams (in order):
ENVY (ENVY)
KANSAS CITY PIONEERS (KCP)
VANGUARD GAMING (VANG)
TSM (TSM) | ex “NO HOURS”
GEN.G (GENG) | ex “QUE DU LOVE”
ALLIANCE (ALL)
FNATIC (FNTC) | ex “BEAMERS”
PULSAR BLUE (PLSR) | ex “4TH PARTY CASHBOX”
Tier 2 Teams (in order):
FIVE FEARS (FIVE) | ex “TSG”
TEAM SECRET (TS)
NIGHTMARE (NTMR)
SPACESTATION GAMING (SSG)
Alternative Tier Teams (in order):
APE SQUAD (APE) | ex “BOOKS”
KING (KING)
DRAGON RANGER GAMING (DRG)
FN ESPORTS (FN)
Teams are snake-seeded to finalize the bracket.

Bracket & Format Update
Sharp-eyed fans may notice a few changes from earlier posts and videos. To accommodate the number of matches while respecting venue hours, we’ve slightly condensed the format, which also includes select games moving to a B-stream.
Day 2 will be divided into two stages: Phase 1 and THE FINALS.
During Phase 1, teams will compete in a Hybrid Elimination format. Four teams will be eliminated, while four will advance - earning their spot in THE FINALS.

In THE FINALS, the top four teams will face off in a Hybrid Matchpoint system. Each final round win earns one point. Be the first team to reach five points, and you’ll be crowned The Grand Major Champion!

When to Tune In
Mark your calendars and don’t miss a second of the action! Join us in person or tune in live to witness the best teams in THE FINALS compete for glory.
Day 1 - November 28
DreamHack doors open | 12:00 PM CET
Broadcast goes live | 12:00 PM CET
First game | 12:10 PM CET
Day 2 - November 29
DreamHack doors open | 10:00 AM CET
Broadcast goes live | 10:00 AM CET
First game | 10:10 AM CET
And for those attending in person… let’s just say there might be something special waiting for you.

See you in Stockholm, Contestants!
~Oscar & Luke

THE FINALS © 2022-2026 Embark Studios AB. THE FINALS and EMBARK trademarks and logos are trademarks or registered trademarks of Embark Studios AB. NEXON trademark and logo are trademarks or registered trademarks of NXC Corporation. © 2026 Sony Interactive Entertainment LLC. PlayStation, the PlayStation Family Mark, PS5, the PS5 logo, PS4 and the PS4 logo are registered trademarks or trademarks of Sony Interactive Entertainment Inc. Microsoft, the Xbox Sphere mark and Xbox Series X|S are trademarks of the Microsoft group of companies. © 2026 Valve Corporation. Steam and the Steam logo are trademarks and/or registered trademarks of Valve Corporation in the U.S. and/or other countries. © 2026 Epic Games, Inc. All rights reserved. Unreal, Unreal Engine and their respective logos are trademarks or registered trademarks of Epic Games, Inc. in the U.S. Patent and Trademark Office and elsewhere. NVIDIA, the NVIDIA logo and the GeForce Now logo are trademarks and/or registered trademarks of NVIDIA Corporation in the U.S. and/or other countries."
Update 8.8.0,2025.11.06,https://www.reachthefinals.com/patchnotes/880,"WORLD TOUR
| HEAD HUNTER
This week, Head Hunter is making its return to the World Tour!
You will need to stay on your spurs and watch your back:
the more eliminations you get, the bigger the bounty on your head grows
. If someone gets the drop on you, they’re taking your bounty home with them.

STORE UPDATE
| EMBER BENDER
Unleash the dragon in you and make them see red with this week’s fiery
Ember Bender Set
. Let your opponents taste TRENTILA’s latest real fruit (
but better
) with the Better Nature set. Nearly 0% side effects!
We also welcome Belgium and Denmark to the Arena.

ESPORTS
| NEW TEAM BUNDLES & MAP UPDATES
Additionally, we have five brand-new team bundles dropping into the store!
That’s right, the last esports’ teams are joining the competition and are ready for you to represent them in the Arena.
FIVE FEARS x COMETA
APE SQUAD x JUNO PAICO
FN ESPORTS x OMNIALIFE
DRG x HYDRA-Q
KINGZERO X RANZIO

You may also have noticed that the crowds have gotten bigger lately! We’re getting the Arena ready for The Grand Major 2025, so you’ll see bigger stands, grander decorations, and lots of hype to get ready for the first official esports tournament!
Tune in or come see us live at DreamHack on Nov 28-29!

Content and Bug Fixes
Performance
Crash fixes for Server
Crash fixes for Client
Social
The in-game social menu will no longer show accounts from players who have been blocked on Discord

THE FINALS © 2022-2026 Embark Studios AB. THE FINALS and EMBARK trademarks and logos are trademarks or registered trademarks of Embark Studios AB. NEXON trademark and logo are trademarks or registered trademarks of NXC Corporation. © 2026 Sony Interactive Entertainment LLC. PlayStation, the PlayStation Family Mark, PS5, the PS5 logo, PS4 and the PS4 logo are registered trademarks or trademarks of Sony Interactive Entertainment Inc. Microsoft, the Xbox Sphere mark and Xbox Series X|S are trademarks of the Microsoft group of companies. © 2026 Valve Corporation. Steam and the Steam logo are trademarks and/or registered trademarks of Valve Corporation in the U.S. and/or other countries. © 2026 Epic Games, Inc. All rights reserved. Unreal, Unreal Engine and their respective logos are trademarks or registered trademarks of Epic Games, Inc. in the U.S. Patent and Trademark Office and elsewhere. NVIDIA, the NVIDIA logo and the GeForce Now logo are trademarks and/or registered trademarks of NVIDIA Corporation in the U.S. and/or other countries."
Update 8.7.0,2025.10.30,https://www.reachthefinals.com/patchnotes/870,"STORE UPDATE |
CORN TO BE WILD SET
Whether your aesthetic is Corny Halloween or the festive el Día de los Muertos, this update has something to help you celebrate!
Also, Switzerland and Italy are also getting their bundles in the store, ready for you to fly their colors.

EVENT REMINDER
| GHOUL RUSH & THE HAUNTED HARVEST
Welcome to the second week of Ghoul Rush! We’re impressed with some of the wild tactics you’ve been using to avoid your ghoulish demise or to get that one last standing survivor. If you haven’t checked Ghoul Rush yet, now is the time!
Also, make sure to keep on smashing those pumpkins for some sweet, sweet free rewards. The harvest shall be plentiful, as long as you don’t let them rot! And if you do, well, you can always purchase that missed reward with Multibucks.

Content and Bug Fixes
Cosmetics
Adjusted the balance between Combat and Support score for Yin-Yang Bang set, it should now result in a more dynamic skin that changes with your actions throughout the match

NOW AVAILABLE
| ARC RAIDERS
We’re so excited to finally be able to say this:
ARC Raiders is live!
To celebrate the launch, everyone will receive
a FREE gift including a Scrappy charm and an ARC Raiders sticker
sent directly to your InGame mailbox. We hope to see you in the Arena…
and Topside!
enlist. resist
Happy ARC Raiders day, Contestants!

THE FINALS © 2022-2026 Embark Studios AB. THE FINALS and EMBARK trademarks and logos are trademarks or registered trademarks of Embark Studios AB. NEXON trademark and logo are trademarks or registered trademarks of NXC Corporation. © 2026 Sony Interactive Entertainment LLC. PlayStation, the PlayStation Family Mark, PS5, the PS5 logo, PS4 and the PS4 logo are registered trademarks or trademarks of Sony Interactive Entertainment Inc. Microsoft, the Xbox Sphere mark and Xbox Series X|S are trademarks of the Microsoft group of companies. © 2026 Valve Corporation. Steam and the Steam logo are trademarks and/or registered trademarks of Valve Corporation in the U.S. and/or other countries. © 2026 Epic Games, Inc. All rights reserved. Unreal, Unreal Engine and their respective logos are trademarks or registered trademarks of Epic Games, Inc. in the U.S. Patent and Trademark Office and elsewhere. NVIDIA, the NVIDIA logo and the GeForce Now logo are trademarks and/or registered trademarks of NVIDIA Corporation in the U.S. and/or other countries."
M60 Technical Upgrade,"THE FINALS © 2022-2026 Embark Studios AB. THE FINALS and EMBARK trademarks and logos are trademarks or registered trademarks of Embark Studios AB. NEXON trademark and logo are trademarks or registered trademarks of NXC Corporation. © 2026 Sony Interactive Entertainment LLC. PlayStation, the PlayStation Family Mark, PS5, the PS5 logo, PS4 and the PS4 logo are registered trademarks or trademarks of Sony Interactive Entertainment Inc. Microsoft, the Xbox Sphere mark and Xbox Series X|S are trademarks of the Microsoft group of companies. © 2026 Valve Corporation. Steam and the Steam logo are trademarks and/or registered trademarks of Valve Corporation in the U.S. and/or other countries. © 2026 Epic Games, Inc. All rights reserved. Unreal, Unreal Engine and their respective logos are trademarks or registered trademarks of Epic Games, Inc. in the U.S. Patent and Trademark Office and elsewhere. NVIDIA, the NVIDIA logo and the GeForce Now logo are trademarks and/or registered trademarks of NVIDIA Corporation in the U.S. and/or other countries.",https://www.reachthefinals.com/patchnotes/m60-technical-upgrade,"DEV DIARY |
THE M60 GETS A GLOWUP
The M60 has been part of THE FINALS since the very start, since before Closed Alpha! In the last update, it received a full visual and technical overhaul to bring it up to our modern standards.
In this technical blog we’ll dive into how we revamped the weapon from the inside out, improving everything from its textures and materials to the way it supports new skins and upcoming features. The result? A cleaner, sharper, and more flexible M60 that’s futureproof and ready for whatever comes next.
Why do we do this? Because THE FINALS will continue to grow for many seasons and we’d like to make sure nothing gets left behind as the gameshow and our technology evolves.

Sharper, More Detailed Art
You’ll notice tighter details across the weapon, especially while viewing in first person. Surfaces now have better materials, improved metal wear, and higher-resolution geometry. We also refined how the gun looks during reloads and interactions, with more defined edges and interstices.
Realistic and clear details added, as showcased here in the ammo box, cartridges in the ammo belt, and the bolts:

With more pieces to work with, there is material definition, meaning different types of materials used across more parts of the gun, and improved geometry resolution on areas like the pistol grip.

We’ve increased fidelity of the inside of the top cover, providing a more realistic look during reloads.
The materials are different on these images and we’ve added a technical mask that allows us to fade between parts and materials, wear mask (the black and white texture that we use to define where the wear and tear will be) and increased definition and fidelity on the bipod, flash hider, and handguard, for example.

Smarter Texture Work
We’ve reworked how the weapon’s surfaces are mapped, allowing for more consistent patterns and higher texture quality without using more memory. It means smoother finishes, sharper engravings, and a more realistic look across the board, even when using lower resolution textures.
As you can see below in this image that showcases the grid on the top latch, it offers higher quality seams in a single UV set.
Dev note: A UV set “unfolds” a 3D model in 2D, allowing to map 2D textures and effects onto it

Breaking it down
The biggest upgrade to the M60 from its rework is its modularity. When we say modularity, we mean the number of parts that the weapon has been broken down into.
The old setup consisted of only 5 sections, including one making up most of the weapon, restricting which parts could be replaced or forcing us to replace it fully. Each color represents a single portion that needs to be made of the exact same material.
In the new setup, the weapon is made up of 12 separate sections, a much greater asset separation allowing us to switch out single parts more easily. This, in combination with the UV revamp and texture work above means a lot more versatility when it comes to creating new, exciting looks.

Built for the Future of THE FINALS
With these updates, we can easily swap or add components for future opportunities without disrupting existing designs. This work lays the foundation for every future M60 skin to look and perform at its best, and opens the door for even deeper customization down the line. And don’t worry, all previous looks still work perfectly.
It also looks cleaner and sharper in your hands.

While these changes don’t affect weapon balance, we wanted to give you a glimpse into how we think about creating new content for THE FINALS, and the kind of work that goes into evolving the base structure and design.
We’re in this for the long haul. That means continuing to evolve with technology, refining what’s already great, and making sure everything in THE FINALS keeps looking and feeling fresh. Expect more updates like this, from Smooth Destruction to map improvements and beyond.
SEE YOU IN THE ARENA!

THE FINALS © 2022-2026 Embark Studios AB. THE FINALS and EMBARK trademarks and logos are trademarks or registered trademarks of Embark Studios AB. NEXON trademark and logo are trademarks or registered trademarks of NXC Corporation. © 2026 Sony Interactive Entertainment LLC. PlayStation, the PlayStation Family Mark, PS5, the PS5 logo, PS4 and the PS4 logo are registered trademarks or trademarks of Sony Interactive Entertainment Inc. Microsoft, the Xbox Sphere mark and Xbox Series X|S are trademarks of the Microsoft group of companies. © 2026 Valve Corporation. Steam and the Steam logo are trademarks and/or registered trademarks of Valve Corporation in the U.S. and/or other countries. © 2026 Epic Games, Inc. All rights reserved. Unreal, Unreal Engine and their respective logos are trademarks or registered trademarks of Epic Games, Inc. in the U.S. Patent and Trademark Office and elsewhere. NVIDIA, the NVIDIA logo and the GeForce Now logo are trademarks and/or registered trademarks of NVIDIA Corporation in the U.S. and/or other countries."
Hotfix 8.6.1,2025.10.24,https://www.reachthefinals.com/patchnotes/861,"Hello all, we just pushed a Hotfix to address two issues from the Midseason Update.This Hotfix will fix:
An issue causing a crash
An issue causing your choice of enabling/disabling Open to Friends in the Social Menu to be kept between sessions

THE FINALS © 2022-2026 Embark Studios AB. THE FINALS and EMBARK trademarks and logos are trademarks or registered trademarks of Embark Studios AB. NEXON trademark and logo are trademarks or registered trademarks of NXC Corporation. © 2026 Sony Interactive Entertainment LLC. PlayStation, the PlayStation Family Mark, PS5, the PS5 logo, PS4 and the PS4 logo are registered trademarks or trademarks of Sony Interactive Entertainment Inc. Microsoft, the Xbox Sphere mark and Xbox Series X|S are trademarks of the Microsoft group of companies. © 2026 Valve Corporation. Steam and the Steam logo are trademarks and/or registered trademarks of Valve Corporation in the U.S. and/or other countries. © 2026 Epic Games, Inc. All rights reserved. Unreal, Unreal Engine and their respective logos are trademarks or registered trademarks of Epic Games, Inc. in the U.S. Patent and Trademark Office and elsewhere. NVIDIA, the NVIDIA logo and the GeForce Now logo are trademarks and/or registered trademarks of NVIDIA Corporation in the U.S. and/or other countries."
MIDSEASON Update 8.6.0,2025.10.23,https://www.reachthefinals.com/patchnotes/860,"MID-SEASON UPDATE | SPOOKINESS GUARANTEED

Welcome to Season 8’s Mid-Season update, grab a snack and an OSPUZE-infused pumpkin spice latte because you’re in for tricks.. And plenty of treats!
Read what we’ve prepared for you below, if you dare.

NEW EVENT |
GHOUL RUSH

Did you hear that? That’s your cue to run!
In
GHOUL RUSH
, everyone starts off as a Survivor in this brand new, limited-time, Free-For-All mode. Get eliminated even once, and you’ll be doomed to spend the rest of the round as a Ghoul, hunting down the remaining unturned Contestants! Each match lasts for three intense rounds, so you'll have time to switch your tactics and seek revenge!
Earn cash as a Survivor by eliminating Ghouls and other survivors, by staying alive for as long as you can, or by making it to the end of the round as the last surviving Contestant! Once you’re a Ghoul, earn cash by eliminating Survivors.
Enter the foggy and frightening ALFA-ACTA P.E.A.C.E. Center for this event and take a fixed loadout with you, depending on your choice of Heavy or Medium Build. Once you’re a Ghoul, you’ll need to either rely on your Sledgehammer or your trusty Dagger and, of course, what’s left of your wits!

Can you survive the Ghoul Rush?

COLLECTION EVENT |
THE HAUNTED HARVEST

Since Ghouls have taken over the Arena and Halloween decorations hang in every hall, it’s time for a scary new collection event! And this time, we’ve reinvented the wheel, and created
The Haunted Harvest!
For the next 14 days, you’ll be given an extra daily contract. Completing this contract allows you to pick one pumpkin to smash and reveal a reward. If you complete all of these contracts, you’ll
get
every single reward for free, including a Legendary set!
However, miss a day and one random pumpkin will rot on the stem, and you’ll only be able to unlock it by purchasing the prize.
Rewards are randomly distributed in pumpkins and pumpkins will rot in random order, so pick wisely in the pumpkin patch! You unlock the Legendary Swamp Formal set only when you have unlocked all 14 prizes (by winning them or buying them) in the Haunted Harvest!
So come back every day and don’t be scared, the Haunted Harvest has more treats than tricks!

GAME MODE UPDATE |
TEAM DEATHMATCH
We have disabled defibrillators and friendly totems as we believe it does not fit the current play-style for this mode. TDM is meant as a fast-paced mode, with a very short respawn timer, and to allow players to swap their Loadout anytime. Now, you don’t need to waste time, or a slot in your Loadout, on reviving your teammates or get revived before you can swap your gear.

GAME MODE UPDATE |
POWER SHIFT

Bring the struggle of platform ownership into the streets of
NOZOMI/CITADEL as it joins Power Shift’s maps pool!
This map has always represented a fight for victory between two powerhouses, now you can continue the struggle as you ride the platform to the goal! Have fun, Contestants!

NEW SOCIAL FEATURES |
EMBARK ID & DISCORD INTEGRATION

Starting today, you will now have access to new awesome social features thanks to Discord integration. Your Discord friends can now receive a party invite directly within their Direct Messages and even join your party directly if “Open Party to Friends” is toggled-on in the social menu! To do this, you’ll need to have your Discord connected to Embark ID, which you can do in-game starting today! Just go to Settings then Social then Account. This feature is not available on PlayStation at this time.
In the account menu, you’ll also have the option to change your Embark ID directly within the game. The same 30 day cooldown in-between changes applies, and it’s good to remember that your Embark ID is the same across all Embark games!

IMPROVED FEATURES |
INSTANT REPLAYS UPDATED
Since the introduction of Instant Replays, there have been millions of replays watched already. But the work isn’t over and today, we’re bringing a new feature to our replay system:
Projectiles and Turret’s POV!
And the cherry on top, Instant Replays will now end with a smooth slow-motion effect, how cool is that?

NEW DLC |
THE APOTHECARION & CHIRURGEON SETS

Medical license? Nonsense! All you need is a long mask filled with herbs and a can-do attitude!
We’ve got two new bundles available for you, each comes with 2400 Multibucks. So if you’re topping up, make sure to grab The Apothecarion or the Chirurgean set and take on the competition and the plague in the style that is out of this time.

STORE UPDATE |
THE STAKEHOLDER SET
As we get closer to All-Hallows Eve, the store just keeps getting creepier and crawlier! From flaming swords to weapons that change their look based on your playstyle, there’s something for everyone…except maybe arachnophobes (sorry)! Topping it all off is the Stakeholder set, serving undead chic!

We also welcome new flags to the Arena: Ireland and Lithuania!

TWITCH DROPS |
HALLOWEEN

Continuing with the Halloween theme, we’ve got all new Twitch drops for you to claim! Watch anyone streaming THE FINALS with Drops Enabled to get the Witching Drop charm (2 hours) and the Patch Splitters throwing knives (4 hours)

WORLD TOUR |
TRENTILA
We’re also proud to welcome TRENTILA as the new sponsor of WORLD TOUR, which returns to standard Cashout this week. Contestants who have signed with TRENTILA will tell you that they offer the Taste of Tomorrow.
On top of all this, we’ve got plenty of bug fixes and changes to introduce! Let’s check ‘em out:
Content and Bug Fixes
Cosmetics
Adjusted skirt movement on certain cosmetic combinations in order to reduce clipping
Fixed an issue where the top of the flag capes would sometimes clip into Heavy Contestant's upper back
Fixed an issue where some T-shirt’s clipped with Crossbody items
Fixed an issue where turtlenecks had clipping issues with arms on low settings
Fixed an issue where the CNS Crossbody on the Muscular Heavy Build would not display the CNS glitch effect
Updated position of the Sword, Sledgehammer, SR-84 and Model 1887 when inspecting in the menu to better fit the view
Improved Pet animation to smoothen out the animation, regardless of player framerate
Fixed the ENVY team logo not displaying correctly on the ENVY Weapon skin for the SA1216
Fixed compression artifact on the ENVY bundle Helmet
Fixed the lightning effects from the Ned skin being visible through smoke
Game Modes
TDM
Disabled revive statues and removed Defibrillators
Fixed an issue with a spawn in SYS$Horizon that caused players to fall underneath the map
Head 2 Head
Added the Match Summary Report to the end of the round
Powershift
Added Nozomi/Citadel to the map pool
Disabled the Alien Invasion game show event to avoid unexpected overtime losses when lifted off the platform, and to avoid destruction related performance issues
Gameplay
Fixed the Turret deployment animation and Turret laser not appearing correctly in replays
Added ability for Instant Replay to show the perspective from various Gadgets such as Grenades and Turrets
Added slow-motion effect at end of Instant Replays
Fixed an issue where players were unable to move after opening the Loadout screen on the same frame as respawning
Fixed issue where the Player Card or damage log could get stuck on the screen
Removed Instant Replays from playing on friendly eliminations
Tracking effects from Sonar Grenade, Proximity Sensor, and Tracking Dart will now reveal players through smoke and will reveal Cloaked players who are standing still
Fixed issue where spamming spacebar to respawn could prolong the spawn timer
Fixed an issue that could occasionally cause melee and ranged attacks not to register on the target player. These were most common in situations such as melee attacks versus backpedaling crouched players, or shooting players who were airborne such as after using a Jump Pad
Maps
General
Updated the visuals of the construction crane rope and fixed an issue where it disappeared on low graphics settings
Bernal
Re-enabled the Suspended Sponsor Structures map variant now that the lighting issues have been resolved
Kyoto
Updated residential and hatch roof ridges to prevent vaulting unintentionally
Updated the collision of the rock meshes in the villa compound garden, allowing deployables to be placed in a more expected way
Fixed a noticeable seam in the lake of the Kyoto map for better visual continuity
Solid bushes in Kyoto have been reworked for consistent behavior with other vegetation
Las Vegas
Fixed sponsor color on Ziplines
Simplified the collision of the railing set to fix an issue where players could get stuck between railing and wall
Nozomi/Citadel
Added an extra cube for cover next to Cybercafe along The Rift, and slightly adjusted a jump pad on the Operations Center side so players can reach the new cube
Practice Range
Fixed an issue where players could get stuck in the ceiling by using the Gateway
Seoul
Fixed the Seoul Hospital skybridge so it consistently breaks when one side is destroyed
Fixed a collision issue where players could clip into background buildings
Updated railing modules and placement in garden area to better indicate where there is a death pit and where there is a safe area to drop
SYS$HORIZON
Fix for middle backdrop building blocking players and bullets
Fixed the floating square mesh so it breaks when relevant architecture is destroyed
Slightly adjusted the size of a floating cube between the Library wings to avoid an unintended angle where you could shoot the feet of other players
Brought back the missing destruction VFX and SFX in the Campus area
Performance & Stability
Improved in-game UI performance
Reduced some stutter caused by increased memory usage
Updated the recommended NVIDIA driver version to prevent potential compatibility issues
Improved performance in the Social section
Resolved a rare client memory stomp crash when updating animations
Fixes to our most common crashes
Private Matches & Spectator
Fixed a bug where it was possible to change your Loadout after reconnecting to Ranked Cashout in Private Matches
Improved spectator experience with interaction sounds and progress visualization
Social
Discord Social Integration
You can now connect/disconnect your Discord account to your Embark ID in Settings > Social > Account.
This feature is available on Steam, Xbox and Xbox on PC. It is
not
available on PlayStation
Connecting your Discord account will now enable THE FINALS to provide you with enhanced social experiences so you can share your Party size, game mode, and Time-in status in your Discord Rich Presence
You’ll be able to see your Discord friends who play an Embark Game in-game
Will allow you to invite your Discord friends to join your in-game party on Discord, even if they don’t have the game running
Will allow your friends to join your open party directly from Discord
Social Friends Screen updates
A unified friend list that combines both Discord and Embark friends into one list
New icon for the invite friend button
Improved performance for very large friend lists
You will always be shown at the top of the party list
You can now set your party to Open to Friends on the Social Friends screen, which allows any in-game friends to join your party by clicking on your player profile in the Social Friends screen and selecting the option ‘Join Their Party’. This setting is set to off by default
Dev Note: The open/closed state is reflected in the rich presence; a yellow party icon is shown with party size when it is open, and a gray lock is shown if it is closed in a closed party.
You can now change your display name in-game by going to Settings > Social > Account and choosing Edit Embark ID in order to update your name.
Dev Note: Your Embark ID can only be updated once every 30 days.
Specializations
Grapple Hook
Activating the Grapple Hook will now cancel any ongoing interactions
UI
Fixed teams sometimes having different positions in the HUD scoreboard versus the overlay scoreboard
VFX
Fixed a collision issue which could result in destroyed glass particles floating in the air
Optimized the Ultimate BP smoke FX so that it no longer obstructs the player view when aiming down sights
The effect visible on characters detected by Gadgets has now been updated to be more visible in smoke
Weapons
General
Fixed an issue that allowed players to skip manual/lever action animations by quickly swapping items, artificially increasing their fire rate, that impacted the following weapons:
BFR Titan
CB-01 Repeater
M26 Matter
Model 1887
SA1216
M60
Reworked the base model for a much needed facelift
Dev Note: The new model only applies to the base M60, and new M60 skins going forward
Riot Shield
Updated walk animations when the shield is up to align better with the shield’s collision
Removed hit reaction animations in 3rd person if a Contestant is hit while shielded to minimize collision mismatches

Security Update
Fresh update from the Anti-Cheat team.
Denuvo AntiCheat turned out to be a perfect complement to our existing tools. Rollout will start with this release, and complete by the end of next week.
Anybrain,  which we have spoken about earlier, is also becoming a part of our ever expanding toolbox to fight cheaters from all angles.
We have also been hard at work targeting gamepad spoofing, releasing updated detection capabilities with this release.
And finally, please keep sending in player reports and any other information you believe could be of value to us, it really helps us in our work to keep THE FINALS exciting, fair and secure!
// Tom and Magnum

THE FINALS © 2022-2026 Embark Studios AB. THE FINALS and EMBARK trademarks and logos are trademarks or registered trademarks of Embark Studios AB. NEXON trademark and logo are trademarks or registered trademarks of NXC Corporation. © 2026 Sony Interactive Entertainment LLC. PlayStation, the PlayStation Family Mark, PS5, the PS5 logo, PS4 and the PS4 logo are registered trademarks or trademarks of Sony Interactive Entertainment Inc. Microsoft, the Xbox Sphere mark and Xbox Series X|S are trademarks of the Microsoft group of companies. © 2026 Valve Corporation. Steam and the Steam logo are trademarks and/or registered trademarks of Valve Corporation in the U.S. and/or other countries. © 2026 Epic Games, Inc. All rights reserved. Unreal, Unreal Engine and their respective logos are trademarks or registered trademarks of Epic Games, Inc. in the U.S. Patent and Trademark Office and elsewhere. NVIDIA, the NVIDIA logo and the GeForce Now logo are trademarks and/or registered trademarks of NVIDIA Corporation in the U.S. and/or other countries."
Update 8.5.0,2025.10.16,https://www.reachthefinals.com/patchnotes/850,"THE FASTEST WORLD-TOUR YET
In this update, we’re saying goodbye to HEAVEN OR ELSE, so set down your Spears and stop chucking the Healing Emitter, it’s time for a new World Tour Event:
WORLD TOUR |
RUSHDOWN BROUGHT TO YOU BY HOLTOW
Bring a new meaning to hit-and-run with this week’s new World Tour Event! In Rushdown, you’ll be able to pick up a burst of speed from any eliminated contestant! Enjoy 5 seconds of super speed for every boost you grab, and outrun the competition!
Go get ‘em, speedsters!

STORE UPDATE |
A NEW BOO-TIQUE
We’ve got another collection of bewitching Halloween themed items coming to the store today! Both new and returning pieces that will help you keep it grim and proper in the Arena. Check out these fang-tastic finds, so you can look bat to the bone!

Also, we’re welcoming our fellow Scandinavians today, Finland and Norway joining the parade of nations!

5 NEW ESPORTS BUNDLES COMING SOON
For the Fans in the stands!
Five new bundles are dropping in the shop, so make sure to rep’ your favorite team’s colors in the Arena! Each one is backed by a Sponsor and ready to battle it out on the main stage at DreamHack in Stockholm, Nov 28-29
We’re welcoming:
Vanguard Gaming x DISSUN
Team Secret x IVADA
Gen.G x ENO+RINO
FNATIC x VAIIYA
TSM x TRENTILA

Still don’t see your favorite team? Don’t worry, there are more bundles to come before The Grand Major!
IMPORTANT NOTE:
You may be able to purchase the bundles already in some console stores, but you won’t see them in game until they are fully released, which will happen very soon!

THE FINALS © 2022-2026 Embark Studios AB. THE FINALS and EMBARK trademarks and logos are trademarks or registered trademarks of Embark Studios AB. NEXON trademark and logo are trademarks or registered trademarks of NXC Corporation. © 2026 Sony Interactive Entertainment LLC. PlayStation, the PlayStation Family Mark, PS5, the PS5 logo, PS4 and the PS4 logo are registered trademarks or trademarks of Sony Interactive Entertainment Inc. Microsoft, the Xbox Sphere mark and Xbox Series X|S are trademarks of the Microsoft group of companies. © 2026 Valve Corporation. Steam and the Steam logo are trademarks and/or registered trademarks of Valve Corporation in the U.S. and/or other countries. © 2026 Epic Games, Inc. All rights reserved. Unreal, Unreal Engine and their respective logos are trademarks or registered trademarks of Epic Games, Inc. in the U.S. Patent and Trademark Office and elsewhere. NVIDIA, the NVIDIA logo and the GeForce Now logo are trademarks and/or registered trademarks of NVIDIA Corporation in the U.S. and/or other countries."
Update 8.4.0,2025.10.09,https://www.reachthefinals.com/patchnotes/840,"Welcome to week 2 of HEAVEN OR ELSE!
This week, HOLTOW introduces new contracts for you to complete to earn those smoldering rewards! Keep poking, spinning and Chucking your way to the Pearly Gates!
A bewitching Store
You may notice that things are looking spooky in the Arena! Monaco, Seoul, Kyoto and SYS$Horizon have been sprinkled with decorations to celebrate the season of the witch!
The store is also ready to help you celebrate October in style with a mix of old and new classics to help you frighten the competition! A squeaky new Sword that’s more dangerous than it looks and skins that will show everyone your sweet side!

Note
: we have an incorrect tag on the Cashout Conjurer Set that claims it will expire in 1000s of days. In reality, it will expire in about 28 days. We’ll fix it as soon as possible!
Also, in our parade of nations, this week we welcome The Netherlands and Japan!

We’ve got one small balance change that will help us investigate an issue:
Balance Changes
Weapons
Riot Shield
Reverted latest collision update on the Riot Shield
Dev Note: We have noticed that the last update to the collision of the Riot Shield came with a few issues so we have now gone back to the previous iteration while we figure out why the update didn't work as expected.
The updates to the blocking of steals is unaffected by this
.

THE FINALS © 2022-2026 Embark Studios AB. THE FINALS and EMBARK trademarks and logos are trademarks or registered trademarks of Embark Studios AB. NEXON trademark and logo are trademarks or registered trademarks of NXC Corporation. © 2026 Sony Interactive Entertainment LLC. PlayStation, the PlayStation Family Mark, PS5, the PS5 logo, PS4 and the PS4 logo are registered trademarks or trademarks of Sony Interactive Entertainment Inc. Microsoft, the Xbox Sphere mark and Xbox Series X|S are trademarks of the Microsoft group of companies. © 2026 Valve Corporation. Steam and the Steam logo are trademarks and/or registered trademarks of Valve Corporation in the U.S. and/or other countries. © 2026 Epic Games, Inc. All rights reserved. Unreal, Unreal Engine and their respective logos are trademarks or registered trademarks of Epic Games, Inc. in the U.S. Patent and Trademark Office and elsewhere. NVIDIA, the NVIDIA logo and the GeForce Now logo are trademarks and/or registered trademarks of NVIDIA Corporation in the U.S. and/or other countries."
Hotfix 8.3.1,2025.10.03,https://www.reachthefinals.com/patchnotes/831,"We’ve just pushed a hotfix for some of the issues you’ve been encountering since yesterday’s update. Thank you everyone, as always, for helping to report these issues to us!
Bug Fixes:
Contracts
Fixed an issue with the ""Complete Daily contracts"" contract from Heaven Or Else not progressing properly
Game Modes
Fixed an issue with Heaven Or Else rounds not counting toward Quickplay Progression
Weapons
Fixed an issue where the BFR was not using hitscan, causing it to be ineffective at long range

THE FINALS © 2022-2026 Embark Studios AB. THE FINALS and EMBARK trademarks and logos are trademarks or registered trademarks of Embark Studios AB. NEXON trademark and logo are trademarks or registered trademarks of NXC Corporation. © 2026 Sony Interactive Entertainment LLC. PlayStation, the PlayStation Family Mark, PS5, the PS5 logo, PS4 and the PS4 logo are registered trademarks or trademarks of Sony Interactive Entertainment Inc. Microsoft, the Xbox Sphere mark and Xbox Series X|S are trademarks of the Microsoft group of companies. © 2026 Valve Corporation. Steam and the Steam logo are trademarks and/or registered trademarks of Valve Corporation in the U.S. and/or other countries. © 2026 Epic Games, Inc. All rights reserved. Unreal, Unreal Engine and their respective logos are trademarks or registered trademarks of Epic Games, Inc. in the U.S. Patent and Trademark Office and elsewhere. NVIDIA, the NVIDIA logo and the GeForce Now logo are trademarks and/or registered trademarks of NVIDIA Corporation in the U.S. and/or other countries."
Arena Updates: A Deep Dive!,2025.10.02,https://www.reachthefinals.com/patchnotes/arenaupdates830,"Let’s take a look at the changes!
Update 8.3 brings a round of map improvements aimed at addressing long-standing pain points and giving players more tactical options. Our focus this time is on Seoul, SYS$HORIZON, and Nozomi/Citadel.
With the introduction of Smooth Destruction and having the time and space to create more cohesion across the maps, improve traversal, and weed out the pain points thanks to so much player feedback, we’ve got more work to do on the horizon!
This blog aims to show you the work we’ve been doing and highlight how small tweaks can yield big results in three specific areas that have been a big part of the debate in our Community of players for a long time.
From Midas and Mart, Level Designers for THE FINALS, let’s take a look at the changes happening today!
Seoul |
Hospital Roof
Let’s start with the Hospital Roof in Seoul - a location which has proven particularly difficult to attack, especially against a prepared defense. Internally, we explored a number of solutions. At one point, we even considered an entirely new floor for stealthy players, along with adding Arena Tool Kit Containers and more structural cover.
Ultimately, we found that these changes muddied the core challenge: a dangerous gauntlet that players can overcome with clever positioning, Gadgets, and timing. The surrounding area was built to support this high-stakes crucible, and our fix needed to embrace and clearly communicate that challenge to players.
These main adjustments are released now, in Update 8.3. Smaller quality-of-life changes, like adding more slanted surfaces for clever jump-pad placement, will be included in future updates.
Here’s what we’ve done for 8.3:
To support more options for a safe crossing, we've reduced the exposed hospital roof by 8 meters and added a 16-meter overhang at the end, effectively shortening the exposed area from 60 meters down to 36 meters. This change brings Ziplines and even well-placed Gateways within range, allowing teams to bypass the exposed area entirely. A challenging new Jumppad climb could even land you and your team directly on the new overhang.

To help teams get to safety quicker, and provide new flanking opportunities, an additional doorway has been added to the side of the back wing. We also redesigned and clustered the cover in this area to make it more reliable and easier to strategize around.

SYS$HORIZON |
Campus
The two outer corner Cashouts on Campus have been notoriously difficult to contest. This update targets both the Cube Garden and Voxel Bridge corners to make these areas more balanced and versatile.
Cube Garden Corner
Previously, this space would quickly flatten out and become dominated by the “Big Cube” next to the rooftop. We wanted to make this area less frustrating for close-range playstyles, and draw out fights a bit longer. We aim to achieve this by providing more reliable cover so players can more meaningfully choose whether to defend the corner or take up the high ground on the surrounding rooftops, depending on the preferred playstyle.
Here’s how we did it:
Increased the health of the large cubes from 1000 to 2000 for consistency with other sturdy geometry.
Split several extra-large cubes into smaller sections.
Added new cubes for extra cover.
Raised part of the ring surrounding the ball to provide more defensive options.
Reduced the size of Big Cube to make it less of a dominant vantage point.

These updates are fairly minor, but hopefully have a solid impact on slowing down how quickly the area gets stripped of cover. The aim is to keep the fights more interesting and make both defending and attacking this Cashout Station less one-dimensional.
Voxel Bridge Corner
Just like the Cube Garden, the Cashout in the Voxel Bridge Corner often lacked effective approaches for attackers, especially once the Cashout Station dropped onto the street below, making fights too predictable.
To remedy that we:
Added a secondary voxel bridge underneath, connecting to a vent that leads into the classroom.
Placed extra cover along the bridge and street underneath.

The extra layer and cover introduce more flanking possibilities and open up for more dynamic strategies to effectively attack the Cashout.
NOZOMI/CITADEL |
Pushing Cybercafe
In NOZOMI/CITADEL, the zipline between the corner of Apartments and the Cybercafe has always been a high-risk option. You could plummet to your death when a defender removed it mid-travel, or lose the opportunity for traversal entirety, forcing attacking teams to approach the Cybercafe head-on. This would make it very difficult to cross The Rift unscathed.
We’re replacing this zipline with jump pads to provide a reliable option that delivers you to the other side every time, and offers more opportunity to flank from the side.

Approaching the Cybercafe should now feel less restricted, with attackers gaining a dependable option to break through defenses without being forced into the front-on battle every time.

What’s Next
We’ll be closely tracking how these changes affect the experience. Expect more refinements in upcoming patches!
Keep sharing your feedback! It helps us improve current Arenas and also informs our plans for the Arenas of the future.
SEE YOU IN OUR ARENAS, CONSTESTANTS!

THE FINALS © 2022-2026 Embark Studios AB. THE FINALS and EMBARK trademarks and logos are trademarks or registered trademarks of Embark Studios AB. NEXON trademark and logo are trademarks or registered trademarks of NXC Corporation. © 2026 Sony Interactive Entertainment LLC. PlayStation, the PlayStation Family Mark, PS5, the PS5 logo, PS4 and the PS4 logo are registered trademarks or trademarks of Sony Interactive Entertainment Inc. Microsoft, the Xbox Sphere mark and Xbox Series X|S are trademarks of the Microsoft group of companies. © 2026 Valve Corporation. Steam and the Steam logo are trademarks and/or registered trademarks of Valve Corporation in the U.S. and/or other countries. © 2026 Epic Games, Inc. All rights reserved. Unreal, Unreal Engine and their respective logos are trademarks or registered trademarks of Epic Games, Inc. in the U.S. Patent and Trademark Office and elsewhere. NVIDIA, the NVIDIA logo and the GeForce Now logo are trademarks and/or registered trademarks of NVIDIA Corporation in the U.S. and/or other countries."
Update 8.3.0,2025.10.02,https://www.reachthefinals.com/patchnotes/830,"NEW LIMITED-TIME MODE: HEAVEN OR ELSE
Get ready to shine in HEAVEN OR ELSE, a limited-time, 5v5 showdown where Contestants will fight for their lives (and their afterlives!) armed with a Spear and a few extra tools fine-tuned for the competition! Sweep, spin and poke players to knock them off the celestial surfaces of the Final Stage Arena!
Pierce the competition and secure your glory! Keep your health and your spirits up or you’ll be sent plummeting down through the clouds. You won’t turn into coins here, but the lower your health, the farther you’ll fly, so keep your feet on the ground or you’ll head for the clouds!
Complete contracts
to earn up to
12 free rewards
over the next two weeks. Play with fire but don’t get burned!
Sponsored by HOLTOW Pearly Gates Insurance, your key to eternity.

STORE UPDATE
This week’s store update asks you to choose between good or evil! Pick your side with the two new companions Quill and Cinder! But we all know Nama Tama is the cutest, Double Yolk earrings oblige. Prove a point with the Mandate Javelin, or two more with the Malebolge’s notice trident.
If you are feeling patriotic, the Poland and Greece bundles are now in store. As the competition is heating up sooner than later, The Grand Major 25 Prime selection is the perfect fit for all your tournament needs!

Speaking of tournaments…
ESPORTS BUNDLES HAVE ARRIVED
It’s never too early to show your champions some love! The Grand Major 2025 is still a few weeks away, but the first collab bundles are coming in NOW! No efforts were spared from our Sponsors and their signed up teams:

Support your favorites by wearing their colors, and by buying their bundles! When purchasing a set, its team will get a share of each sale, with another portion going to a common pot that will be split across the board for all qualified organizations (the rest goes to platform fees and Embark).
Not seeing the Qualified Team you are rooting for?
More bundles will be coming in future updates!
TWITCH DROPS
Tune in to your favorite stream and earn Twitch Drops items. The Broadcast Blaze set is now available on all streams with Twitch Drops enabled until October 16th 2025. Watch for 4 hours, and go get those free cosmetics for the M26, Cerberus, and ShAK-50! Don’t miss your chance!

AND MORE
No more one size fits all! The Revive statues just received an upgrade with a Light and Heavy format! Know who’s who at a glance.

And for the patient S3 Ruby players, a S3 player card badge just dropped in your inventory.
Now let’s get into the details:
Balance Changes
Gadgets
Breach Drill
Decreased activation sequence duration from 3s to 2.5s, making it faster to trigger after deployment
Decreased cooldown from 25s to 20s
Smoke Grenade
Decreased the duration of smoke from 15s to 9s, meaning it stays in the world for less time after deploying
Decreased the amount of ammo from 3 to 2
Dev Note: We’re aware that cashout steals using smoke have become an increasing frustration for many players, due to their frequency and limited counters. We have several long-term improvements on the way in the coming months for smoke, but in the short term we hope these nudges to Smoke Grenades will make them a little more balanced.
Game Modes
Cashout (World Tour & Ranked Tournament)
Updated how respawn positions are decided after team wipes, reducing the chances that teams spawn very close to each other
Dev Note: Related to Cashout in World Tour and Ranked, but not to the direct change above, we want to acknowledge that we’re aware of community sentiment around ‘doubling’ cashouts, especially in tier three, and its ability to ‘grief’ out the second placed team and we’re working towards a solution for it. Our hope is to be testing some changes in the live game relatively soon, but we have no set timeline. We wanted to let you all know so you’re aware that it’s being worked on.
Weapons
BFR Titan
Decreased damage from 98 to 90
Dev Note: This change is mostly aimed at removing the Winch Claw plus BFR headshot attack combo on Lights which, now that the data is in, has proven to be more rapid and easier to execute than we expected. The change shouldn’t negatively impact most other ‘shots to kill’ breakpoints, so for the most part the weapon should feel as it did before.
Content and Bug Fixes
Animation
Fixed inspect animations blending badly together with interacting animations in 3rd person
Fixed a small inconsistency when going from aim down sight to sprint in first person
Fixed deploys and inspects breaking when activated while climbing off a ladder
Fixed an issue where the Weapon sometimes disappeared for a short while after using Charge N’ Slam in the air
Audio
Fixed an issue that caused double respawn sounds when exiting a replay
Fixed an issue where incorrect introduction voiceovers were sometimes played in Cashout
Minor tweak to the P90 firing sequence to make it sound less suppressed
Contracts
Daily Club Contracts now display the total number of contracts that can be accepted/completed instead of showing the number of contracts available to be accepted
Controller
Fixed an issue that caused controller input to be processed while the game was not in focus
Changed the buttons used to back out of a pop-up notification to prevent the accidental canceling of matchmaking
Customization & Cosmetics
Fixed an issue where the Player Card displayed wouldn't match the eliminated contestant
Your pet will now play its audio when you Emote in game
Improved the colliders on punk-style outfits to reduce the erratic movements of shoelaces and chains
Fixed issue with Visible Line in Solar Safeguard, Blazing Guarantee, Radiant Protection and Blinding Warranty skins on certain AMD graphics cards
Addressed issue causing an artifact near Dale the Whale's mouth
Pets now play sounds in the Store and Battle Pass
Fixed the Sensorveil Bomber jacket clipping with Emblems and upper back items
Fixed the clipping of head and ears on the Impact Unit V3000 mask
The item descriptions now show the correct origin of items from Battle Passes
Fixed visual glitches on Mischief League heads when viewed in third person
Reduced clipping and added physics simulation to the necklace in the Sick Trick Rick outfit
Headband will now have a better fit and less clipping when combined with multiple facewear items
Game Modes
Updated the scoreboard in Ranked Cashout in private matches to hide certain info, such as scores, so that it matches the functionality of the scoreboard in Ranked Tournaments
Fixed an issue where it was possible to change your loadout mid-round in private match ranked cashout games.
Powershift platform path should now properly display in replays
Fixed issue where you started with 4 respawn tokens in a private match ranked Cashout.
Gameplay
Fixed an issue where weapon audio could get stuck while in a replay
Fixed issue with hand getting stuck when interacting with an object, also called the hand-gun bug. Interactions have now been improved and should appear smoother and more correct than before
Fixed FOV setting affecting the visibility of the Dematerializer's first-person vfx
Fixed an issue where objects picked up just as you launched on a jumppad would trail behind and eventually fail to be picked up. With this change the failed pickup in this situation will happen much sooner to reduce frustration
Revive statues will now have a unique look for Lights, Mediums and Heavies!
Address doors, ziplines and platforms being in the wrong locations in replays in some situations
Fixed a corner case that could leave players stuck in a replay
It's now again possible to use the back key to leave the drafting screen
Fixed so respawn markers doesn't block interaction line of sight validation which could for example interrupt steals
Fixed an issue that made it harder to place down deployables
Increased aiming accuracy for Grapple Hook and Winch Claw
Fixed so the revive effect plays in the correct position if the respawn statue was moved from its original spot
Fixed an issue where Grenades and projectiles would trigger effects twice when used simultaneously with another of the same type
Game Show Events
Flying saucers now spawn near the closest active Cashout Station during the Alien Invasion game show event
Alien Invasion is now enabled again on SYS$Horizon, Fortune Stadium, and Nozomi/Citadel
Maps
General
Fixed players being able to go outside of certain maps when spectating
Reduced planter beds so that they are now a set height across multiple maps
Fixed issue where tree stumps wouldn't destroy properly on destructible ground, leading to visual and gameplay issues
Bernal
Temporarily disabled the Suspended Sponsor Structures map variant due to a lighting bug that caused them to be completely dark
Fortune Stadium
Added out-of-bounds border to prevent players using Gadgets to access unreachable areas
Kyoto
Fixed step up height for temple pillar stones
Fixed an issue with the Kyoto pagoda roof causing unexpected destruction behaviour
Monaco
Fixed issue with cannon collision not matching visuals
Nozomi/Citadel
Replaced the zipline between the corner of Apartments and Cybercafe with Jump Pads
Dev Note: Taking out this zipline and forcing enemy teams to approach Cybercafe head-on made it hard to cross The Rift unscathed. This change now provides a reliable option to flank from the side.
Slightly moved a player spawn in the corner of the Research Facility that was next to the underpass
SYS$Horizon
Increased the health of the large cubes from 1000 to 2000 so they're more consistent with other large/sturdy geometry
Campus cube garden corner:
Split some of the extra large cubes into multiple
Added a few cubes for extra cover
Raised a part of the ring surrounding the ball for extra cover
Reduced the size of the ‘Big Cube’ next to the rooftop to make it less of a dominating vantage point
Campus voxel bridge corner:
Added a secondary voxel bridge underneath that connects with a vent to the classroom
Added extra cover on and around the street
Dev Note: The cashouts at the two outer corners of Campus have been tricky to contest. With these changes we aim to give players more ways to approach and play around these areas, and reduce the speed at which these areas become too empty.
Seoul
We have reduced the length of the exposed hospital roof by 8 meters, and added a 16 meter overhang at the end. Effectively shortening the exposed area from 60 meters down to 36 meters
These changes also enable a host of new gadget and movement opportunities both for approaching teams and teams that defend/spawn in the back wing
An additional doorway and vent were added to the side of the back wing, to allow for quicker exits and new flanking opportunities.
Dev Note: We’ve wanted to address this particular pain-point for a while. Our challenge was to address it in a way that maintained the original design intent, since a lot of the surrounding area was built to support that. We have some smaller changes planned for the future to help with jump pad placement, but didn't want to delay these larger adjustments. As always, we will be monitoring the effectiveness of these updates and will make further adjustments where needed. Thank you so much for all your feedback :)
Skyway Stadium
Added soil ground meshes to planter beds above Medical Center to help player flow
Private Matches & Spectator
Fix for back input closing the team customization modal instead of dropdown menu
Settings
Added descriptions to explain why certain Video settings are grayed out
Unify size and opacity of all option buttons
Social
Fixed so that the chat is scrollable using the scroll-wheel anywhere in the chat window
Added support for official clubs
Specializations
Winch Claw
Increased how much visibility is needed for Winch Claw to successfully hook an enemy player
Stability & Performance
Optimize memory usage by showing simplified characters on the tournament overview screen on systems with 16GB RAM or less
Improve reliability of Embark systems during platform outages (e.g. if steam is down, game is still playable)
Improve performance when browsing the customization screens
Potential fix for one of our most common animation related client crashes
UI
Improved the pacing of the Player Card sequence to better fit the Instant Replay flow
Fixed various input hints not updating correctly when keybindings are changed
Updated the emote list to be name-based rather than icons for easier overview
Fixed an issue where badges was incorrectly rendering over the transition screen in the winners’ sequence
Fixed an issue where hitmarkers could appear after respawning
Fixed an issue causing the incorrect name to be displayed on weapon animations in the customization menu
Updated overview stats on a some Weapons (Famas, CB-01, KS-23, Model, XP-54) to fix inconsistencies and incorrect reload durations on single-bullet reload weapons
You can now set your preferred color to reticules!
Added playername to the Match report
Fixed an issue that caused the current ammo count to not be displayed in the inventory for certain weapons
VFX
Fixed an issue that would cause all in-flight visual effects to restart when changing Effects quality in the Video Settings
Weapons
Melee Weapons
Fixed an issue where the damage from melee weapons could be incorrectly blocked by the world even though the enemy player was hit
Fixed an issue where Dome Shields and Mesh Shields would incorrectly block melee attacks
Riot Shield
Improved collision alignment
Fixed an issue where moving in front of a Cashout Station could cancel steals
Spear
Fixed the secondary attack not showing properly in 3rd person when being winched
Fixed an issue where the primary attack animation could go missing in 3rd person
.50 Akimbo
Fixed an issue that caused bullet dispersion to grow slightly faster than intended

THE FINALS © 2022-2026 Embark Studios AB. THE FINALS and EMBARK trademarks and logos are trademarks or registered trademarks of Embark Studios AB. NEXON trademark and logo are trademarks or registered trademarks of NXC Corporation. © 2026 Sony Interactive Entertainment LLC. PlayStation, the PlayStation Family Mark, PS5, the PS5 logo, PS4 and the PS4 logo are registered trademarks or trademarks of Sony Interactive Entertainment Inc. Microsoft, the Xbox Sphere mark and Xbox Series X|S are trademarks of the Microsoft group of companies. © 2026 Valve Corporation. Steam and the Steam logo are trademarks and/or registered trademarks of Valve Corporation in the U.S. and/or other countries. © 2026 Epic Games, Inc. All rights reserved. Unreal, Unreal Engine and their respective logos are trademarks or registered trademarks of Epic Games, Inc. in the U.S. Patent and Trademark Office and elsewhere. NVIDIA, the NVIDIA logo and the GeForce Now logo are trademarks and/or registered trademarks of NVIDIA Corporation in the U.S. and/or other countries."
Update 8.2.0,2025.09.25,https://www.reachthefinals.com/patchnotes/820,"Vertigo
Reach new heights with TRENTILA, the proud sponsors of this week’s World Tour stop! In Vertigo, you’ll experience an all new game-show event, aptly named Double-Jump!
When it’s active, you’ll be able to jump twice in a row and expect lots of power in the second hop!

New Items in Store!
Get yourself the Coverage Cutters Set for all your insurance needs! The Wireline Set doesn’t come with collision coverage, but is guaranteed no strings attached! And for that extra protection, nothing’s better than taking it into your own hands with the Eclipse Shade Set.
Keep your account in order with the Silent Ledger Set, and enjoy a cold one with your team in the Brew Brawler Hat.
Let’s also welcome the Australia and Germany bundles in the store!

THE FINALS © 2022-2026 Embark Studios AB. THE FINALS and EMBARK trademarks and logos are trademarks or registered trademarks of Embark Studios AB. NEXON trademark and logo are trademarks or registered trademarks of NXC Corporation. © 2026 Sony Interactive Entertainment LLC. PlayStation, the PlayStation Family Mark, PS5, the PS5 logo, PS4 and the PS4 logo are registered trademarks or trademarks of Sony Interactive Entertainment Inc. Microsoft, the Xbox Sphere mark and Xbox Series X|S are trademarks of the Microsoft group of companies. © 2026 Valve Corporation. Steam and the Steam logo are trademarks and/or registered trademarks of Valve Corporation in the U.S. and/or other countries. © 2026 Epic Games, Inc. All rights reserved. Unreal, Unreal Engine and their respective logos are trademarks or registered trademarks of Epic Games, Inc. in the U.S. Patent and Trademark Office and elsewhere. NVIDIA, the NVIDIA logo and the GeForce Now logo are trademarks and/or registered trademarks of NVIDIA Corporation in the U.S. and/or other countries."
Update 8.1.0,2025.09.18,https://www.reachthefinals.com/patchnotes/810,"One week into Season 8 and we’re ready for the first update!
The store update brings you the Hexscribe Set, which is bound to break your heart and your toys! Speaking of toys, a new ÖRF! collectable has entered the Arena and this time it’s Chubble Trouble the Goo Grenade! On top of that, it doesn’t matter if you like your weapons wrapped in barbed wire or dipped in Acrylic paint, there’s something for every Contestant!
This week we also welcome two new flag bundles: Mexico and France!

We’re also getting ready for the Closed Qualifiers this weekend that will lead the winning teams to The Grand Major 2025!
Tune in and watch our talented hosts and casters
as they take us on this last step of the journey. The winners of this event will meet on the stage of The Grand Major at DreamHack Stockholm in November!
Speaking of DreamHack, do you plan to be there for The Grand Major in Stockholm? If so,
fill out this survey
so we can make plans to see you there!
If you already filled it out, please don’t do so again unless your plans have changed.
This update comes with a few additions and fixes, which you can read about below:
Content and Bug Fixes
Cosmetics & Customization
Updates to some facewear to increase compatibility with some headwear, for example, all gas masks will behave more like the newer versions
Wings will now work consistently and should not clip with upper body items as much
Game Modes
Practice Range
Added S7 trophies
Performance & Stability
Fixed one of our most common client crashes
Social
Fixed team chat not functioning properly after elimination, regardless of Instant Replay being enabled or disabled

THE FINALS © 2022-2026 Embark Studios AB. THE FINALS and EMBARK trademarks and logos are trademarks or registered trademarks of Embark Studios AB. NEXON trademark and logo are trademarks or registered trademarks of NXC Corporation. © 2026 Sony Interactive Entertainment LLC. PlayStation, the PlayStation Family Mark, PS5, the PS5 logo, PS4 and the PS4 logo are registered trademarks or trademarks of Sony Interactive Entertainment Inc. Microsoft, the Xbox Sphere mark and Xbox Series X|S are trademarks of the Microsoft group of companies. © 2026 Valve Corporation. Steam and the Steam logo are trademarks and/or registered trademarks of Valve Corporation in the U.S. and/or other countries. © 2026 Epic Games, Inc. All rights reserved. Unreal, Unreal Engine and their respective logos are trademarks or registered trademarks of Epic Games, Inc. in the U.S. Patent and Trademark Office and elsewhere. NVIDIA, the NVIDIA logo and the GeForce Now logo are trademarks and/or registered trademarks of NVIDIA Corporation in the U.S. and/or other countries."
The Closed Qualifiers: Talent,2025.09.17,https://www.reachthefinals.com/patchnotes/closedqualifiers2025,"Announcing The Closed Qualifier Talent

What’s a great competition without the perfect broadcasting crew! Our talent line up for the Closed Qualifiers are locked, loaded, in Stockholm and ready to guide you through two MASSIVE days of THE FINALS esports!
Join us this weekend on
Twitch
and
Youtube
EMEA Closed Qualifier, Saturday September 20th, from 14:00 CEST to 00:00 CEST
NA Closed Qualifier, Sunday September 21st, from 18:00 CEST to 04:00 CEST, Monday 22nd
We are thrilled to welcome those amazing talents to the cast. Let’s hear from them!

The road to esports ends in Stockholm, but now - the journey continues. It’s time to unite and encourage our Teams!
THE WORLD IS WATCHING!

THE FINALS © 2022-2026 Embark Studios AB. THE FINALS and EMBARK trademarks and logos are trademarks or registered trademarks of Embark Studios AB. NEXON trademark and logo are trademarks or registered trademarks of NXC Corporation. © 2026 Sony Interactive Entertainment LLC. PlayStation, the PlayStation Family Mark, PS5, the PS5 logo, PS4 and the PS4 logo are registered trademarks or trademarks of Sony Interactive Entertainment Inc. Microsoft, the Xbox Sphere mark and Xbox Series X|S are trademarks of the Microsoft group of companies. © 2026 Valve Corporation. Steam and the Steam logo are trademarks and/or registered trademarks of Valve Corporation in the U.S. and/or other countries. © 2026 Epic Games, Inc. All rights reserved. Unreal, Unreal Engine and their respective logos are trademarks or registered trademarks of Epic Games, Inc. in the U.S. Patent and Trademark Office and elsewhere. NVIDIA, the NVIDIA logo and the GeForce Now logo are trademarks and/or registered trademarks of NVIDIA Corporation in the U.S. and/or other countries."
Hotfix 8.0.1,2025.09.12,https://www.reachthefinals.com/patchnotes/801,"We’ve just deployed a hotfix to solve some of the unexpected issues introduced in Update 8.0.0. This includes the removal of the super jump that was created for the Light class!
Content and Bug Fixes
Cosmetics & Customization
Fixed an issue with the ‘Fuel to the Fire’ visual effect that caused it to be too long and sometimes clip into the player’s first-person camera view
FIxed a bug with the Black Nile Project Mask that could make your Character appear bare-chested in the main menu
Gadgets
H+ Infuser
Fixed an issue where the H+ Infuser’s projectiles could be blocked by some objects, such as friendly Dome Shields
Gameplay
Reverted a change that has prevented players from quickly cancelling an animation after use, such as throwing a Frag Grenade, causing the item or projectile not to spawn
Dev Note: In the 8.0 patch we made a change to better match the animation that plays when raising the Dematerializer control panel to the preview effect, to fix a common issue where players tried to quickly Dematerialize a surface but their first input didn’t count. Unfortunately, this fix had some unintended impacts so we have reverted that change, which means the old Dematerializer issue will be back until we find another approach.
It should be noted here that separate to this change, we made a fix in 8.0 that causes deployables’ preview meshes to only appear when the player is allowed to deploy them. This should make it more reliable to deploy, and avoid that old feeling that the input was being ignored because the mesh showed up too early.
The ‘time to deploy’ for these items is still the same as prior to 8.0
, this is just a visual change and it is not related to the revert mentioned above.
Specializations
Evasive Dash
Fixed an issue where hitting jump immediately after dashing would cause a ‘super-dash’ to occur, sending the player much further than intended
Weapons
Dagger
Fixed an issue where releasing the secondary attack early, before fully charged, could cause distorted and stuck sound effects
Pike-556
Fixed an issue where the Pike had the wrong headshot bonus. It now gives the correct x1.5 damage bonus
Sword
Fixed an issue where releasing the secondary attack early, before fully charged, could cause distorted and stuck sound effects

THE FINALS © 2022-2026 Embark Studios AB. THE FINALS and EMBARK trademarks and logos are trademarks or registered trademarks of Embark Studios AB. NEXON trademark and logo are trademarks or registered trademarks of NXC Corporation. © 2026 Sony Interactive Entertainment LLC. PlayStation, the PlayStation Family Mark, PS5, the PS5 logo, PS4 and the PS4 logo are registered trademarks or trademarks of Sony Interactive Entertainment Inc. Microsoft, the Xbox Sphere mark and Xbox Series X|S are trademarks of the Microsoft group of companies. © 2026 Valve Corporation. Steam and the Steam logo are trademarks and/or registered trademarks of Valve Corporation in the U.S. and/or other countries. © 2026 Epic Games, Inc. All rights reserved. Unreal, Unreal Engine and their respective logos are trademarks or registered trademarks of Epic Games, Inc. in the U.S. Patent and Trademark Office and elsewhere. NVIDIA, the NVIDIA logo and the GeForce Now logo are trademarks and/or registered trademarks of NVIDIA Corporation in the U.S. and/or other countries."
SEASON 8 | GAME TIME,2025.09.10,https://www.reachthefinals.com/patchnotes/800,"THE WORLD IS WATCHING
It’s time to unite! This is the main event, Contestants. With all eyes on the grandest of stages, if there ever was a moment to play your best, this is it. The game is on. The greatest gameshow on Earth is back for another season! This is THE FINALS.
Flags will fly, cultures will shine, and Contestants from all over the globe will step into the spotlight for a showdown of epic proportions! The Arena is set, revamped, and ready to host the World's biggest competition!
It's GAME TIME!

INSTANT REPLAY

To be honest, at first and second glance, this was an impossible task. But at Embark we take a challenge seriously. Prototypes for this feature date back to the early days of the project, before THE FINALS even had a name, trying to prove it possible. What you will see in Season 8 is the result of all that hard work. We had to calculate everything that matters: player movement, environmental destruction, object interactions in a level of data fidelity that’s hard to pull off in a Dynamism Shooter. Then take all that info and quickly reconstruct the moment.
It’s not enabled for everyone by default (especially on systems under 16 GB RAM), but you can toggle it on manually. If you’ve got the horsepower, turn it on, try it, and tell us what you think. We’ll be gathering feedback, polishing performance, and expanding integration throughout the season.
In THE FINALS, the Arena is a living, crumbling, ever-changing beast. Instant Replay offers a path to smarter plays and sharper instincts.
Give it a try!

MATCH RECAP

WEAPONS OLD AND NEW
Season 8 comes with two new Weapons that are bound to change the game in new and exciting ways:

Weapons System
We’re also migrating more weapons over to our new Weapons System, which is way more robust and reliable than the old one! This is a long-term initiative and we’re taking it step-by-step to make sure this first phase is done right. Several Weapons are migrating over to the new system and more will make the move during Season 8. It is our ambition to finally put an end to some of the longest standing weapon related bugs in THE FINALS,  once and for all.

SMOOTH DESTRUCTION

Welcome to the first release of a feature we’re calling
Smooth Destruction.
Until recently, impact damage from collapsing structures wasn’t really there. With this new update, we’re dialing up the cascading damage that can occur when buildings or objects fall into others. Starting with suspended structures and cranes, making these crash down can cause real damage and totally reshape the environment, creating new emergent play spaces in the process!
Smooth destruction introduces knock-on effects and chain reactions that open up new tactical and strategic options. It’s a fundamental leap forward, and further proof that evolving our core systems can transform the Arena just as much as brand-new features.
This is only the beginning! We plan to keep pushing the boundaries and spreading Smooth Destruction across every Arena in new and exciting ways!
This is something we have wanted and planned for since day one, so seeing it live in the game is humbling and exciting all at the same time! Have fun tearing it all down, Contestants!
KYOTO UPGRADES

MONACO AND MORE

SIGN YOUR SPONSOR
It’s time for a new Sponsor deal and this Season, you’ll be choosing between two giants!
HOLTOW |
Digitally insured, virtually secured.

HOLTOW is back for another Season, vying for your Loyalty and dedicated to your protection! They even have an all new insurance type to offer the wayward souls of the meatspace and virtual world alike. CEO, Quemby Rutile, is ready to back any Contestant willing to wear the HOLTOW name with pride. If you’re a returning HOLTOW signer, get ready for a whole new track of rewards that will deepen your dedication and your protection!
SIGN WITH HOLTOW AND INSURE YOUR VICTORY!
TRENTILA |
Slightly unstable. Shockingly good.

CEO Ana Del Mar has been tilling the soil of the Arena for a long time now, but this is the first time TRENTILA steps up into the spotlight and offers support to Contestants as an official Sponsor of THE FINALS! They are here to prove that they can nurture more than just agriculture, and promise that signees will bloom in the spotlight that they cast!  If they can grow their trademarked Tiger Fruit in the middle of the Transatlantic Landfill, they can certainly grow your fame and fortune!
SIGN WITH TRENTILA AND CULTIVATE YOUR TRIUMPH!

BATTLE PASS
The Season 8 Battle Pass is full of earnable rewards designed to celebrate the spirit of global competition in a spirited and fantastical way!  You can choose between the Ultimate, Premium, or Free Battle Pass which means there is something for everyone!

PLAYSTYLES

We’re introducing
Playstyles
: pre-made Contestant templates that bundle a Specialization, Weapon, and Gadgets into a recognizable style of play. They give new players a clear starting point and show off the variety THE FINALS has to offer, while still letting everyone branch out and experiment with their own personal Loadout and Playstyles. This will make THE FINALS friendlier for new players and will also provide a much faster path for unlocking Weapons, Specializations, and Gadgets!
Want the full breakdown? Check out the
Playstyles blog
for all the details.
MORE IMPROVEMENTS FOR NEWBIES

Ranked Reconnect Improvements
We’re adjusting the rules for Ranked Tournament abandonment. Combined with faster boot times, this means players who need to reconnect during a ranked match won’t be unfairly penalized just because the client took too long to restart.

CUSTOMIZATION IMPROVEMENTS
Earrings
That’s right, get ready for Earrings! It’s time to find new ways to sparkle! Nothing complements a beautiful set of hair, stylish glasses, a well trimmed beard, and a fresh coat of makeup like a pair of diamond studs covering your sides!
Effects
We’ve separated item effects from items, so cosmetics that come with signature character effects that modify the space around them, no longer rely on that piece in order to apply the effect!

GAME MODES

Saying Goodbye to Terminal Attack
For now, it’s time to say goodbye to Terminal Attack. It’s by far our least played Mode and its fraught history makes the Mode difficult to love. Maybe it’ll return one day as an event, once we’re all good and ready!

NEW SOUNDTRACK
It wouldn’t be a new Season without a new set of Bangers from our unbelievably talented Audio team!
Audio Director, Carl Strandberg, says,
“This season we really wanted to hit home on the Olympic grandness of the Major coming up. So it's very much inspired by everything majestic. We've really tried incorporating a lot of orchestral elements, tying it together with the classic FINALS-synth and drum sounds, but also trying to get elements from every previous season in there, to build on everything we've created the last 7 seasons.”

TWITCH DROPS

Abby the APS is excited to join her friends Terry and Chuck! Available now for FREE as a Twitch drop, along with a sticker and a pair of Earrings that will help keep Abby close to your heart and mind at all times! Watch any Twitch streamer playing THE FINALS with drops enabled to earn your new best friend! While the new handy Frag Grenade indicator will alert you of an incoming Grenade, Abby will kindly, but firmly, decline its explosive power.

THE GRAND MAJOR 2025

Now, let’s get into all the nitty gritty details:
Balance Changes
Gadgets
Frag Grenade
Added in-world grenade indicator
H+ Infuser
Decreased healing per shot from 15 to 14
Dev Note: The Infuser was still slightly outperforming other healing items, this change is made to address that.
Thermal Vision
Temporarily disabled Thermal Vision
Dev Note: Thermal Vision has struggled with a considerable number of bugs and issues for some time now, issues that are not a simple or quick thing to fix. Some issues can offer players an unintended advantage, so we’ve made the decision to bench the Gadget for now. We’ll re-work it over the next few seasons, at which point it will return to the roster.
General
Increased the damage done by the crane’s wrecking ball from 10 to 75
Specializations
Dematerializer
Decreased the number of charges from 3 to 2
Added new functionality which now remembers exactly which wall segments were dematerialized when a charge was used. These segments are now grouped together and if any of them is rematerialized, all of those in the group will also always be rematerialized
Added a vignette to the screen that will be displayed when a wall segment is dematerialized near the player, just outside of their field of view, so that players are better aware of what is happening around them
Updated the dematerialize effect on walls when activated, adding a slight delay before the wall segment becomes fully transparent
Added a new ‘vibration’ effect to dematerialized wall segments, which will start to play just before the wall segments would automatically rematerialize
Dev Note: These changes have been a long time coming. The Dematerializer Specialization has been
by far
the most picked Specialization and the most winning, across the majority of modes and skill tiers. We never intended any item to see so much usage and it has sped up the pace of the game and how quickly Cashout fights resolve. Our intent has been to reduce the number of charges available, to throttle the usage rate, but we felt we couldn’t make that change until we fixed how unreliable opening and closing wall segments could be. With this new system and the improved visual feedback, we’re now in a place where we can reduce the ammo count. Between this change and the Turret and Healing Beam buffs, we’re hoping to return to a more varied Medium meta.
Guardian Turret
Decreased the cooldown from 40s to 35s
Decreased the cooldown when retrieving the turret from 20s to 17.5s
Dev Note: As Specializations go, the Turret has been fairly underused. We want to increase its desirability without making it too frustrating. This change will buff its availability in-match.
Healing Beam
Increased healing rate from 40 per second to 46 per second
Dev Note: Since the Healing Beam is a Specialization, it should be one of the more desirable healing tools in the game, Since the introduction of the  H+ Infuser and the Healing Emitter (a.k.a Chuck), it’s not been desirable enough. This change allows the Healing Beam to go from 220 to 253 healing before overheating, which should buff it to where it should be.
Winch Claw
Increased cooldown when missing a target from 7s to 10s
Increased cooldown when successfully hitting a Cashout Station or Contestant from 14s to 18s
Increased the cooldown when hitting all other object types from 7s to 14s
Dev Note: The power and impact of the Winch Claw is out of line with some of the other Heavy Specializations and that is reflected in the data.
Weapons
.50 Akimbo
Decreased damage falloff minimum range from 35m to 32m, giving the weapon a slightly shorter effective range
Decreased damage falloff max range from 42.5m to 39m, giving the weapon a slightly shorter effective range
Dev Note: We feel the akimbo pistols are performing slightly too well at longer ranges, so this is a small nudge to bring them more into their intended niche.
CB-01
Increased damage from 84 to 88
Dev Note: The CB-01 has struggled to perform well across most modes and sees a very low pick rate. This change is intended to improve viability.
Dual Blades
Increased how quickly sprinting is re-enabled after the second attack animation begins by 25%
Increased how quickly sprinting is re-enabled after the third attack animation begins by 15%
Dev Notes: This change is mostly to correct some inconsistencies between attacks, which made the second animation in the attack sequence more aggressively slow the player than it should have.
LH1
Increased damage from 42 to 44
Dev Note: We’re still trying to get the LH1 to a place where it’s viable but not dominant. Previous changes have seen it really bottom out in both usage and performance, so we’re nudging it in an effort to improve viability and desirability.
Pike-556
Decreased damage from 50 to 48
Decreased damage falloff minimum range from 45m to 40m, giving the weapon a slightly shorter effective range
Increased damage falloff multiplier from 0.75 to 0.8, meaning the weapon now does slightly more damage at range. This is somewhat offset by the reduction in base damage
Increased the size of bullet dispersion when firing from the hip, especially while crouching, making the weapon less accurate when not aiming down sights
Dev Note: We feel the Pike currently has too much utility, being both good at long range but also very viable at close range. These changes aim to get it to where it should be, a medium-to-long range rifle that is less effective when fighting at close quarters.
Riot Shield
Decreased maximum speed of an attack’s lunge to the target from 10m/s to 7m/s
Decreased minimum speed of an attack’s lunge to the target from 7m/s to 5.5m/s
Decreased the trigger range of the attack’s lunge from 4m to 2.5m
Dev Note: The recent buffs to melee, including the Riot Shield, exposed some pre-existing issues, including its ability to too reliably keep attackers on top of enemies once they reached them. These changes should address that.
Content and Bug Fixes
Animation
Fixed an issue where the Sword's secondary charge-up animation was sometimes not shown correctly in spectator view
Reworked the first-person view of the Riot Shield. You will now have a better sense of where your shield is blocking when aiming up and down
Fixed a small but noticeable inconsistency when aiming down sights after sprinting in first-person. This transition should now feel more consistent
Polished first-person animations for the Defibrillators, including an improved visual cues on the charging cables to make it easier to tell when they’re ready to use
Career Rank
Added career levels up to level 500, and re-balanced the tiers from Bronze to Amethyst
Controller
Additional rumble has been added for more things in the game
Fixed an issue where pressing buttons while loading could cause focus to be lost when returning to the menu
Contracts
Added Rookie Contracts for new players where all cosmetics that used to be in the career path will now be available under the Rookie Contracts instead
Cosmetics & Customization
Added Earring category
Added 4 more Outfit slots
Character effects have now been split from their headwears into its own customization slot
Fixed sleeve clipping for the Toga Damnata coat during certain animations
Fixed folding issues when crouching in the Combat Chore Dress on certain Builds
Updated the Spray preview to now show the Spray applied to a concrete slab (Slabby?!), instead of a card
Ballistic masks can now be worn with hoods, enhancing your character customization options
Reduced the intense bright spots of the Shock Value Effect in the Arena
Consoles
Added Mouse and Keyboard support, at long last
Gadgets
Smoke Grenade
Updated the placement and duration of the smoke’s blocking volume, which hides enemy players. This should now better match the visual effects of the smoke
Sonar Grenade
Increased hitbox size to make it easier to destroy by shooting
Proximity Sensor
Increased hitbox size to make it easier to destroy by shooting
Game Modes
General
Removed Terminal Attack from Quickplay and Private Matches
Added Head2Head to Quickplay and Private Matches
Removed Bank It! from Private Matches
Dev note: While we still see lots of love for Bank It! in the community, it hasn’t been played often enough in Private Matches to warrant the overhead it brings when it comes to regular maintenance, QA testing, etc.. It will likely return in another format some day in the future!
Fixed an issue where the abandoned check did not work as intended. Players are now only marked as abandoned if they’ve actually left and are no longer tracked by the connection system. We’ll be keeping an eye out to ensure this behaves correctly
Practice Range
Added two new challenges: Cashout Defense and Cashbox Time-Trial
Added a 4th version of the Meet the Dummies challenge where you’ll meet all three Dummies at the same time
Updated Dummy behavior to enable them to fight back against some Gadgets and Deployables
Tweaked Dummy aim behavior to improve their ability to land hits at long range
Ranked
Increased the tournament reconnect window from 210 to 240 seconds to give players more time to rejoin mid-match
TDM
Added Bernal to the map pool
Tutorial
Fixed an issue where the Nama Tama hint could become stuck
Gameplay
Enabled Smooth Destruction for the Crane, Wrecking Ball, and Suspended Structures
Gadget previews are now better aligned with actual usability timing, preventing missed inputs in the Arena
Fixed an issue where sounds and visual effects would occur in the Arena without any player nearby
Fixed an issue where elimination hitmarkers would sometimes fail to display
GameShow Events
The Dead Go Boom Gameshow Event is now enabled on all Maps and Modes where Events are available
Alien Invasion has been adjusted to target objectives when applicable and lift up players
Dev note: we're looking into a bug where UFOs don’t avoid collision with none-playable buildings, which once squashed, will allow us to enable the updated Alien Invasion on more maps in the near future.
Languages
Added Russian localization to the game
Maps
General
All Suspended Structures will now use the new Smooth Destruction feature which allows them to destroy the environment underneath them when they fall
Updated crane visuals to allow players to vault to top part of crane more easily when the cabin ladder is broken
Fixed an issue where shooting at text or decals on windows would need more bullets to be fired in order to break the glass.
Slightly reduced scale of goo and smoke ATK Canisters to minimise players getting stuck on them
Bernal
Fix for player movement issues on curved metallic slanted roof
Added a short ladder to the area in front of the Chapel courtyard
Adjusted the zipline in the courtyard next to the Chapel for smoother exiting in multiple directions
Fixed collision complexity on a low tree to fix issues with player revives
Fortune Stadium
Fix for player getting accidentally stuck beneath ground of ISEUL-T buildings when falling through
Kyoto
Added several Jump Pads between Temples and Villa Compound to make the Villa Compound easier to attack, improve the Macro Flow, and reduce the need for movement gadgets.
Added cover and reworked the layouts of all basements in Kyoto to make them more varied and interesting to fight in. We also removed as many “floating” pillars as we were structurally able to, to make navigation easier - particularly during combat.
Adjusted the amount of basement entrances, to reduce the number of engagement angles you have to cover at once.
Removed all Cashout Stations inside the Bamboo Forest as prolonged combat proved too problematic in such a dense, natural environment.
Nearly all buildings in Kyoto have seen small interior layout tweaks to reduce their overall complexity. The aim is to make them easier to navigate and quicker understand at a glance.
Dev Note: Kyoto’s architecture and building sizes naturally lean towards denser and tighter layouts, especially when compared to our other maps. With this pass we want to simplify and open the spaces up a bit more without compromising its theming or gameplay intent.
Residential - Added a Zipline to allow for rooftop access without the need for movement gadgets
Pavilion - Objectives have been moved to the sides of the building, to ensure fights happen in the flanks, not the center of the structure.
Pavilion - Ground floor layout has been adjusted to reduce the amount of 360 fights
Added Zipline between Guest House and Residential to improve macro flow and reduce the need for movement gadgets
Added ladder from Entrance to Guest House as an alternative shortcut
Small Guest House - Added ladder to the rooftop to allow for easier access without needing movement gadgets. Also added a small veranda to subdivide the space and add some cover for combat.
Training Quarters - Added more dividing doors to better define chokepoints
Training Quarters back building - broke up the corridor and moved the Cashout Station into the other room to make fights more directional. Removed the Cashout Station that was on the exterior veranda as those fights proved too chaotic.
Added several planks around the map to highlight and open up new traversal opportunities
Villa Compound Garden - Added a Jump Pad on the south side of the Tea House to help players escape precarious situations more easily
Villa Compound Tea House - Moved and rotated slightly to frame the new Jump Pad better. Its layout has been subdivided to improve combat longevity
Hillside House - Interior has been simplified to reduce its navigation complexity and  better support defending the most common approach angles
Main Temple - Interior layout has been reworked to make taking control over its spaces easier and fights less 360/chaotic
Vault updates and additions all over the map to facilitate more “stand-off” encounters between competing teams
Many small QoL tweaks to the flow and readability of Kyoto
Fix for indestructible stone fence modules on exterior staircase area
Kyoto destruction re-work that make structure collapses result in debris that is more traversable and less chaotic
Las Vegas 2032 & Stadium
Added more player spawn points and adjusted a few
Fixed a duplicate Zipline in the staircase of Alfa Acta building
Fixed a ladder floating above the roof of Glamora casino
Monaco
Suspended Structures map variant has been reworked
Dev note:The previous version could severely restrict players who didn't have the right items to contest the suspended structures, and it lacked meaningful variation between the different setups across the map. With this rework we aim to enable a larger variety of strategies and playstyles, whilst also offering a more balanced experience between attackers and defenders.
Fix for collision of cathedral pillar piece on duck and cover variant to be more predictable with player movement and gadgets
Added more player spawn points and adjusted a few
Added new Vault locations
Added new Cashout Station on the crane
Added ladders on the sides of a few buildings to make it easier to traverse between rooftops
Adjusted the cliffs at the edge of the Forest to make it easier to climb up the walls in a couple places
Nozomi/Citadel
Added some more cover along The Rift between Cybercafe and Apartments
Skyway Stadium
Fixed floating zebra crossing in the residential district
Added more player spawn points and adjusted a few
Adjusted backdrop building to prevent crane clipping issues on Skyway Stadium
Seoul
Added more player spawn points and adjusted a few
Moved a hospital bed away from a window where you could easily get stuck between the two
SYS$HORIZON
Added more player spawn points and adjusted a few
Tutorial
Improved Tutorial flow to include more scenarios and better teach the basics of gameplay
Matchmaking
Updated the matchmaker to put more emphasis on separating premade parties and solo players in matches for World Tour, Powershift and QuickCash
Dev note: This change is possible due to new functionality we’ve added to the matchmaker, that gives us more flexible ways to make matches. As it’s relatively new and requires quite a bit of testing, it’s only being rolled out for these modes to start with, but it’s our aim to move all modes to this system in the near future
Performance & Stability
Moved shader compilation to in-game rather than startup
Dev note: Moved shader preloading to frontend, allowing players to customize their loadout, visit the shop and adjust settings while waiting for it to complete. If a player attempts to start a game before preloading has finished, a warning is shown. The warning can be ignored if the player prefers to start immediately and risk performance issues.
Private Matches & Spectator
Added the ability to change color and assign preset team names to teams in private matches
Rendering
Fixed an issue that could cause pixelated artifacts around the edges of your contestant in the Main Menu
Fixed an issue that caused light flickering when changing Effects quality setting in-game
Made changing NVIDIA RTX Global Illumination setting more responsive in-game
Fixed a rare issue that caused the 3D scene to flicker and show up cropped incorrectly in the top left corner
Fixed an issue causing jittering red dot and holographic sights when AMD FSR3 Frame Generation was enabled.
Social
Moved block management to in-game instead of web based
Specializations
Dematerializer
Fixed an issue when trying to rematerialize a section that has just been dematerialized would incorrectly consume ammo
Winch Claw
Improving winch claw hit detection by making sure the hooking player has some visibility over the enemy it's trying to hook.
UI
Fixed an issue where the incorrect weapon skin was highlighted as you entered the skin screen for weapons
Fix player card customization menu resetting to the selected Contestant when opened from gamepad
You can now inspect rewards in the contract screen
Wishlist prices will now update correctly when adding items to your cart and updating your already existing wishlist
Allow toggling HUD in PracticeRange/Tutorial via F10 key
Now you can easily equip gadgets, specializations, and weapons directly from the equipment screen!
Added specialization icon to contestant pack icons in frontend
""Playstyles"" tab has been added to the equipment screen
""Playstyle Token"" currency has been added to the top bar, which only displays if the player has unlockable playstyles remaining. Clicking on this currency will open the playstyles tab.
VFX
Fixed an issue with the elimination coin effect that could make it disappear too early
Updated visuals for the Gas Canister explosion
Weapons
Sights
Setup for Magnifex Sight on all weapons that support Reflector Sight
Added 3 new sights to various guns:
Iron Vantage - An alternate, high magnification scope added to:
Pike-556
Quickspark - A red dot sight for handguns added to:
- R .357
- BFR Titan
- V9S
Magnifex - A box holographic with moderate magnification added to:
- XP-54
- FCAR
- FAMAS
- LH1
- CB-01 Repeater
Fixed the visual misalignment of the 'Looking Glass' scope with the Shak-50 weapon model
Dual Blades
Fixed an issue where dual blades would sometime not play deflect animation when deflecting a turret projectile
Riot Shield
Fixed several instances of animation desync of the Riot Shield in third person, zig zag sprints, ziplines and aiming should now all be more accurate to where the collision is situated
Reworked the setup in first person to better represent the collision state both in guarded and non guarded state
Dev note: We have made another animation pass on the Riot Shield to improve the visuals so they better match the collision state. While this improvement does obstruct some of your vision in the left field of view, it does give both the wielder and the attacker a better understanding of which bullets will hit the shield, and which will hit the character. There are still some issues left to solve and we have another update cooking that will improve this even further, but we felt that instead of holding off changes we’d opt for a middle step that will improve things overall.
Spear
Fixed an issue where being Winch Clawed while using the secondary attack of the Spear would prevent using that attack again for a few seconds
Security
Updates from the Anti-Cheat team!
Our technical test of Denuvo for XBox on Windows was successful.
As a result we will start an incremental rollout on Steam for Season 8.
We know there have been concerns about us choosing Denuvo from Irdeto, and we'd like to re-iterate that we're not using their Digital Rights Management service. We are working closely with the game team to ensure minimal impact on performance, and trust us, they drive a hard bargain!
In order to keep up with cheaters, we are always on the lookout for new solutions, so aside from Denuvo we have a couple more exciting updates.
We have asked VAIIYA to build a solution for us, which is a complicated and time consuming effort. It’s still very much a work in progress, so stay tuned for updates.
We have also partnered up with Anybrain, and have rolled out their solution to a small percentage of our playerbase as a test with plans to continue throughout Season 8. Evaluations are ongoing and this may become a permanent part of our toolbox to protect fair play and the integrity of our players.
/// Tom and Magnum

THE FINALS © 2022-2026 Embark Studios AB. THE FINALS and EMBARK trademarks and logos are trademarks or registered trademarks of Embark Studios AB. NEXON trademark and logo are trademarks or registered trademarks of NXC Corporation. © 2026 Sony Interactive Entertainment LLC. PlayStation, the PlayStation Family Mark, PS5, the PS5 logo, PS4 and the PS4 logo are registered trademarks or trademarks of Sony Interactive Entertainment Inc. Microsoft, the Xbox Sphere mark and Xbox Series X|S are trademarks of the Microsoft group of companies. © 2026 Valve Corporation. Steam and the Steam logo are trademarks and/or registered trademarks of Valve Corporation in the U.S. and/or other countries. © 2026 Epic Games, Inc. All rights reserved. Unreal, Unreal Engine and their respective logos are trademarks or registered trademarks of Epic Games, Inc. in the U.S. Patent and Trademark Office and elsewhere. NVIDIA, the NVIDIA logo and the GeForce Now logo are trademarks and/or registered trademarks of NVIDIA Corporation in the U.S. and/or other countries."
Store Update 7.12.0,2025.09.04,https://www.reachthefinals.com/patchnotes/7120,"DANCE LIKE THE SPONSORS ARE WATCHING
CNS are bringing disco back to the Arena in the final week of World Tour! Strike a pose near the Cashout when the dance floor appears to earn extra cash! This time, you’ll earn
more cash the longer you emote
while the dance floor is active!

HOW DO YOU DO, FELLOW CONTESTANTS?
Check out this week’s Store Update! Get your end-of-season grind-on with the Slick Trick Rick set, and roll in style with the Vaporwave Board!

It’s the last week of Season 7, Contestants. Make it a great one!

THE FINALS © 2022-2026 Embark Studios AB. THE FINALS and EMBARK trademarks and logos are trademarks or registered trademarks of Embark Studios AB. NEXON trademark and logo are trademarks or registered trademarks of NXC Corporation. © 2026 Sony Interactive Entertainment LLC. PlayStation, the PlayStation Family Mark, PS5, the PS5 logo, PS4 and the PS4 logo are registered trademarks or trademarks of Sony Interactive Entertainment Inc. Microsoft, the Xbox Sphere mark and Xbox Series X|S are trademarks of the Microsoft group of companies. © 2026 Valve Corporation. Steam and the Steam logo are trademarks and/or registered trademarks of Valve Corporation in the U.S. and/or other countries. © 2026 Epic Games, Inc. All rights reserved. Unreal, Unreal Engine and their respective logos are trademarks or registered trademarks of Epic Games, Inc. in the U.S. Patent and Trademark Office and elsewhere. NVIDIA, the NVIDIA logo and the GeForce Now logo are trademarks and/or registered trademarks of NVIDIA Corporation in the U.S. and/or other countries."
Improving the New Player Experience,2025.08.29,https://www.reachthefinals.com/patchnotes/playstyles,"Improving the New Player Experience: Playstyles
Matt Lowe, Design Director for THE FINALS
Hi folks,
One of our primary goals for 2025 has been to improve the experience of playing THE FINALS for new players. And with more new players than ever entering the Arena, I am here to talk to you about the next phase of those efforts, a new way to unlock Specializations, Weapons and Gadgets in the game.
But don’t panic! They’re still available to fully unlock just by playing!  :)
Let’s jump into the details.
THE RESEARCH
To achieve our goal of improving the onboarding process for new Contestants, we’ve run a series of tests to better understand what a new player encounters in their first few hours, including:
Testing different default game modes for new players (TDM, PowerShift, Head 2 Head) instead of Quick Cash
Playtester sessions where new players narrated their first hours in the game to highlight places where they were confused and how they learned
Tested different Loadouts for first time players and different starting Body types
Adjusting the rate at which new players unlock Weapons
One of the biggest takeaways from our research is that new players arriving in THE FINALS, with past experience in other FPS games, don’t immediately understand the variety on offer from the large array of Specializations, Gadgets, Weapons and tools made available to them in our giant sandbox of a game. Instead, their focus almost immediately goes to the gun and using it to solve every problem.
We understand this temptation. Guns are fun to use, provide immediate feedback and offer a core test of skill, but when we first set out to build THE FINALS we knew we wanted to make an FPS that was more than that. We wanted to make an FPS that was about interactivity, creativity, and chaos, where using dynamism to outthink your opponent should feel as powerful as outshooting them. We believe that’s why many of you fell in love with the game.
ENTER PLAYSTYLES
With Season 8, we want new players to immediately see the variety THE FINALS has to offer!
That’s why we’re introducing Playstyles: pre-made Contestant templates combining a Specialization, Weapon, and Gadgets into a recognizable style of play. Each comes with a strong fantasy behind it, something new players can instantly connect with.
Here’s a first look at three of the ten Playstyles available:
Scout
Light Build |
Grapple Hook | SR-84 Sniper Rifle | Sonar Grenades | Thermal Bore
A Scout dominates the high ground. They are able to breach and attack objectives from long range, while providing valuable intel for their team.

Demolisher
Heavy Build | Charge ‘N’ Slam | M134 Minigun | RPG-7 | Explosive Mine | Pyro Grenade
A champion of destruction, the Demolisher brings down any structure in their way. They smash their way to the objective, creating holes and access points for their team, being sure to destroy any opponents in their way, too. Of course, the Sledgehammer is in the reserve.

Hacker
Medium Build | Dematerializer | FAMAS | Data Reshaper | Zipline | Pyro Grenade
The master of manipulating the virtual world, the Hacker can open and close surfaces at will, allowing their team to pass through them. They also have the power to transform enemy defenses into harmless props.

Each Playstyle contains four core items (one Specialization, one Weapon, and two Gadgets). The remaining five items that make up the playstyle’s complete Loadout and Reserve come from a pool of automatically unlocked ‘starter’ items that include several Weapons and Gadgets.
UNLOCKING PLAYSTYLES
Starting in Season 8, new players arriving in THE FINALS will unlock three playstyles by default when they first boot up the game, and they will immediately be granted a Playstyle Token that will allow them to unlock a fourth playstyle of their choice. Every few rounds, over the player’s first 20 rounds played, they will unlock additional Playstyle Tokens until they have unlocked all of the current playstyles.
The sharp-eyed among you will have realized that this new feature doesn’t include all the items currently in the game, and that is correct. Alongside Playstyles, there’s also a pool of 25+ unlockable items. These remain exactly as before, purchased with VRs.
FOR EXISTING PLAYERS
If you are a seasoned player of THE FINALS, you are likely well past your first 20 rounds and have unlocked plenty of equipment.
When Season 8 launches, you’ll automatically receive all of the 15 starter items, whether you’ve already unlocked them or not.
If you already own any item in an existing Playstyle, you’ll receive the rest of the items in that set immediately. If you don’t own any core items in a Playstyle, it will be locked and you’ll have to play a small number of matches to earn a Playstyle Token.
All future Playstyles will follow this same system: you'll need to play a small number of rounds to earn a Token and unlock the Playstyle.
This might sound complex, but once the initial transition has occurred it should be fairly intuitive. Most importantly, for new players coming in from Season 8 onwards, unlocking equipment should be very clear and easy to follow.
NOT A HERO SHOOTER
We
really
want to stress at this point that Playstyles are
not
heroes, and as much as we love hero shooters and MOBAs at Embark, we’re not planning to turn THE FINALS into either. THE FINALS is a ‘hero builder’ where
you
freely mix and match Specializations, Weapons, and Gadgets to create builds.
Playstyles are simply a set of templates that will better introduce new players to the wealth of varied gameplay in THE FINALS. They also make unlocking items faster and more intuitive, and this will ensure our newbies have a much better time getting to grips with our pretty complex game.
From the start of Season 8, whenever you create a new Contestant, instead of selecting Light, Medium or Heavy, you’ll select one of the available Playstyles. This is to offer some consistency across the game’s UI. From that point onward you’ll be free to fully customize your Contestant as you see fit as you always have.
THE BIG PICTURE

This system will give new players a clearer and faster introduction, immediately showing them the variety the game has to offer and the wide array of strategies and tactics at their fingertips.
To our existing fans, these changes should have a low impact on your experience while also helping new players join this community. It’s never been a better time to get your friends to play THE FINALS!
See you in Season 8!

THE FINALS © 2022-2026 Embark Studios AB. THE FINALS and EMBARK trademarks and logos are trademarks or registered trademarks of Embark Studios AB. NEXON trademark and logo are trademarks or registered trademarks of NXC Corporation. © 2026 Sony Interactive Entertainment LLC. PlayStation, the PlayStation Family Mark, PS5, the PS5 logo, PS4 and the PS4 logo are registered trademarks or trademarks of Sony Interactive Entertainment Inc. Microsoft, the Xbox Sphere mark and Xbox Series X|S are trademarks of the Microsoft group of companies. © 2026 Valve Corporation. Steam and the Steam logo are trademarks and/or registered trademarks of Valve Corporation in the U.S. and/or other countries. © 2026 Epic Games, Inc. All rights reserved. Unreal, Unreal Engine and their respective logos are trademarks or registered trademarks of Epic Games, Inc. in the U.S. Patent and Trademark Office and elsewhere. NVIDIA, the NVIDIA logo and the GeForce Now logo are trademarks and/or registered trademarks of NVIDIA Corporation in the U.S. and/or other countries."
Store Update 7.11.0,2025.08.28,https://www.reachthefinals.com/patchnotes/7110,"Welcome to all the new players who have been entering the Arena lately! And thank you to all the veteran Contestants who have been welcoming them and showing them the ropes. Don’t forget to take advantage of the
Recruit and Rise
program, that will help both Recruiters and Prospects gain cool rewards, bragging rights, and a nice smooth introduction to THE FINALS!
We’re hard at work on Season 8, but this week, we’ve got a new addition to the store.

Out of ideas? Never. Out of materials? Maybe.
Cardbored to Death is this week’s beautifully corrugated addition to the storefront, a full set of improvised armor, duct tape and all, for the contestant who crafts chaos from cardboard. Built for budget, styled for battle. The Folded Line Model skin brings paper-cut precision, or maybe cardboard bluntness, to every takedown. And if pixels are more your thing, the 8-bit Blades Set slices its way into the store. Forged in a low-res world for high-stakes play, these retro-inspired Dual Blades pair nostalgia with impact.
THE CLASH FOR CASH CONTINUES
The final countdown is ticking down on the HEAD 2 HEAD event! Sponsors are watching, so do them proud and bring home the Season victory! Starting today, you have new contracts to unlock, new rewards to earn, and as always, fame within your grasp.

THE FINALS © 2022-2026 Embark Studios AB. THE FINALS and EMBARK trademarks and logos are trademarks or registered trademarks of Embark Studios AB. NEXON trademark and logo are trademarks or registered trademarks of NXC Corporation. © 2026 Sony Interactive Entertainment LLC. PlayStation, the PlayStation Family Mark, PS5, the PS5 logo, PS4 and the PS4 logo are registered trademarks or trademarks of Sony Interactive Entertainment Inc. Microsoft, the Xbox Sphere mark and Xbox Series X|S are trademarks of the Microsoft group of companies. © 2026 Valve Corporation. Steam and the Steam logo are trademarks and/or registered trademarks of Valve Corporation in the U.S. and/or other countries. © 2026 Epic Games, Inc. All rights reserved. Unreal, Unreal Engine and their respective logos are trademarks or registered trademarks of Epic Games, Inc. in the U.S. Patent and Trademark Office and elsewhere. NVIDIA, the NVIDIA logo and the GeForce Now logo are trademarks and/or registered trademarks of NVIDIA Corporation in the U.S. and/or other countries."
Store Update 7.10.0,2025.08.21,https://www.reachthefinals.com/patchnotes/7100,"Handle dust, and your opponents, like a pro. This week’s store update was maid for you! Sweep the Arena with the all new Miss Demeanor Outfit! Time to take out the trash!
Also, we welcome Dale the Whale to the gameshow, a digital pet that will help you ride the vibe while you take out the competition.
All this and more, check out the preview below:

New Sale
Check out the store to see the new sale on some older bundles, starting now and lasting for the next two weeks!
Head 2 Head gets more locations
This week, Head 2 Head is coming to ALL maps! This means a larger pool of locations. Nedstrike will only show up on the original four maps (Bernal, Monaco, Kyoto, and Las Vegas). Keep clashing and cashing!
Watch Oscar and friends:
Tune in today at 5PM CEST to our very first Embark Creator Showdown!
Oscar and Caroline will be leading two teams of Creators in an epic showdown across multiple game-modes. Join us LIVE on Twitch and YouTube later today and let them know which side you’re on!
Twitch Drops are still ongoing!

The Broadcast Blaze skins are still up for grabs! So check out your favorite THE FINALS streamers with Twitch drops enabled and get those sweet rewards.
XP OVERRIDE

It’s not too late to finish the Battle Pass and gather your Fans! XP Override is still on until the end of the Season, so earn extra XP and Fans from Daily Contracts and gameplay. Kick it into gear!

THE FINALS © 2022-2026 Embark Studios AB. THE FINALS and EMBARK trademarks and logos are trademarks or registered trademarks of Embark Studios AB. NEXON trademark and logo are trademarks or registered trademarks of NXC Corporation. © 2026 Sony Interactive Entertainment LLC. PlayStation, the PlayStation Family Mark, PS5, the PS5 logo, PS4 and the PS4 logo are registered trademarks or trademarks of Sony Interactive Entertainment Inc. Microsoft, the Xbox Sphere mark and Xbox Series X|S are trademarks of the Microsoft group of companies. © 2026 Valve Corporation. Steam and the Steam logo are trademarks and/or registered trademarks of Valve Corporation in the U.S. and/or other countries. © 2026 Epic Games, Inc. All rights reserved. Unreal, Unreal Engine and their respective logos are trademarks or registered trademarks of Epic Games, Inc. in the U.S. Patent and Trademark Office and elsewhere. NVIDIA, the NVIDIA logo and the GeForce Now logo are trademarks and/or registered trademarks of NVIDIA Corporation in the U.S. and/or other countries."
Hotfix 7.9.2,2025.08.18,https://www.reachthefinals.com/patchnotes/792,"Hotfix 7.9.2
We have another Hotfix for you today!
Here are the fixes:
Performance
Fixed shutdown crash issue for Xbox PC
Fixed kick issue (TFAV3015) on Steam Deck/Proton that was introduced in Update 7.9.0
Performed optimization on memory that should reduce some instances of stutter during gameplay
Gameplay
Fixed an issue that caused toggle inputs such as Toggle Sprint and Toggle Crouch to work incorrectly
UI
Fixed an issue that caused the wrong World Tour stop to be displayed

THE FINALS © 2022-2026 Embark Studios AB. THE FINALS and EMBARK trademarks and logos are trademarks or registered trademarks of Embark Studios AB. NEXON trademark and logo are trademarks or registered trademarks of NXC Corporation. © 2026 Sony Interactive Entertainment LLC. PlayStation, the PlayStation Family Mark, PS5, the PS5 logo, PS4 and the PS4 logo are registered trademarks or trademarks of Sony Interactive Entertainment Inc. Microsoft, the Xbox Sphere mark and Xbox Series X|S are trademarks of the Microsoft group of companies. © 2026 Valve Corporation. Steam and the Steam logo are trademarks and/or registered trademarks of Valve Corporation in the U.S. and/or other countries. © 2026 Epic Games, Inc. All rights reserved. Unreal, Unreal Engine and their respective logos are trademarks or registered trademarks of Epic Games, Inc. in the U.S. Patent and Trademark Office and elsewhere. NVIDIA, the NVIDIA logo and the GeForce Now logo are trademarks and/or registered trademarks of NVIDIA Corporation in the U.S. and/or other countries."
Hotfix 7.9.1,2025.08.15,https://www.reachthefinals.com/patchnotes/791,"Hotfix 7.9.1
Yesterday’s update introduced a few bugs that we have been tackling through the nights. So here comes a Hotfix that should solve many of the issues you have been running into.
Performance
Fixed an issue that caused a memory crash in certain situations
Fixed a problem where returning players could not get past the Terms of Service agreement
Modes
Yesterday we reverted a change that made any remaining Cashboxes disappear in Overtime, but it was not successful. Now, you will keep Cashboxes in Overtime in World Tour, but they will disappear in Ranked Tournament, as in intended
Thank you for your detailed reports which helped us find and fix these issues.
We are aware that “toggle” inputs, such as “Toggle Sprint” have been affected and no longer work as intended, which is tough to deal with especially for controller players. We’re still working on a fix for this, so in the meantime, please be aware that the changes in behavior are not intended.

THE FINALS © 2022-2026 Embark Studios AB. THE FINALS and EMBARK trademarks and logos are trademarks or registered trademarks of Embark Studios AB. NEXON trademark and logo are trademarks or registered trademarks of NXC Corporation. © 2026 Sony Interactive Entertainment LLC. PlayStation, the PlayStation Family Mark, PS5, the PS5 logo, PS4 and the PS4 logo are registered trademarks or trademarks of Sony Interactive Entertainment Inc. Microsoft, the Xbox Sphere mark and Xbox Series X|S are trademarks of the Microsoft group of companies. © 2026 Valve Corporation. Steam and the Steam logo are trademarks and/or registered trademarks of Valve Corporation in the U.S. and/or other countries. © 2026 Epic Games, Inc. All rights reserved. Unreal, Unreal Engine and their respective logos are trademarks or registered trademarks of Epic Games, Inc. in the U.S. Patent and Trademark Office and elsewhere. NVIDIA, the NVIDIA logo and the GeForce Now logo are trademarks and/or registered trademarks of NVIDIA Corporation in the U.S. and/or other countries."
Update 7.9.0,2025.08.14,https://www.reachthefinals.com/patchnotes/790,"MONSTER ALERT!

Welcome to the monstrous end-of-season showdown! We’re introducing a new Limited-Time mode called
Head 2 Head
, which pits Sponsor against Sponsor in the final round of Cashout! Earn free Event rewards for completing Contracts and grab a full set of VAIIYA and CNS themed skins!
Head 2 Head captures that Final Round experience, a 3v3 round where Respawns are faster and unlimited. Look out for an
all new Gameshow Event,
the Nedstrike, that will have you fleeing in terror!

Complete Event Contracts to get free rewards!
XP OVERRIDE

Time to kick your grind into overdrive!
Earn 200% XP for Daily Contracts, and up to 150% XP and Fans for gameplay
from now until the end of the Season!
BIRDS OF A FEATHER? STICK TOGETHER!
Vibing with your team? Take the party into the next match by selecting STAY AS A PARTY at the end of the round! When a match concludes you’ll have the option to vote to keep playing with your same team, forming a party. Who knows - maybe this is the start of a lifelong friendship in The Arena!
JOIN THE OPEN QUALIFIERS!

The road to esports ends in Stockholm, but now - your journey begins.
Assemble your team and sign up starting today!
This is a global show of skills! Only the bold will rise. Only the best will qualify.
It’s time to register your team for the Open Qualifiers! This is your first stop on the road to The Grand Major 2025, our first major tournament for THE FINALS, organized by FACEIT and DREAMHACK, which culminates at Dreamhack Stockholm in November.
Sign up your team today:
https://www.reachthefinals.com/registration
NEW TWITCH DROPS

Look out! A new set of fiery purple Twitch Drops. Tune in to get the Broadcast Blaze set of equipment skins!
ONGOING ISSUES WITH FREEZES AND STUTTERING
Over the summer we have been working to identify the issue where some players experience short bursts of stuttering and sometimes even multi-second ""freezes"" of the client during gameplay. It’s been a challenge to find the root cause, but this week we finally managed to reproduce the issue! This means we are getting closer to finding a permanent solution.
While we work on figuring out how to eradicate this issue, it’s good to know that the game runs smoother with more memory, so closing any memory-hungry applications (such as Chrome) while playing can help with overall performance.

Balance Changes
Gadgets
Goo Grenade
Cooldown increased from 20s to 30s
Dev Note: We’ve noticed the prevalence of goo increasing a little over time, to the point where we think it can now be a little too disruptive to some encounters. This change should reduce the frequency of goo usage slightly
Modes
Cashout (World Tour)
Vaults/Cash Boxes that have not been delivered to a Cashout Station by the time overtime starts will no longer despawn, reverting a change made in 7.6. This change only impacts World Tour. In Ranked, Vaults/Cash Boxes that have not been delivered will continue to despawn when overtime starts
Dev Note: We’ve been monitoring the 7.6 change and are seeing fewer double-stacked cash boxes (especially Tier 3) and a slight drop in third-party fights. These were both expected outcomes. That said, we’re not fully convinced it’s the right long-term solution. The despawn rule feels more disruptive in World Tour, where team wipe penalties aren’t in play. So for now, we’re disabling it there but keeping it active and under review in Ranked.
Weapons
93R
Decreased rate of fire from 220 to 210, making the weapon slightly slower
Dev Note: We’ve been monitoring the 93R since buffing it in update 7.0. The buff improved the weapon considerably, and even made it a touch too strong. We think this small change will better align it with other Light weapons.
Cerberus 12GA
Decreased the radius of the pellet distribution by approximately 10%, making the weapon more accurate
Increased the heat applied to world objects by the Cerberus from 2.5 to 7.5, meaning it will now ignite toxic gas clouds in a single shot
Dev Note: Since our last round of Cerberus changes the weapon has dropped dramatically in usage across all modes and skill tiers. We want to buff its viability, without returning to its previous overpowered state and we hope these changes will have that effect.
Model 1887
Increased maximum ammo capacity from 6 to 7
Dev Note: The Model is in a very similar place to the Cerberus, with very low usage and poor performance metrics right now. This subtle change should buff its viability without over-tuning its power.
Sledgehammer
Secondary attack damage increased from 154 to 175
Dev Note: We’re continuing to monitor and adjust the Sledgehammer. This damage buff to the secondary attack will boost its value compared to primary attacks. We’d also like to note we’re aware of some hit registration issues with the Sledeghammer which we’re currently investigating and hope to be able to fix as soon as possible.
Sword
Increased the vertical component of the secondary attack’s rotation clamping from 40 degrees to 90 degrees, meaning the Sword will be less constrained when aiming up or down during a lunge attack
Dev Note: After recent feedback from players, we’ve relaxed the vertical component of the lunge’s rotation clamping as we agree the vertical clamp was too severe and, in general, vertical movements of the lunge were not what were being exploited previously. Hopefully this feels a lot better, but we’ll continue to read feedback on how players are finding it.
Content and Bug Fixes
Animation
Fixed melee swings sometimes not playing when viewing other Contestants
Fixed an issue where sprint animations would not play correctly after inspecting with certain skins
Fixed an issue where jumping with the Throwing Knives, while using the secondary attack, could cover the center of the screen
Fixed a case where the Riot Shield could desync in third person, not correctly showing the protected state
Dev Note: This is the first of several fixes for Riot Shield issues. We’re addressing both animation clarity and cases where the shield’s collision or state can desync from what players see.
Audio
Improved the quality of Announcer voice lines, and made them less repetitive
Contracts
Fixed issue where some damage types were not considered for Contracts involving damage on/from the Power Shift platform
Customization
Fixed The Devourer eyes showing up on top of glasses
Fixed an issue that caused some of the older CNS items to have incorrectly displayed prints on them
ESPORTS
Updated the Esports section to accommodate new information and registration for the Open Qualifiers.
Dev note: Check out more on the esports format
here
, and don’t forget to
sign up
to compete in the Open Qualifiers!
Gadgets
H+ Infuser
Fixed an issue where getting eliminated while aiming down sights could result in a broken weapon model
Healing Emitter
Fixed an issue where Contestants were not healed by their team’s Healing Emitter while holding an enemy team’s Healing Emitter
Nullifier
Fixed an issue where nullified opponents could deal quick melee damage
Gameplay
Fixed an issue that caused kill hitmarkers to be missing in certain situations
Fixed a hit-reg issue with KS-23 and SR-84
Updated respawn statue collision to behave more predictably and reduce rolling on sloped surfaces
Maps
General
Larger trees now have sturdier trunks that require more bullets to destroy, making them more reliable for cover and line of sight blocking
Practice Range
Fixed an issue where the trophy leaderboard text could be difficult to read when picked up
Added Blast Off and Super Cashball trophies
Bernal
Fixed a zipline on top of the Chapel that floated after the geometry beneath it was destroyed
Updated collision on corrugated metal modules to prevent objectives from visually appearing through the roof and being interactable
Fix for collision issue of railing piece, specifically causing movement issues around residential staircases
Monaco
Fixed some visual gaps in ground meshes
Seoul:
Slightly raised the vent path on the outside of Apartments so you can smoothly walk over the ledge at the end without snagging
Skyway Stadium
Fixed an issue where grenades and bullets could pass through a narrow part of  the back of the Office building
SYS$Horizon
Updated the Library building with the latest destruction systems
Fixed a step being too high on the voxel bridge next to campus which caused players to snag
Nozomi/Citadel
Added trees at the edges around the Cybercafe to block sightlines towards the corner next to Apartments
Fixed a duplicate desk underneath another desk in the Operations Center
Private Matches & Spectator
Improved layout and visuals for the match building screen
Fixed an issue where you could end up in a corrupted private match lobby
Rendering
Added support for AMD FSR 3 Frame Generation
Pause DLSS Frame Generation when in fullscreen menus (except Video Settings), to avoid rendering artifacts on UI elements
Updated AMD FSR version from 3.1.3 to 3.1.4
Fixed an issue causing light leaking in fog
Optimized GPU performance when a lot of visual effects are active
Removed a command line that could give unfair advantages by lowering graphical fidelity
Settings
Fixed an issue that prevented gamepads/controllers from working when Steam Input is enabled
Social
Fixed mouse scroll wheel functioning poorly with the text chat window
Added Stay as a Party functionality to end of round screen
Dev Note: Long requested and finally in THE FINALS - you can now opt in to form a party with the team members of your last game, right at the end of round screen!
UI
XBOX platform avatars are now properly shown as your profile image where applicable
Fixed an issue where only item names were shown instead of descriptions in outfit customization
Fixed incorrect game mode name being shown in the tab scoreboard when reconnecting after shutting down the game
Resolved issue causing new markers to appear on other outfits after deleting an outfit
The Contracts screen now properly retains the selected tab when navigating back from other pages
Fix rewards flow screen getting into a blank state when hitting next/skip too quickly
Fix text chat sometimes staying on-screen after being closed during gameplay
Security
New update and exciting news from the Anti-Cheat team!
With this release we will perform a technical test of Denuvo Anti Cheat on Xbox for Windows. If the test goes well, we'll consider rolling it out incrementally on Steam in Season 8.
We'd also like to point out that we're not utilizing the Digital Rights Management parts of the Denuvo platform.
Compatibility with SteamDeck and Proton has been tested as well, and we are still committed to serving that part of our community.
Please keep sending in player reports and other information you believe could be of value to us, it really helps us in our work to keep THE FINALS fair and secure!
//Tom and Magnum

THE FINALS © 2022-2026 Embark Studios AB. THE FINALS and EMBARK trademarks and logos are trademarks or registered trademarks of Embark Studios AB. NEXON trademark and logo are trademarks or registered trademarks of NXC Corporation. © 2026 Sony Interactive Entertainment LLC. PlayStation, the PlayStation Family Mark, PS5, the PS5 logo, PS4 and the PS4 logo are registered trademarks or trademarks of Sony Interactive Entertainment Inc. Microsoft, the Xbox Sphere mark and Xbox Series X|S are trademarks of the Microsoft group of companies. © 2026 Valve Corporation. Steam and the Steam logo are trademarks and/or registered trademarks of Valve Corporation in the U.S. and/or other countries. © 2026 Epic Games, Inc. All rights reserved. Unreal, Unreal Engine and their respective logos are trademarks or registered trademarks of Epic Games, Inc. in the U.S. Patent and Trademark Office and elsewhere. NVIDIA, the NVIDIA logo and the GeForce Now logo are trademarks and/or registered trademarks of NVIDIA Corporation in the U.S. and/or other countries."
THE FINALS: THE ROAD TO ESPORTS - EPISODE 3,"THE FINALS © 2022-2026 Embark Studios AB. THE FINALS and EMBARK trademarks and logos are trademarks or registered trademarks of Embark Studios AB. NEXON trademark and logo are trademarks or registered trademarks of NXC Corporation. © 2026 Sony Interactive Entertainment LLC. PlayStation, the PlayStation Family Mark, PS5, the PS5 logo, PS4 and the PS4 logo are registered trademarks or trademarks of Sony Interactive Entertainment Inc. Microsoft, the Xbox Sphere mark and Xbox Series X|S are trademarks of the Microsoft group of companies. © 2026 Valve Corporation. Steam and the Steam logo are trademarks and/or registered trademarks of Valve Corporation in the U.S. and/or other countries. © 2026 Epic Games, Inc. All rights reserved. Unreal, Unreal Engine and their respective logos are trademarks or registered trademarks of Epic Games, Inc. in the U.S. Patent and Trademark Office and elsewhere. NVIDIA, the NVIDIA logo and the GeForce Now logo are trademarks and/or registered trademarks of NVIDIA Corporation in the U.S. and/or other countries.",https://www.reachthefinals.com/patchnotes/rte3,"By Oscar Lundberg

Hey Contestants,
The wait is over!  We’ve got everything you need to know about how THE FINALS is preparing to make its launch into esports this year!
It’s official. The format is locked in and The Grand Major is coming!
Let’s break down everything there is to know...

THE GRAND MAJOR - NOV 28 - 29
DreamHack Stockholm | $100,000 Prize Pool | 16 Teams | 1 Winner

TOURNAMENT OVERVIEW - TL;DR
OPEN QUALIFIERS (NA & EMEA)
Start
: August 30th & September 6th
Format
: Single Elimination (Bo3)
Mode
: Final Round (3v3)
Two chances per region
: 8 teams qualify per qualifier
Total advancing per region
: 16 teams
Open Qualifiers - Seeding:
All teams start on equal footing. Seeding is randomized to ensure fairness, and all three heats are played in a Final Round, best-of-three. This gives every team, from seasoned competitors to fresh challengers, a chance to prove where they stand.
Open Qualifiers - Elimination:
Win your matches and survive the bracket to reach the final eight teams standing. Each region gets two full qualifier chances, with the top eight teams from each earning a slot in the Closed Qualifier. That’s 16 teams per region, ready to move forward.

CLOSED QUALIFIERS (NA & EMEA)
Format
: Hybrid Elimination
Modes
:
Cashout
(3v3v3v3)
Final Round
(3v3)
Qualified teams advance to The Grand Major
:
7 slots for NA
6 slots for EMEA
Closed Qualifiers:
The 16 teams from each region will face off in a hybrid elimination format across two distinct modes: Cashout (3v3v3v3) and Final Round (3v3). Performance across both modes determines advancement. The top 7 teams from NA and 6 from EMEA earn invitations to The Grand Major, based on regional player base distribution.
APAC QUALIFIERS
Run by our partners Nexon & Tencent for localization support
3 slots awarded for The Grand Major
Local formats/rules may vary but global standards still apply
Operated by Nexon & Tencent, the APAC pathway will follow a separate structure suited to the region. While match formats and seeding may differ, all players are expected to adhere to global eligibility and conduct rules. APAC will send 3 teams to The Grand Major.

THE GRAND MAJOR FORMAT
Day 1 – Group Stage
16 teams
compete in
Cashout
and
Final Round
Only
8 teams
survive to Day 2
All 16 qualified teams meet in Stockholm to battle it out in a hybrid format that mixes Cashout and Final Round gameplay. This first day is about proving consistency, skill and teamwork across both game modes. Only 8 teams will survive to compete in Day 2.

Day 2 – Championship Playoffs
The
Final 8
battle it out for glory
One team will walk away as
THE GRAND MAJOR CHAMPION
The second day of The Grand Major is all about “Reaching THE FINALS.” This round will follow a Hybrid Elimination format, narrowing us down to the final four teams.
“THE FINALS” is the ultimate challenge for the top teams, focusing on consistency. These teams will first compete in a Cashout match, with the top two teams advancing to a Best-of-2 Final Round. Each match win in the Final Round earns one point. After each Final Round, all four teams return to the next Cashout match, and the cycle repeats. The first team to reach five points will be crowned The Grand Major Champion.

KEY RULES & REMINDERS
Three starting players on each team that qualify will be provided with accommodation and flights.
You must sign up and create your team via the FACEIT platform once registration is open on August 14th.
Competing players need to read the full
Rulebooks Here
(
Global
+
Grand Major
).

COMING SOON
Open Qualifier registration links.
Broadcast schedule.
Talent reveals.
Behind-the-scenes content.

GET READY TO DROP IN
We told you to get your teams ready, now is the time to show your skill.
It’s time to make your name known in the arena.
It’s time to show the world what you’ve got.
The road to esports ends in Stockholm, but now - your journey begins.
SEE YOU AT THE MAJOR.
~Oscar & Luke

THE FINALS © 2022-2026 Embark Studios AB. THE FINALS and EMBARK trademarks and logos are trademarks or registered trademarks of Embark Studios AB. NEXON trademark and logo are trademarks or registered trademarks of NXC Corporation. © 2026 Sony Interactive Entertainment LLC. PlayStation, the PlayStation Family Mark, PS5, the PS5 logo, PS4 and the PS4 logo are registered trademarks or trademarks of Sony Interactive Entertainment Inc. Microsoft, the Xbox Sphere mark and Xbox Series X|S are trademarks of the Microsoft group of companies. © 2026 Valve Corporation. Steam and the Steam logo are trademarks and/or registered trademarks of Valve Corporation in the U.S. and/or other countries. © 2026 Epic Games, Inc. All rights reserved. Unreal, Unreal Engine and their respective logos are trademarks or registered trademarks of Epic Games, Inc. in the U.S. Patent and Trademark Office and elsewhere. NVIDIA, the NVIDIA logo and the GeForce Now logo are trademarks and/or registered trademarks of NVIDIA Corporation in the U.S. and/or other countries."
Update 7.8.0,2025.08.07,https://www.reachthefinals.com/patchnotes/780,"RISK & REWARD RETURNS
Sponsored by VAIIYA, the Risk & Reward World Tour is back, and this time, the stakes are smarter.
Throughout the event, Contestants will earn varying amounts of cash for eliminations based on the Weapon used. Whether you go in with a surgeon’s precision or a showman’s flair, the right tool could mean the difference between pocket change or a payload.
With rebalanced cash earned per elimination, it’s the perfect time to rethink your Loadout and bring your most devious strategies to the Arena.
So go bold, go calculated.. just don’t go in unprepared.

Looking to turn heads
while
you turn the tide of battle? Consider yourself Judge, Jury and Executioner? The store has been restocked with high-contrast, high-drama looks. Face off in black-and-white with Mandatum Nullum and Mandatum Ultimum, or flash feathers and firepower with the Aviatrix Prime Load, a dual pistol set crafted in the spirit of light and shadow. The Marble Monarch and Marble Mobster sets round out the drop with sculpted strength and museum-grade menace.

And if you’ve been waiting for news on the Grand Major 2025, the time has come. Today at 16:00 CEST, we’re revealing the full competitive format, including a breakdown video, detailed blog, and complete rulebook!

THE FINALS © 2022-2026 Embark Studios AB. THE FINALS and EMBARK trademarks and logos are trademarks or registered trademarks of Embark Studios AB. NEXON trademark and logo are trademarks or registered trademarks of NXC Corporation. © 2026 Sony Interactive Entertainment LLC. PlayStation, the PlayStation Family Mark, PS5, the PS5 logo, PS4 and the PS4 logo are registered trademarks or trademarks of Sony Interactive Entertainment Inc. Microsoft, the Xbox Sphere mark and Xbox Series X|S are trademarks of the Microsoft group of companies. © 2026 Valve Corporation. Steam and the Steam logo are trademarks and/or registered trademarks of Valve Corporation in the U.S. and/or other countries. © 2026 Epic Games, Inc. All rights reserved. Unreal, Unreal Engine and their respective logos are trademarks or registered trademarks of Epic Games, Inc. in the U.S. Patent and Trademark Office and elsewhere. NVIDIA, the NVIDIA logo and the GeForce Now logo are trademarks and/or registered trademarks of NVIDIA Corporation in the U.S. and/or other countries."
Update 7.7.0,2025.07.31,https://www.reachthefinals.com/patchnotes/770,"This week, it’s all about the style.
We’re bringing a plush-powered punch to the Arena with the arrival of the ÖRF BADOOM! Mythic Frag Grenade skin. Soft, snarky, and seriously explosive, just pull the cord and let it do the talking.
The Bancho Rising outfit also enters the spotlight this week. This legendary look brings the attitude and swagger of a street legend straight into the Arena. All leather. No mercy.
Looking for something more tactical? The Mayhem Threat Set is here with a stripped-down, stockless AKM skin that blends lethal intent with sleek design. Minimalist, mean, and made to make a statement.
On the fixes and improvements side of things, we have enabled support for spectators in Cash Ball Private Matches! There is a bug where everyone is wearing the same colored outfit, but you can still tell players apart through their outline and the color of their health bars!

Introducing the Embark Creator Program
Ready for some egg-citing news?
We know that many of you have been asking and waiting for this, and we can finally announce that we have officially launched the Embark Creator Program! You can now go from a Contestant to a Rising Star as an Embark Creator or Partner, and we want to be part of your journey!

THE FINALS © 2022-2026 Embark Studios AB. THE FINALS and EMBARK trademarks and logos are trademarks or registered trademarks of Embark Studios AB. NEXON trademark and logo are trademarks or registered trademarks of NXC Corporation. © 2026 Sony Interactive Entertainment LLC. PlayStation, the PlayStation Family Mark, PS5, the PS5 logo, PS4 and the PS4 logo are registered trademarks or trademarks of Sony Interactive Entertainment Inc. Microsoft, the Xbox Sphere mark and Xbox Series X|S are trademarks of the Microsoft group of companies. © 2026 Valve Corporation. Steam and the Steam logo are trademarks and/or registered trademarks of Valve Corporation in the U.S. and/or other countries. © 2026 Epic Games, Inc. All rights reserved. Unreal, Unreal Engine and their respective logos are trademarks or registered trademarks of Epic Games, Inc. in the U.S. Patent and Trademark Office and elsewhere. NVIDIA, the NVIDIA logo and the GeForce Now logo are trademarks and/or registered trademarks of NVIDIA Corporation in the U.S. and/or other countries."
Midseason Update 7.6.0,2025.07.24,https://www.reachthefinals.com/patchnotes/760,"QUEUE UP FOR SUPER CASHBALL!

Hit the locker room Contestants, it’s time to suit up for SUPER CASHBALL!
Welcome to the fast-paced, high-stakes 5v5 mode where you work as a team to throw the Cashball into the opposing goal! You can score even bigger by passing the ball between teammates, charging the ball and making it worth even more points! Earn up to 3 points in a single goal with a fully charged Cashball! A pass counts even if the ball touches the ground, so long as the next person who grabs it is on the same team.
The match is split into two five-minute halves with a short halftime in between. At the final buzzer, if the ball is still in the air, it can still score, so those last-second throws are very much in play. Every second counts in CA$HBALL STADIUM.
Looking for a comeback? Score in the last 30 seconds to get an extra 30 seconds on the timer! If a tie, the first team that reached the tied score will win.
Choose your position wisely!
Loadouts are locked and the best team has a balance:

Medium Build: Playmaker
This position will escort the ball, pluck it out of the sky with the Winch, and carry the whole team across the field!
Loadout:
Winch Claw
Riot Shield
Goo Grenade
Jump Pad
Zipline

Light Build: Strikers
Deadly with the Dagger and fast on their feet. They can subdue opponents, and get across the Stadium in a flash!
Loadout:
Evasive Dash
Dagger
Glitch Grenade
Thermal Bore
Nullifier

Heavy Build: Enforcer
Lock down the ball, defend the goal and send the opposing
team back to their own territory, usually in coin form.
Loadout:
Charge n Slam
Sledgehammer
Barricade
Dome Shield
Lockbolt

Each goal has a penalty zone around it, and if a player from the opposing team steps inside, they get Glitched. A Glitched player can’t pick up or carry the ball, nor can they use Gadgets or Specializations. So watch where you step and don’t get baited into the enemy zone!
Success in SUPER CASHBALL is all about teamwork.
Pass to charge, watch the zones, and always be ready to launch that final shot.
SUPER CASHBALL will be available in Private Matches, as well! And keep an eye out for the leaderboard!

CUSTOMIZE YOUR COMMS
You can now pick how your Contestant sounds in the Arena, separate from the Face you have chosen, with the all new Voice Customization feature in the Appearance Tab. Some voices come with custom voice lines!
We still have some voice altering effects attached to certain items and those will still work, regardless of the voice you have chosen.

CHUCK THE HEALING EMITTER

This update comes with CASHBALLS and Wheels, so why not throw one more round thing into the mix! Our brand new Twitch drops campaign will start today, and you’ll be able to earn Chuck the Ball! You’ll also get the Chuck nametag sticker, and a Chuck Charm, so even when you play Light and Medium, he’ll be by your side!
All you need to do is tune in to any streamer playing in THE FINALS category and watch to earn! Make sure you have connected your Twitch account so you don’t miss out on your new best bud!

LOTUS REAPER SET + 2400 MB

The Lotus Reaper Set has arrived and it comes with 2400 Multibucks, and some of the most striking pieces we have seen in the Arena to date! Bloom in silence, strike without mercy!

STORE UPDATE
Some moments in The Arena deserve to be recorded, and watched back, in beautiful 8mm quality - and now you can with the Overexposed FAMAS!
Check it, and much more, out in this week’s store:

SERVER CRASH EXPLOIT
In some serious news, we have patched a critical exploit that allowed players to crash the servers. We’ve managed to compile a list of everyone who used this deliberate exploit in order to remove other players from the game.
We’ll be returning the lost RS to players who were affected by this in a Ranked Tournament and permanently banning those who used this exploit to wreak havoc in the last few days. Game breaking exploits are serious and performing them deliberately is not permitted.
To those impacted by this exploit, we’re sorry for the inconvenience and we appreciate all the reports that helped us identify the issue and ensure it could be stopped.

A note on Melee from Design Director, Matt:
We wanted to share an update on the state of melee, since it's been a hot topic in the community lately. The goal is to clarify how we see melee and what kind of work we’re doing to improve it going forward.
First and foremost, melee weapons belong in THE FINALS. We wouldn’t have added them if that weren’t the case. For a melee weapon to earn its place, it needs to be viable as a style of play, intuitive for both the user and the opponent, and feel like the kills it gets are earned. Let’s break that down.
Viability
In order to make melee weapons viable, they should be able to compete with fairly similar odds to guns, but that doesn’t mean they should always be as good as the best gun or other weapons. In a game with so many weapons of incredibly varied styles, some will always be more accessible and others more niche, that’s the reality of building weapons that are so asymmetric to one another. Melee weapons, shotguns, sniper rifles and bows tend to be more niche because they exist at the extremes of balance: very short or very long ranges, very fast or very slow fire rates, etc. This makes them notoriously hard to balance. They’re often underpowered, but when buffed can quickly become overpowered and frustrating to play against. This is just the nature of balancing for more extreme playstyles. Our goal to keep them viable is to make sure players have a chance to win without making them overly frustrating or too niche for regular play. It’s a hard goal to hit, thus we keep working toward it.
Intuitiveness
For melee weapons to be intuitive, they need to behave in a way that most players can easily understand and expect, especially new players. This is where ‘melee tech’ comes in.  At its core, ‘Tech’ means discovering and using bugs and edge cases in the game’s code and design. Most FPS tech arises where one system meets another. For example, the Sword’s “super lunge” is the result of one movement system (the Evasive Dash) meeting another (the lunge). Likewise, the “phantom strike” tech exploits bugs and edge cases in our animation system to perform melee strikes without visible animations. We get this can be fun to discover and master, because it boosts a weapon’s power and often takes skill. But for others, it’s frustrating. It’s unintuitive, often invisible, and disproportionately strong.
Our position on ‘tech’ has been clear since our Alpha and Beta, where we discussed ‘movement tech’ in our
Meet the Makers
podcast. We see ‘tech’ as a bug. When it disrupts balance or frustrates players, we aim to fix it, and in severe cases, may ban players who repeatedly exploit it. Occasionally, ‘tech’ emerges that is intuitive and doesn’t  break balance. In those rare cases, we may turn the ‘tech’ into an actual mechanic that is part of the game, but only if it fits. At the end of the day though, ‘tech’ is unintended and frequently harmful to the overall experience of the game.
Current Melee Tech
Some recent ‘melee tech’ has put us in a tough spot. Without the tech, some items can feel underpowered, and with it, they become overpowered and frustrating to play against.
We want to remove that ‘tech’ for the reasons explained above, but sometimes the work involved with re-writing a system can take a long time. So what then should we do with the frustration it’s causing in the interim? This is a tough problem to solve. Generally, we’ve solved this by nerfing the item in question while the ‘tech’ exists, until we have time to fix it properly, at which point we can re-buff the weapons. That is part of the journey the Sword has been through in recent months. It’s been nerfed to offset some ‘tech’ that was frustrating and making the Sword overly punishing to play against, while we made changes to its functionality. With 7.6, new functionality goes into the game that should address the ‘tech’ issue, allowing us to buff the Sword again. With the new functionality we can monitor how well the Sword does and go from there.
Outside of the ‘tech’ issues, we’re aware that a lot of the melee weapons still lack the refinement of our guns and that’s something we want to tackle in the long-term. In 7.6, we’re making a number of balance changes to try and smooth out some of the lumps these items have, but many of them still need considerable re-works to get them to the best place possible for both their users and opponents. Re-works take time. We’re hopeful we can deliver a number of these in the coming seasons, but in the meantime we’ll continue to do what we can by balancing within our current systems.
Hopefully this gives you a better understanding of how we see melee and our approach to it. We also hope this explanation goes some way to explaining the various melee changes made in 7.6. As always, keep providing feedback and we’ll keep trying our hardest to be as solid and varied for different playstyles as we can.
//Matt

Balance Changes
Archetypes
Light
Replaced the Grapple Hook with the Evasive Dash in the default Loadout. The Grapple Hook must now be unlocked for VRs if not already owned
Replaced the M11 with the XP-54 in the default Loadout. The M11 must now be unlocked for VRs if not already owned
Moved the Frag Grenade from the Reserve into the default Loadout
Moved the Sonar Grenade from the Reserve into the default Loadout
Moved the Flashbang from the Loadout into the Reserve in the default Loadout
Moved the Smoke grenade from the Loadout into the Reserve in the default Loadout
Medium
Moved the Goo Grenade from the Loadout into the Reserve in the default Loadout
Moved the Frag Grenade from the Reserve into the Loadout in the default Loadout
Replaced the Glitch Trap with the Explosive Mine in the default Loadout.The Glitch Trap must now be unlocked for VRs if not already owned
Added the Compact Reflector sight to the default AKM in the default Loadout
Added the Compact Reflector sight to the default R .357 in the default Loadout
Heavy
Added the Compact Reflector Sight to the M60 in the default Loadout
Gadgets
Defibrillator
Increased charge time from 0.8s to 1s
Dev Note: We want to move more of the risk of reviving a player with Defibrillators onto the reviving player, not the player they revive. We think this nudge should encourage players to find a safe spot to defib more often, but we’ll monitor the impact and try other solutions if this doesn’t have the desired effect.
H+ Infuser
VFX now use team colors, making it easier to tell who is healing who
Healing Emitter
VFX now use team colors, making it easier to tell who is healing who
Nullifier
Bullets will now pass through Nullified players
Dev Note: This change only impacts hitscan bullet weapons for the time being, but we plan to address projectiles as well in a future update
Maps
SYS$Horizon
Rebalanced destruction for the Campus, Workspace, and Art Gallery buildings
Mode
Cashout (World Tour and Ranked)
Any Vaults/Cash Boxes that have not been delivered to a Cashout Station by the time overtime starts will be despawned and removed from the match
Dev Note: We’ve been taking in lots of feedback related to “double stacking” two Cash Boxes in the same Cashbout Station. After doing a detailed analysis, it’s clear that the biggest frustration point is doubling the Cash Boxes during the final phase, where the total value of a single Cashout can be huge. In this scenario, the second-place team almost always loses their spot, since all three other teams are incentivized to target them. The first place wants a weaker opponent next round, while third and fourth just want to qualify. Our data shows that regardless how much cash the second place team has already secured, this doubling scenario always disproportionately affects them negatively. It often occurs during overtime as well. This change is aimed at making sure second place teams that have already secured a lot of cash are more likely to qualify, by reducing how often large stacks of cash are available in the final Cashout during overtime. This change is a test and will run from 7.6 through to 7.9, at which point its impact will be re-assessed.
Private Matches
Added the Ranked Cashout ruleset from Ranked Tournaments to Private Matches
Dev Note: There are two known issues with mode that still need to be addressed, players get four respawn tokens instead of 2 and players can also swap items from their Reserve between lives. We aim to fix both of these soon, but we didn’t want to hold back unlocking this mode while waiting for fixes.
Specializations
Healing Beam
VFX now use team colors, making it easier to tell who is healing who
Weapons
Dagger
Primary Attack
Increased the outer width of the hit sweeps by ~40%, so that it better matches the weapon’s animation
Decreased the inner width of the hit sweep nearest to the camera, to prevent the it hitting objects just outside the player’s field of view, making the weapon slightly more reliable
Increased the duration of the hit sweep from 0.07s to 0.1s, making the weapon more reliable
Dual Blades
Increased the hit sweep range by ~40cm, to bring it more in line with other melee weapons
Increased the hit sweep height by ~5cm, making the weapon more reliable
Decreased the inner width of the hit sweep nearest to the camera, to prevent it hitting objects just outside the player’s field of view, making the weapon slightly more reliable
KS-23
Converted the KS-23 from a projectile weapon to a hybrid hitscan-projectile weapon
KS-23 shots will be hitscan up to 25m, making it more reliable at closer ranges
KS-23 shots will be projectiles after 25m, making it less likely to be used to snipe at longer ranges
KS-23 projectile velocity reduced from 300m/s to 280m/s
Dev Note: This new approach to the KS-23 should make it more reliable at the close-to-medium ranges it is intended for
Riot Shield
Updated the Riot Shield’s hit sweeps to make them slightly more reliable and to better match the attack animations
Increased the hit sweep range by ~50cm, to bring it more in line with other melee weapons
Increased the lifetime of the hit sweep from 0.04s to 0.12s, making the weapon more reliable
Increased the outer width of the hit sweeps by ~70%, so that it better matches the weapon’s animation
Decreased the inner width of the hit sweep nearest to the camera, to prevent it hitting objects just outside the player’s field of view, making the weapon slightly more reliable
Decreased the attack duration from 0.9s to 0.81s, effectively increasing the attack speed of the weapon by 10%
Sledgehammer
Primary Attack
Increased the outer width of the primary attack’s hit sweeps by ~80%, so that it better matches the weapon’s animation
Decreased the inner width of the hit sweep nearest to the camera, to prevent it hitting objects just outside the player’s field of view, making the weapon slightly more reliable
Spear
Decreased the inner width of the hit sweep nearest to the camera, to prevent the Spear hitting objects just outside the player’s field of view, making the weapon slightly more reliable
Sword
Primary Attack
Increased damage from 74 to 88
Increased the attack duration from 0.55s to 0.6s, slightly slowing the primary attack speed
Increased the hit sweep height by ~5cm, making the weapon more reliable
Decreased the inner width of the hit sweep nearest to the camera, to prevent it hitting objects just outside the player’s field of view, making the weapon slightly more reliable
Slightly modified the hit sweeps to better align with the animations
Secondary Attack
Increased damage from 105 to 120
Decreased the attack duration from 1s to 0.75s, increasing the secondary attack speed of the weapon
Introduced rotation clamping to the Sword’s secondary lunge attack, preventing players from swinging 360 degrees while travelling. During the lunge, the Sword wielder is now clamped to a 40 degree forward angle
Dev Note: The lack of constraint on the Sword’s lunge led to players often feeling they were hit unexpectedly when a player lunged them. This constraint makes the attack’s behavior more intuitive, allowing us to add back some of the Sword’s power that we’d previously reduced to address issues like the high rotation during lunges.
Increased the speed of the lunge from 1500 to 1750
Increased the range of the lunge from 5.5m to 7m
Introduced a new system to control stacking effect of Evasive Dash momentum together with Lunge (aka ""Super Dash""), and reduced the stacking. Together with the high lunge speed, this now results in an average “Super Dash” distance of 17-20m, up from a range of 16-19m
Dev Note: It’s taken us some time to implement new code to handle the unintended momentum exploit that was the “super dash.” In the interim, we nerfed the Sword lunge distance to reduce the maximum range a “super dash” could achieve, which was around 24m. With this new system in place and allowing us to control inherited momentum better, the lunge range has been buffed again as have some of the damage values.
Content and Bug Fixes
Animation
Fixed a broken third person animation that could occur when reloading an empty CL-40
Fixed an issue where players could end up stuck in a corpse pose
Characters
Fixed an issue where certain lower body cosmetics could cause very thin legs on the character when combined with low heels
Improved appearance of Chromatique Dress for the Heavy contestants
Fixed an issue where the Wise Wing Jumper would float when jumping and crouching
Fixed Medium and Light builds looking overly muscular when equipping a custom outfit using heavy muscular body types
Controller
Fixed an issue where the text chat menu would sometimes not open when using a controller
Gadgets
Barricade
Ruby Barricade skin now correctly references Season 6 instead of Season 5
Game Modes
Cashout (World Tour and Ranked Tournaments)
Fixed an issue where players could incorrectly receive an abandon penalty, even when it appeared safe to leave due to a teammate never connecting to the match
Private Matches
Enabled Super Cashball for the duration of the event
Gameplay
Speculative fix for an issue where players could sometimes end up in the wrong body when revived
Maps
General
Fixed an issue where pre-placed Ziplines in maps could become partially invisible
Adjusted the health values of various open and closed fences, so they are more appropriate and consistent
Fixed a small number of lighting issues
Bernal
Fixed ladders and ziplines not having appropriate sponsor colors
Kyoto
Fixed an issue where Arena Carriables could be thrown through paper walls without breaking them
Made various texture optimizations to help performance
Fixed a number of small collision issues, to hopefully improve player movement
Las Vegas Stadium:
Fixed a bug that triggered the “Hackout” Game Show Event outside of the World Tour event
Monaco
Fixed a collision issue that allowed players to get underneath the ground mesh in Monaco
Fixed a zipline in the park hovering above the ground
Skyway Stadium
Slightly adjusted the aircon vent path on the inner side of the Medical Center so they don't break when the wall next to them is dematerialized
Rendering
NVIDIA DLSS 4 Transformer model now uses the newer “K"" preset instead of ""J""
Updated DLSS version from 4.0.0 to 4.0.2
Settings
Fixed an issue on the Settings screen where the Push to Talk button would not be correctly shown the first time the player loads the screen
Specializations
Improved the hit detection of the Winch Claw when using it while interacting with a Zipline
UI
Fix Sprays overlapping with UI in customization screen when previewing
Fixed rarity display issue for the Off the Grid and Silent March outfits in the Sponsorship menu
Fixed gamepad navigation sometimes breaking when backing out of the Contestant menu
Fixed gamepad navigation sometimes getting stuck in Style and Appearance customization menus
Fixed an issue where Quickplay Points could be missing from the end of round progression screens after a match
Fixed an issue where previously earned Recruit & Rise rewards could appear in the end of round summary
Fixed issue where the respawn timer could continue to count down after the team disconnected
Made improvements to player card rendering when viewed in-match
Fixed an issue where character particle effects could remain visible after navigating to the Career screen
Fixed an issue where props used during emotes would not drop to the floor correctly in the Contestant screen
VFX
Improved the visibility of the firework VFX in the Fourth of Mayhem RPG Skin to match the intensity of Rocket Resolution RPG Skin
Weapons
Melee attacks will no longer move the player towards targets that are currently invulnerable
Increased the rarity to Epic, and introduced animated effects to the Buffer Overflow Weapon skins! Thanks for all of the support on Twitch!
Security
With update 7.3, we mentioned changes coming to our anti-cheat systems, and a few questions popped up in response. So we thought we’d take this update to give you a bit more information:
Kernel-Level Anti-Cheat Isn’t New
Easy Anti-Cheat is a kernel-level program, and it’s been implemented in THE FINALS since early betas. However, we’re currently testing additional anti-cheat tools to collect feedback on what’s best for the game long-term. There’s no set timeline here, but we’re obviously cautious not to disrupt the game while testing and planning.
Modern cheats use advanced methods, including external hardware and AI, that target the game from the outside in ways that are hard to detect. To effectively protect the experience for fair players, we need anti-cheat tools that can see what’s interacting with the game process directly on the player’s computer.
We understand privacy concerns. Our anti-cheat is focused solely on identifying threats to the game. We do not collect information about your personal files, nor do we monitor unrelated activity.
Steam Deck and Proton Support
We noticed the concern about Linux following our last update. We’re testing everything across all platforms, and have made it very clear to our partners that Proton and Steam Deck are important to our development plans. While we don’t officially support Steam Deck due to our required dependence on Proton Experimental, we are committed to ensuring compatibility, and we work with external partners to fix issues before we ship a patch. The experience of every player is important to us. Despite many factors, we are still dedicated to supporting it because we know it matters. However, general Wine support is not tested, and native Linux support is not planned.
Thank you for your continuous support. We’ll have more to share in the next major update!
//Chim and Tom

THE FINALS © 2022-2026 Embark Studios AB. THE FINALS and EMBARK trademarks and logos are trademarks or registered trademarks of Embark Studios AB. NEXON trademark and logo are trademarks or registered trademarks of NXC Corporation. © 2026 Sony Interactive Entertainment LLC. PlayStation, the PlayStation Family Mark, PS5, the PS5 logo, PS4 and the PS4 logo are registered trademarks or trademarks of Sony Interactive Entertainment Inc. Microsoft, the Xbox Sphere mark and Xbox Series X|S are trademarks of the Microsoft group of companies. © 2026 Valve Corporation. Steam and the Steam logo are trademarks and/or registered trademarks of Valve Corporation in the U.S. and/or other countries. © 2026 Epic Games, Inc. All rights reserved. Unreal, Unreal Engine and their respective logos are trademarks or registered trademarks of Epic Games, Inc. in the U.S. Patent and Trademark Office and elsewhere. NVIDIA, the NVIDIA logo and the GeForce Now logo are trademarks and/or registered trademarks of NVIDIA Corporation in the U.S. and/or other countries."
Update 7.5.0,2025.07.17,https://www.reachthefinals.com/patchnotes/750,"Today it’s goodbye to BLAST OFF, and hello to some exciting new content on the horizon!
New World Tour Event: LOCK.PHASE ( )
Dome shields have begun covering cashout stations across the Arenas as Season 7 sponsor-interloper CNS are taking over the show in World Tour. While the event is active, cash in and defend your prize with the extra help of a damage-blocking dome for your team to rally inside!
Stealing the cashout also swaps ownership of the shield, and resets its HP back to full! If you’re trying to find the right opportunity to break through it, a well placed glitch Grenade temporarily disables the shield for 5 seconds!
VAIIYA may have eyes everywhere, but CNS know how to keep their secrets safe and locked down.

This week’s Store Update:
Summer is hitting the store with the Pool Flamingun set and the Bounce Back ball, essentials for any high stake water fight or Arena showdown! This isn't your grandma's garden party! But the Floral Fatale set does make for a blooming and booming showing.
Once the dust settles, relax with the Sudden Lounge animation. Let’s hope you cleaned up the competition thoroughly or the new Throwing Knife skins will bring back some memories you might want to dodge!

SUPPORT A STREAMER!
T
he Buffer Overflow weapons bundle and the Encrypted Vision helmet are still around on twitch for one more week! This is the perfect time to support our fantastic content creators while getting some sweet skins as a Thank You - and - following player feedback the weapon skins will be animated from update 7.6 onwards! Help our streamers keep showcasing the game and earn cool rewards in the process!

THE FINALS © 2022-2026 Embark Studios AB. THE FINALS and EMBARK trademarks and logos are trademarks or registered trademarks of Embark Studios AB. NEXON trademark and logo are trademarks or registered trademarks of NXC Corporation. © 2026 Sony Interactive Entertainment LLC. PlayStation, the PlayStation Family Mark, PS5, the PS5 logo, PS4 and the PS4 logo are registered trademarks or trademarks of Sony Interactive Entertainment Inc. Microsoft, the Xbox Sphere mark and Xbox Series X|S are trademarks of the Microsoft group of companies. © 2026 Valve Corporation. Steam and the Steam logo are trademarks and/or registered trademarks of Valve Corporation in the U.S. and/or other countries. © 2026 Epic Games, Inc. All rights reserved. Unreal, Unreal Engine and their respective logos are trademarks or registered trademarks of Epic Games, Inc. in the U.S. Patent and Trademark Office and elsewhere. NVIDIA, the NVIDIA logo and the GeForce Now logo are trademarks and/or registered trademarks of NVIDIA Corporation in the U.S. and/or other countries."
Store Update 7.4.0,2025.07.10,https://www.reachthefinals.com/patchnotes/740,"BLAST OFF! With New Contracts!
It’s Week 2 of BLAST OFF! Which means a new set of contracts and rewards to collect! And, in case you missed it, we’ve added an option to toggle the pixelation effect for those of you who felt it was too strong. Just disable Lens Distortion in the Video section of the Settings menu for a pixel-free experience and get blasting!
Store Update + Sale!

We come in peace! This week’s store features some cosmically cool additions, such as Major Anomaly and the oddly familiar Blorbo Orbob! Equip your Ray Gun Redux and get ready to invade the Arena!
On top of that, we’ve put some old favorites on sale! So swing by to check out both the old and the new in the shop this week.
Support a Streamer is coming today!
Show love to your favorite THE FINALS creators by subscribing or gifting subs during this new drop event. You can receive the Buffer Overflow Bundle (3 weapon skins) with 1 Sub, and unlock the Encrypted Vision helmet with 3 total Subs! Give ‘em all to your favorite or spread the love around!
Plus:
The
BLAST OFF!
drops are back for two more weeks!
If you missed them last time, now’s your chance to claim them. Already got them? You’ll still be able to claim the drops again on Twitch - but since they’re already in your inventory, you won’t receive duplicates.

THE FINALS © 2022-2026 Embark Studios AB. THE FINALS and EMBARK trademarks and logos are trademarks or registered trademarks of Embark Studios AB. NEXON trademark and logo are trademarks or registered trademarks of NXC Corporation. © 2026 Sony Interactive Entertainment LLC. PlayStation, the PlayStation Family Mark, PS5, the PS5 logo, PS4 and the PS4 logo are registered trademarks or trademarks of Sony Interactive Entertainment Inc. Microsoft, the Xbox Sphere mark and Xbox Series X|S are trademarks of the Microsoft group of companies. © 2026 Valve Corporation. Steam and the Steam logo are trademarks and/or registered trademarks of Valve Corporation in the U.S. and/or other countries. © 2026 Epic Games, Inc. All rights reserved. Unreal, Unreal Engine and their respective logos are trademarks or registered trademarks of Epic Games, Inc. in the U.S. Patent and Trademark Office and elsewhere. NVIDIA, the NVIDIA logo and the GeForce Now logo are trademarks and/or registered trademarks of NVIDIA Corporation in the U.S. and/or other countries."
Hotfix 7.3.1,2025.07.08,https://www.reachthefinals.com/patchnotes/731,"Pixelation Annihilation
We just pushed out a Hotfix aimed to improve a few things, including the pixelation effect on the BLAST OFF! Event. Some of you noted that the effect was a bit too strong, so we've added a way to toggle it for now! We also fixed an issue causing some PlayStation users to be locked out of the game.
Details below:
BLAST OFF!
We’ve made it so that disabling
Lens Distortion
in the Video section of the Settings menu will disable the pixelation effect in BLAST OFF! This should help alleviate the problems that some players were experiencing with eye-strain while playing the mode
PS4 players will automatically have this setting default to disabled with the update and you will need to turn it back on manually
Perma pings
Fixed an issue introduced in 7.3.0 where pinging a player twice in rapid succession would permanently mark their location for the round
PlayStation lockout
We solved an issue introduced in 7.3.0 where some PlayStation players were no longer able to play and would be stuck on the main menu. If you were experiencing this issue, you should now be able to play!

THE FINALS © 2022-2026 Embark Studios AB. THE FINALS and EMBARK trademarks and logos are trademarks or registered trademarks of Embark Studios AB. NEXON trademark and logo are trademarks or registered trademarks of NXC Corporation. © 2026 Sony Interactive Entertainment LLC. PlayStation, the PlayStation Family Mark, PS5, the PS5 logo, PS4 and the PS4 logo are registered trademarks or trademarks of Sony Interactive Entertainment Inc. Microsoft, the Xbox Sphere mark and Xbox Series X|S are trademarks of the Microsoft group of companies. © 2026 Valve Corporation. Steam and the Steam logo are trademarks and/or registered trademarks of Valve Corporation in the U.S. and/or other countries. © 2026 Epic Games, Inc. All rights reserved. Unreal, Unreal Engine and their respective logos are trademarks or registered trademarks of Epic Games, Inc. in the U.S. Patent and Trademark Office and elsewhere. NVIDIA, the NVIDIA logo and the GeForce Now logo are trademarks and/or registered trademarks of NVIDIA Corporation in the U.S. and/or other countries."
Update 7.3.0,2025.07.03,https://www.reachthefinals.com/patchnotes/730,"IT’S TIME TO BLAST OFF!

In THE FINALS, we take blowing things up
very
seriously. Introducing BLAST OFF!, a
rocketing
Limited-Time Mode
where
Low Gravity
is always on and everyone plays as Medium with Evasive Dash and an
explosive, locked-in loadout
fine-tuned to make you and your opponents go KABOOM!
Blast Off! comes complete with a
centered camera position and pixelated explosions
to help Contestants relive the boomer-shooter glory days!
Complete contracts
to unlock up to
12 free rewards
over the next two weeks!
This time, the new mode will also reward
Quickplay Points
, so Contestants can be rewarded and make steady quickplay progress for playing this mode as much as they like!
Have a blast in the Arena!

IMPROVED DESTRUCTION
Destruction is at the very core of THE FINALS. Where would we be without it?
With this update, we're dialing up the dynamism, realism, and tactical payoff of destruction in several key ways. Here's what’s new, and how it improves the experience:
DESTRUCTION PHYSICS
First of all, we are implementing new destruction features which make buildings collapse in a realistic and much cooler way!

WE’RE NOT DONE YET
We’ve already rolled out plenty of these improvements in many of the maps, so jump in-game and feel it out for yourself! This is just the beginning, expect to see more destruction improvements in the future!

WORLD TOUR
It’s CNS’ turn to take over the World Tour, and they’re restoring Standard Cashout. They want you to see through the walls, but not with VAIIYA’s technology. It’s time to
open your eyes
.

NEW STORE + 4th of July!
We also have a
stacked store update
, including a fun celebration for the 4th of July! With over 20 new items added, you’re sure to find something that catches your eye. Mesh hoodwear? Check. Prefer sending a message through rocket propelled fists? Check. Fan of the retro vibes and want a CL animation pack with fewer frames than shells - also check!
Stop by the Store and check it out!

TWITCH DROPS

Head over to Twitch at any time during the event to
earn the all new Broadcast Blaze set just by tuning in to anyone streaming THE FINALS.
And for the super-fans, you’ll be able to earn a sticker memorializing the ImpOscar moment, and take home
a piece of history from Oscar’s stream
!

CUSTOMIZE YOUR INTRO AND OUTRO!
Have you ever wanted to greet opponents with one emote, but use a completely different one to show off when you win? Great - because now you can! Starting today you will be able to
select separate intro and winner’s emotes
, so you can give your opponents a curated “Hello!” and “Goodbye!”

DOJO IMPROVEMENTS
The smarties (our smart dummies in the Practice Range) have been taking their Omega-3 supplements and have now improved even further! These even smarter smarties
fight with more brainpower
, and have
been balanced to give you a
fairer challenge
!
Oh, and whether you had mastered the
Big Box Battle
, or struggled to complete it, there’s something new for you: we have added an
Easy
and
Hard
version of the challenge!

Let’s get into all the changes in detail:
Balance Changes
Gadgets
H+ Infuser
Decreased the health given per shot from 20 to 15
Dev Note: The flat healing per second on stationary targets during a Cashout steal has been more impactful than we expected. This change will address that specific use case, while ensuring the H+ is still valuable.
Healing Emitter
Cooldown now begins when the Emitter is destroyed, not on deployment
Cooldown reduced from 35 seconds to 30 seconds
Emitter can now be retrieved via the control tablet, setting its remaining cooldown to 15s
Emitter can now be retrieved via a manual interaction, setting its remaining cooldown to 3s
Dev Note: The Healing Emitter was a bit too forgiving in its initial state where players could drop it carelessly and still get good value. With these changes, smart placement becomes more important: keeping it alive now takes intention, and lazy deployments are more likely to backfire. This brings it closer in line with other deployables like the Guardian Turret. The reduced cooldown helps balance out the updated logic for when cooldown starts.
Gateway
Increased the cooldown on items that travel through the gateway, before they’re able to re-enter it, from 0.5s to 1s, meaning objects thrown into the gateway should less frequently fall straight back through it
Weapons
Dev Note: We recently took a closer look at equip/unequip times and realized that some had become a little out of sync with our initial intent and relative to other items. This led to inconsistencies that didn’t help the overall feel of the weapon system. We’ve now made small adjustments based on new baselines, listed below. Most changes should feel subtle, with a few minor exceptions. These new baselines also give us more room to fine-tune specific items in the future, using speed tweaks as soft buffs. We’ll keep an eye on how these smaller updates feel and adjust further if needed.
93R
Decreased the weapon equip time from 0.2s to 0.15s
Decreased the weapon unequip time from 0.2s to 0.15s
AKM
Increased the weapon equip time from 0.23s to 0.3s
Decreased the weapon unequip time from 0.23s to 0.2s
ARN-220
Increased the weapon equip time from 0.2s to 0.3s
CB-01 Repeater
Increased the weapon equip time from 0.2s to 0.3s
Cerberus 12GA
Increased the weapon equip time from 0.2s to 0.3s
CL-40
Increased self-damage multiplier from 1.25 to 1.35, meaning CL-40 players who shoot at their own feet will take slightly more damage
Decreased inner blast radius from 60cm to 50cm, requiring players to be slightly more accurate to do maximum damage with a shot
Dev Note: We’ve seen an increase in CL-40 usage since the Healing Emitter arrived in the game and, while we think the CL-40 should be somewhat of a hard counter to teams clustered around an Emitter, it’s slightly too effective at very close ranges and without requiring accuracy. These changes address those specific use cases, without hurting the CL-40s general effectiveness.
FAMAS
Increased the weapon equip time from 0.2s to 0.3s
Decreased the weapon unequip time from 0.23s to 0.2s
FCAR
Increased the weapon equip time from 0.2s to 0.3s
Decreased the weapon unequip time from 0.23s to 0.2s
KS-23
Increased the weapon equip time from 0.2s to 0.3s
Lewis Gun
Increased the weapon equip time from 0.23s to 0.35s
Decreased the weapon unequip time from 0.3s to 0.25s
LH1
Increased the weapon equip time from 0.15s to 0.3s
Increased the weapon unequip time from 0.15s to 0.2s
M134 Minigun
Increased the weapon unequip time from 0.2s to 0.25s
Model 1887
Increased the weapon equip time from 0.15s to 0.3s
Increased the weapon unequip time from 0.15s to 0.2s
Pike-556
Increased the weapon equip time from 0.2s to 0.3s
SA1216
Increased the weapon equip time from 0.15s to 0.3s
Increased the weapon unequip time from 0.15s to 0.2s
SH1900
Increased the weapon equip time from 0.15s to 0.2s
Increased the weapon unequip time from 0.15s to 0.2s
ShAK-50
Increased the weapon equip time from 0.2s to 0.3s
Sledgehammer
Increased the height of the primary attack hit sweep from 15cm to 25cm, making this type of attack more reliable
Dev Note: We’ve been monitoring player feedback on melee hit detection and suspect some issues stem from depth perception in first-person view or from sweeps not perfectly matching their animations. This update addresses one such case, and we’re reviewing other melee sweeps for follow-up changes later this season. These adjustments are separate from the broader melee quality-of-life improvements we’re planning for the future.
XP-54
Decreased the weapon equip time from 0.23s to 0.2s
Decreased the weapon unequip time from 0.23s to 0.2s
SR-84
Increased the weapon equip time from 0.15s to 0.3s
Increased the weapon unequip time from 0.15s to 0.2s
New Weapon System
Temporarily disabled to fix major bugs
Dev Note: We’ve temporarily disabled the new weapon system for automatic weapons to fix an issue causing delayed “laggy” hit feedback. While this removes the delay, it may reintroduce some older issues like the occasional “can’t fire” bug. Once we’ve identified and resolved the feedback delay, we’ll re-enable the new system.
Content and Bug Fixes
Animation
New animation customization slot available! You can now customize your cycle action animations
Improved animations when dashing while charging with the Sword or holding Grenades
Fixed a minor visual issue during the Double Up Reload from Empty Animation for the ARN-220
Audio
Re-mastered some player voice-over content
Added Scotty and June commentary for when a team has two Cashouts in progress simultaneously
Added voice-over lines from the player’s respawn statue, audible to their Squad when requesting a revive
Characters
Heavy muscular body types have been given more defined anatomy/muscles
Controller
Fixed a bug where controller would rumble from far away explosions
Cosmetics
You can now select your Contestant’s intro and winner's emotes separately!
Closed Beta Chic shoes now display correctly on Heavy and Medium contestants
Campsite Creeper facewear no longer clips with Sal's Halo and Orbital Witness headwear
Synapse Coreframe and Termiframe chassis no longer clip with Cursed soles and Memento Pumps
Fixed an issue where the Outfit Creation Inspect screen only allowed zooming on the Contestant's face
Fixed decals being mirrored upside down on the ISEUL-T Blueprint Bloom CB-01 skin
Fixed Kanji being mirrored on the grips of the Shinjuku Slicer Revolver skin
Fix for The Freeze Frame Emote so the bullets do not appear in the wrong location when viewed from certain perspectives
Contracts
Fixed an issue that prevented the contract “Set 5 opponents on fire with the Pyro Mine or Pyro Grenade” from progressing
Gadgets
Data Reshaper
Improved its visual effect for the Healing Emitter and Breaching Drill
H+ Infuser
Fixed issue where it would look like it was out of ammo while it was not
Healing Emitter
Fixed an issue where it wouldn't connect to players who stood below it when placed on a platform or ledge
Game Modes
General
Upgraded the winners sequence for all modes!
Cashout
Fixed an issue that could cause Vaults to occasionally spawn within 10m of a Cashout station
Practice Range: Dojo Challenges
Added Easy and Hard difficulties to the Big Box Challenge
Improved bot accuracy across difficulty settings for more consistent results
Added more behavior profiles so bots act more nuanced based on weapon type
Fixed incorrect naming of the middle difficulty in Shooting Gallery from Medium to Standard
Fixed an issue where damage received from a sparring bot in a previous challenge attempt was shown in a new attempt
Resolved navigation issues on the challenge selection screen when using a controller
Fixed a minor UI issue where the back button on the challenge selection widget would distort when hovered
Gameplay
Made doors more responsive by reducing interaction delay
Fixed an issue where detected enemies would not appear if they were inside Smoke, when detected by the Tracking Dart, Sonar Granade, or Proximity Sensor
Dev Note: We believe the increased prevalence of Smoke Grenades over the last season or two has been in part down to this bug. It was always our intent that scanning devices would see through smoke and act as a hard-counter to it. This fix restores that functionality.
Maps
Bernal
Fixed a zipline that was slightly floating above the ground next to the Chapel
Suspended Structures: slightly adjusted the cover placement on the top floor of the ISEUL-T suspended structure to create better cover
General
Partially destroyed structures in the environment now have improved visuals along their damaged edges. These visuals are also more consistent and appear more accurately.
The size of these visuals also has been slightly reduced so that the visual damage on the environment is also easier for players to see.
Fix for inconsistency of lamp bulb assets not being breakable across maps
Monaco
Fixed floating rubble piles in “Duck and Cover” variation
Nozomi/Citadel
Moved the map border in a bit behind the Operations Center and Cybercafe so you can see it from behind the windows to better understand that there's a death pit behind them
Kyoto
The Pagoda in Kyoto has received a new destruction pass and now behaves more realistically when collapsing
Seoul
Fixed an issue with one of the buildings where the floor had no collision making you fall through it
Fixed a gap in the floor of the Data Center where a floor piece was offset
Fix for white lines occasionally showing up on the Construction site floor
SYS$HORIZON
Fixed a spot on a facade to prevent players from hiding in semi-transparent cubes
Skyway Stadium
Fixed a rendering issue for the elevator shaft on the rooftop hospital building
Skyway Stadium has received a destruction upgrade. The new destruction features allow players to cause better looking destruction more reliably and realistically
Private Matches
Fixed an issue where the player tile drag-and-drop action could be continued all the way into the match
Added the limited mode “Blast Off!” to private matches while the game mode is active
Rendering
Increase main menu and intro sequence reflection quality
Social
Fixed an issue where the system menu could appear when closing the text chat using the ESC key
People who have sent you a pending friend request will no longer be able to join voice chat if your privacy setting is set to Friends Only
Fixed an issue where the option to send a Rise & Shine recruitment request was possible to players that are not eligible to be a prospect
Specializations
Fixed an issue where Charge 'N Slam running speed would be slowed down if initiated while firing
Spectator
Fixed the player Team list overflowing the Private Match spectator UI when playing with three Teams
UI
You can now spawn into the Practice Range with a selected Weapon from the equipment screen
Users who are not yet connected to a game are now visible on the scoreboard. They will only be removed when they have abandoned the session
Added support for filters in the Charms/Stickers screens
Fixed an issue allowing players to ping objects through walls at slight angles
Fixed the Weapon Sights menu not showing which Contestants already had the Sights equipped
Fixed an issue where the team respawn countdown timer could show a very large number
Fixed an issue where the currently selected Weapon customization reset after returning from the Inspect menu
Fixed Career progression rewards so they no longer sometimes had a locked icon when they were unlocked
Fixed purchase prompt always appearing after exiting Inspect in the Legacy Battlepass purchase screen
Fixed Contestants not loading with correct items equipped when returning to the customization menu after opening a bundle preview
Fixed an issue which would randomly open the Contestant selection menu after unlocking the Light Build
Security
With every big update comes a renewed commitment from our Anti-Cheat team:
Cheat makers operate in a low-risk, high-reward world. They profit by selling cheats, oftentimes packing them with malware that harms their own customers, and they face very little consequences for their actions.  Meanwhile, players who use their cheats risk losing everything: their accounts, their money, their time, and their chance to participate in events and competitions.
Our strategy for combating this is simple: raise the cost, difficulty, and time required to develop and distribute cheats.
As mentioned in the 7.0 patch notes, a lot of cheats these days use a kernel-driver to read and write memory to gain an unfair advantage. This means that they run in a privileged mode in the Windows operating system, making it unlikely and in some cases impossible to detect via Anti-Cheat in the game client. The technical solution to combat this is kernel-driver Anti-Cheat. We believe that this is, and will be, a requirement for every competitive multiplayer game for the foreseeable future.
We’re also using machine learning to analyze player behavior, and we have been doing so since the launch of THE FINALS. Machine learning provides valuable insights, especially when detecting cheats such as aimbot usage.
In the coming months, we will also begin an incremental rollout of a new kernel-based anti-cheat solution, intended to significantly raise the bar for cheat makers.
Cheat makers exploit everyone: players, developers, and the community itself. We’re committed to protecting fair play and adapting to new threats.
Despite claims from cheat developers that they’re “undetectable,” every cheat leaves breadcrumbs and we’ve been following them. Closely.
/Chim and Magnum

THE FINALS © 2022-2026 Embark Studios AB. THE FINALS and EMBARK trademarks and logos are trademarks or registered trademarks of Embark Studios AB. NEXON trademark and logo are trademarks or registered trademarks of NXC Corporation. © 2026 Sony Interactive Entertainment LLC. PlayStation, the PlayStation Family Mark, PS5, the PS5 logo, PS4 and the PS4 logo are registered trademarks or trademarks of Sony Interactive Entertainment Inc. Microsoft, the Xbox Sphere mark and Xbox Series X|S are trademarks of the Microsoft group of companies. © 2026 Valve Corporation. Steam and the Steam logo are trademarks and/or registered trademarks of Valve Corporation in the U.S. and/or other countries. © 2026 Epic Games, Inc. All rights reserved. Unreal, Unreal Engine and their respective logos are trademarks or registered trademarks of Epic Games, Inc. in the U.S. Patent and Trademark Office and elsewhere. NVIDIA, the NVIDIA logo and the GeForce Now logo are trademarks and/or registered trademarks of NVIDIA Corporation in the U.S. and/or other countries."
Update 7.2.0,2025.06.26,https://www.reachthefinals.com/patchnotes/720,"This week, we’ve been chasing server performance issues, and there is still more to solve. So far, we fixed an infrastructure issue where players would sometimes get higher ping than necessary. However, we know many of you are still experiencing problems that are hindering your game play. It’s the top priority and we have a strike team working hard to get a fix in place. Thank you for your patience and for all the detailed posts and reports that have helped us with the investigation thus far.
In World Tour this week, VAIIYA welcomes you to play
Protocol: XPOSE!
Every 2 minutes, you’ll be given a special vision that helps you see through walls, trees, and anything in your way so you can detect any enemy Contestants within a 50 meter radius. Even cloaking can’t save you from XPOSE! For 30 seconds, you’ll be able to hunt them with extreme precision…but they’ll be able to see you too, so get ready to engage!

This week we have a few new things entering the customization features! You’ll find that many of the hairstyles have additional colors to choose from: 30 new options in total! All for free, so run to the Appearance tab and get stylin’!
We also have new items in the store for you to explore!  Hop in and check it out!

THE FINALS © 2022-2026 Embark Studios AB. THE FINALS and EMBARK trademarks and logos are trademarks or registered trademarks of Embark Studios AB. NEXON trademark and logo are trademarks or registered trademarks of NXC Corporation. © 2026 Sony Interactive Entertainment LLC. PlayStation, the PlayStation Family Mark, PS5, the PS5 logo, PS4 and the PS4 logo are registered trademarks or trademarks of Sony Interactive Entertainment Inc. Microsoft, the Xbox Sphere mark and Xbox Series X|S are trademarks of the Microsoft group of companies. © 2026 Valve Corporation. Steam and the Steam logo are trademarks and/or registered trademarks of Valve Corporation in the U.S. and/or other countries. © 2026 Epic Games, Inc. All rights reserved. Unreal, Unreal Engine and their respective logos are trademarks or registered trademarks of Epic Games, Inc. in the U.S. Patent and Trademark Office and elsewhere. NVIDIA, the NVIDIA logo and the GeForce Now logo are trademarks and/or registered trademarks of NVIDIA Corporation in the U.S. and/or other countries."
Update 7.1.0,2025.06.19,https://www.reachthefinals.com/patchnotes/710,"The first week of Season 7 is behind us, and we’re so grateful to everyone who has shown up to play THE DIVIDE! This season launch blew us away, and we’ve loved every moment of Season 7 so far! From creative breach plays to Chuck the Healing Emitter rolling in to save the day, this is chalking up to be a season filled with certified THE FINALS moments!
This week we're smoothing out some of the issues introduced in 7.0, adding the Season 6 trophies to the trophy cabinet in the Practice Range and bringing you a fresh updated store!

Let’s check it out below:
Content and Bug Fixes
Animation
Fixed animation issue for Ditch & Switch reload animation for the SA1216. It's now moved to be a Reload Empty animation and it's playing the correct asset
Dev note: those of you who lost this item while it was being repaired will have it back now.
Gadgets
Breaching Drill
Fixed the issue where the animation when placing the Breach Drill would not play correctly
Healing Emitter
Fixed an issue where the Healing Emitter could heal through barricades
Practice Range
Updated Trophy showcase to display the Season 6 trophies
Gameplay
Fixed an issue that could cause weapon dispersion to break when in certain stances following a death and respawn, for example after jumping and then firing while standing still
Dev Note: When this issue came up we disabled our new weapon system until we had time to fix the issue. With that done, we’re turning it back on again.  If you notice any new or different issues, please let us know, we really appreciate your help :)
Performance&Stability
Fixed an issue where a severe performance drop could occur while emoting with a linked Gateway while using some specific weapon skins or the Anti-Gravity Cube
Improved performance on PS4 by reducing memory usage
Social
Fixed an issue where text chat could not be accessed during parts of the end of round
Fixed an issue where partying up after having switched party leader could fail for parties over 3 contestants
Fixed an issue where clubchat messages did not show properly when sent
Store
Fix discount not showing on the Ray Gun skin

THE FINALS © 2022-2026 Embark Studios AB. THE FINALS and EMBARK trademarks and logos are trademarks or registered trademarks of Embark Studios AB. NEXON trademark and logo are trademarks or registered trademarks of NXC Corporation. © 2026 Sony Interactive Entertainment LLC. PlayStation, the PlayStation Family Mark, PS5, the PS5 logo, PS4 and the PS4 logo are registered trademarks or trademarks of Sony Interactive Entertainment Inc. Microsoft, the Xbox Sphere mark and Xbox Series X|S are trademarks of the Microsoft group of companies. © 2026 Valve Corporation. Steam and the Steam logo are trademarks and/or registered trademarks of Valve Corporation in the U.S. and/or other countries. © 2026 Epic Games, Inc. All rights reserved. Unreal, Unreal Engine and their respective logos are trademarks or registered trademarks of Epic Games, Inc. in the U.S. Patent and Trademark Office and elsewhere. NVIDIA, the NVIDIA logo and the GeForce Now logo are trademarks and/or registered trademarks of NVIDIA Corporation in the U.S. and/or other countries."
Hotfix 7.0.1,2025.06.13,https://www.reachthefinals.com/patchnotes/701,"Season 7 is off to a great start, but with just a few bumps along the way! Here we have a Hotfix (no update needed) to help smooth things out a bit.
We intended to have NOZOMI/CITADEL cranked up to 11 in terms of map picks, but thanks to the community we found that that was not the case. This should be fixed, and you should now be fighting across the Rift much more frequently.
We have temporarily disabled the new weapon system that went live for all automatic weapons yesterday after finding a couple issues with it. As hard as we try to test things, nothing beats thousands of players across hundreds of devices going hands on - thank you all so much for calling out the issues you found so we can act on them swiftly!
We have loaded in your Seasonal rewards, including the ENGIMO prize given to everyone based on the results of the S6 Sponsor Showdown. We also delivered a small gift to honor the players of Season 1 who bought the very first Battle Pass, thank you for being here since the very beginning!
Content and Bug Fixes
Battle Pass
For the first few hours after launching the season, those who bought the Premium Battle Pass followed by the Ultimate Battle Pass, did not get their proper refund of 1150 Multibucks. The issue has been resolved, and your missing Multibucks have now been refunded
Customization
Returned the missing items from the store. We had about ten bundles that were mysteriously yeeted from the store but now they are back!
We have removed the
Standard Show
and
Ditch and Switch
weapon bundles, as the animations on the weapons were incorrectly shown. They will be back in Update 7.1
Dev Note: If you already bought it, don’t worry, you’ll have your properly working animation very soon!
Gadgets
Goo Gun
Fixed an issue where goo blobs hitting players who were stealing a Cashout would not interrupt the steal interaction as intended
Maps
Nozomi/Citadel
Fixed an issue where Nozomi/Citadel was being selected from the map pool less often that it should be in some modes
Fixed an issue where Nozomi/Citadel was not being selected from the map pool at all in TDM mode
Performance & Stability
Fixed an issue causing game servers to occasionally crash
UI
Fixed an issue where some circuit rewards were being displayed in the customization menu that were there too early and in some cases, were incorrect
Weapons
General
Temporarily disabled the new weapon system that was being used by all automatic weapons, due to an issue where players could wrongly be placed into the ‘uncontrolled’ movement state, thus increasing weapon recoil and bullet dispersion
Dev Note: For now, these weapons are back on the old weapon system. The new system will be turned on again in a future update, once we have a fix for the issue in question. A special thank you to the community members who quickly identified the issue and reported it, this allowed us to rapidly improve the new weapon system and combat as a whole.

THE FINALS © 2022-2026 Embark Studios AB. THE FINALS and EMBARK trademarks and logos are trademarks or registered trademarks of Embark Studios AB. NEXON trademark and logo are trademarks or registered trademarks of NXC Corporation. © 2026 Sony Interactive Entertainment LLC. PlayStation, the PlayStation Family Mark, PS5, the PS5 logo, PS4 and the PS4 logo are registered trademarks or trademarks of Sony Interactive Entertainment Inc. Microsoft, the Xbox Sphere mark and Xbox Series X|S are trademarks of the Microsoft group of companies. © 2026 Valve Corporation. Steam and the Steam logo are trademarks and/or registered trademarks of Valve Corporation in the U.S. and/or other countries. © 2026 Epic Games, Inc. All rights reserved. Unreal, Unreal Engine and their respective logos are trademarks or registered trademarks of Epic Games, Inc. in the U.S. Patent and Trademark Office and elsewhere. NVIDIA, the NVIDIA logo and the GeForce Now logo are trademarks and/or registered trademarks of NVIDIA Corporation in the U.S. and/or other countries."
Welcome to Season 7,2025.06.12,https://www.reachthefinals.com/patchnotes/700,"SEASON 7 |
THE DIVIDE
The Arena is split. The lines are drawn. And now it’s your turn to choose a side. Welcome to Season 7!

CNS has hacked its way into the spotlight, and VAIIYA is stepping up to shut them down. On one side: precision, order, and machine logic. On the other: chaos, color, and glitchy determination. Their clash has fractured the Arena itself, creating a whole new map, and you’re going to need to navigate your way through the aftermath.
We’ve got a new map ready for you to destroy new Gadgets that shake up every class, the boldest cosmetics, and Battle Passes that take us from past to future and suit every Contestant’s style of grind!
Whether you’re here to flex, get strategic, knock down the walls, or just make it rain coins, THE DIVIDE awaits!
Let’s get into it.

THE RIFT

Welcome to
NOZOMI/CITADEL
, a brand new, stunning, destructible Arena split down the middle by The Rift.
VAIIYA holds one side with towering precision. CNS claims the other with unruly, iridescent chaos. Between them is a battleground that shifts from tight corridors to wide-open mayhem. From brutal architecture to reactive nature, the Arena feels as divided as the forces fighting inside it.

NEW GADGETS
Three game-changers enter the mix:

THE SPONSORS?
This time around, you’ll have to choose between one of two sponsors. With CNS back in the Arena, VAIIYA has risen up to re-secure the gameshow. It’s time to pick a side, and remember, you have to live with your choice for the whole Season.

SEASON 7 BATTLE PASSES
From cybernetic to cyberpunk, every reward reflects the Rift.

This season has more Battle Pass options than ever before, so there’s something for everyone!
PREMIUM BATTLE PASS
Old faithful, going strong.
106 rewards, including the bonus page, 1,575 Multibucks!
PREMIUM+
Give yourself a boost!
106 rewards, including the bonus page, 1,575 Multibucks! Plus 20 levels instantly unlocked so you can hit the ground running.
ULTIMATE BATTLE PASS
The best way to go all in.
Everything the Premium Battle Pass has to offer, along with 1,000 Multibucks upfront, 25% Match XP boost, 20 levels unlocked, and 10 extra elite rewards! This will get you a total of 2575 Multibucks and 116 Rewards to unlock! If you buy the Ultimate Battle Pass after buying Premium or Premium+, you’ll get an additional instant refund of 1150 Multibucks.
FREE TRACK
Something for everyone!
26 unlocks, including the Level 96 Mythic outfit, The Devourer, and 375 Multibucks, just for playing!

THE BATTLE PAST

Starting in Season 7, you can unlock
Legacy Battle Passes
to chase iconic rewards from Seasons 1-4. Boxer outfits. TV heads. Towering samurai fits. If you missed them, now’s your chance.
Legacy Passes don’t include Multibucks or Bonus Pages, but if you owned the Premium Pass back then, it’s unlocked for free. Missed a reward? Go get it. Every season, we’ll unlock the next Legacy Battle Pass!

INTRODUCING PRACTICE RANGE CHALLENGES

You’ve seen the door in the Practice Range. Now it’s open.
Step into a new set of combat trials built to sharpen your aim, test your loadouts, and push your skills against reactive dummies that hit back.
Go in for a solo challenge or take your Team with you. Hone your skills and set the difficulty you prefer.

TIME TO INVITE THE NEWBIES
The Arena can be an intense place for newcomers, so with Season 7 of THE FINALS we are doing multiple changes to make the onboarding just that much nicer.
RECRUIT & RISE
We’re making onboarding more rewarding (and cooperative) with the Recruit and Rise program!

EASIER UNLOCKS
Since the launch of THE FINALS we’ve added a bunch of Gadgets, Weapons, Sights and Specializations! For new players, catching up and unlocking all those loadout options can takea long time. This Season,  we’re decreasing the VR cost of all items released during Season 1 through 6 to 500 VRs. We are also increasing the VR’s earned during the first three rounds played from 2400 to 5000!
It’s the perfect time to get your friends back into the game! Don’t forget to add them as your Prospect!
BADGE HUNTERS REJOICE!

QUALITY OF LIFE, LEVELED UP
Season 7 brings more ways to flex, progress, and party up.
Leave your signature sticker on objectives. Let Deep Shuffle, a weapon and gadget skin randomizer, remix your style. And yep, console players can finally chat in-game.
We’ve also made changes to RS adjustment and loss around reconnection issues, have unlocked ALL maps during World Tour stops, and taken strides to make sure you hear the most important audio first!
More tools. More style. More reasons to play.
Welcome to Season 7!
Let’s break it down.

Balance Changes
Arena Carriables
Gas Canister
Removed the required instant damage to trigger, making them easier to active
Glitch Barrel
Decreased health from 75 to 50
Goo Barrel
Decreased health from 75 to 50
Decreased Goo blob health from 300 to 240
Healing Barrel
Decreased health from 50 to 15
Removed the required instant damage to trigger, making them easier to active
Powder Canister
Decreased health from 50 to 15
Removed the required instant damage to trigger, making them easier to active
Gadgets
General
Added controller aim assistance support to deployable Gadgets such as Turrets, APS, Explosive Mines etc, meaning these objects should be much less frustrating to aim at for controller users
Anti-Gravity Cube
Decreased cooldown from 35s to 28s
Dev Note:  This small adjustment should make the Cube more appealing given its lower usage despite strong impact.
APS Turret
Decreased the health consumed per projectile to 20%, meaning a full health APS can now block 5 projectiles instead of 4
Dev Note: APS Turret usage has gradually dropped over time, as players have found more reliable ways to counter it. This adjustment aims to give the APS a little more power and hopefully make it slightly more useful to players.
Flashbang
Increased view angle falloff, reducing effects when looking away
Decreased the radial check from 3m to 1m, meaning players will be much less likely to be flashed when looking away from a Flashbang
Dev Note: These changes hopefully make the Flashbang less punishing for players who actively countered it by looking away from it. It should also reduce some of the Flashbang spam that can occur in TDM mode.
Goo Grenade
Decreased the size of the goo wall from 2x6 to 2x5
Decreased goo blob health from 300 to 240
Dev Note: For a while now Goo Grenades have been creeping up in usage in the majority of modes and skill tiers, with usage now on par with other Gadgets and disproportionately higher than some. This higher rate of ‘goo spam’ has also been frustrating for a lot of players due to how easy it can sometimes make Cashout steals.
In the ‘attack and defend’ dynamics of Cashout and Quick Cash modes, it’s important to us that defenders can slow the progress of attacking teams, so we don’t want to reduce the power of goo too much, but we believe these changes will tone down its power slightly, allowing well-prepared players to better counter goo.
Gravity Vortex
Decreased cooldown from 24s to 20s
Game Modes
Cashout (Ranked Tournaments)
Decreased the size of various spawn negation zones, making slightly more respawn locations eligible for use when respawning players
Increased the reconnect window for disconnected players who are in parties of three, from 210 seconds to match end. This means players have until the end of a match to reconnect without taking a matchmaking sanction or a Ranked Score penalty if their party matches the team size
Dev Note: The current 210 second reconnect window exists to reduce how often players have a bad experience due to a random teammate disconnecting. In the case where the teammate isn’t a random player but an invited party member, and your party makes up the whole team, it makes less sense to have such a restrictive window to prevent griefing. We hope this change makes the reconnect window a little more forgiving for parties.
Updated the Ranked Score penalty system. The player who first abandons a match will take a fixed Ranked Score penalty, any players who subsequently leave will not receive a Ranked Score penalty, only a Ranked Score update based on their final match placement
Dev Note: The goal of this change is to try and reduce some of the negative impact of teammates disconnecting and not returning.
Introduced Ranked Score penalty reduction system. Any Ranked Score reductions applied for a player getting eliminated from a tournament will be reduced by ~30% if their team had a player abandon the match. This rule is not applied if the missing player was in your party, to avoid exploits.
Dev Note: This is another change aimed at reducing the negative consequences of teammates disconnecting in ranked matches. To avoid exploits and loss evasion, this rule only applies to players who were matchmade together, not players in parties where a party member abandoned the game.
Cashout (World Tour)
Decreased the size of various spawn negation zones, making slightly more respawn locations eligible for use when respawning players
Increased the reconnect window for disconnected players who are in parties of three, from 210 seconds to match end. This means players have until the end of a match to reconnect without taking a matchmaking sanction if their party matches the team size
Increased the size of the World Tour map pool to include all maps for the whole season, rather than our previous weekly rotations
Dev Note: Over time, we’ve come to believe that limiting the size of the World Tour map pool and rotating it weekly isn’t giving World Tour players the best possible experience or variety, so we’ve decided to enable the whole map pool at all times, just like in Ranked Tournaments.
Terminal Attack
Increased the reconnect window for disconnected players who are in parties of five, from 210 seconds to match end. This means players have until the end of a match to reconnect without taking a matchmaking sanction if their party matches the team size
Progression Points
Quick Play Points
Increased the Points earned for finishing first in Quick Cash from 8 to 10
Increased the Points earned for finishing second in Quick Cash from 5 to 6
Increased the Points earned for finishing third in Quick Cash from 4 to 5
Increased the Points earned for winning matches in Power Shift, Terminal Attack or TDM modes from 8 to 10
Increased the Points earned for losing matches in Power Shift, Terminal Attack or TDM modes from 4 to 5
Dev Note: We’ve heard your feedback on how the grind for both Quick Play Rank and World Tour Rank feels a little too long. These changes should make the journey to Gold 1 quite a bit shorter, while still making it an achievement to reach that rank.
VRs
Decreased the VR cost of all items released during Seasons 1 through Season 6 to 500 VRs
Set the VR cost for items released in Season 7 to 2,200
Increased the amount of VRs new players receive after completing three rounds from 2,400 to 5,000
Dev Note: For some time now, players bringing their friends into THE FINALS have been telling us they struggle to get into the game because the range of items they can use or unlock early on is quite limited. These changes in VR costs and the amount of VRs unlocked by new players should speed up that process a lot and hopefully make it easier for new players to get into the game.
Win Points
Increased the number of Win Points earned for losing in the first round of World Tour matches from 0 to 2
Dev Note: As mentioned above, we’ve heard your feedback on how difficult you feel it is to reach the Emerald tiers in World Tour, and that you don’t feel rewarded for your time when you lose a first round match. This addition, although it looks small, guarantees two Win Points for every match played, speeding up the journey to Emerald by around 25% for the average player.
Specializations
Goo Gun
Decreased goo blob health from 300 to 240
Weapons
General
Rebalanced the environmental damage values across multiple weapons to make them slightly more consistent when damaging and destroying props. This does not boost their damage values against buildings
93R
Increased magazine size from 21 to 24
Cerberus
Decreased damage per pellet from 10 to 9, reducing a full shot’s damage from 110 to 99
Dev Note: We’ve received a lot of negative feedback about the Cerberus more recently and its potential for very high burst damage at close range. We really want the Medium to have solid close range weapon options, but our data backs up the over-effectiveness of the Cerberus at close range, so this nudge to its damage will hopefully bring it more in line with other Medium weapons usage and effectiveness.
KS-23
Increased environmental damage from 700 to 1000, meaning it takes one less shot to fracture wall segments
Dev Note: This change is part of our recent steps to increase the viability of the KS-23 while retaining its unique character as a weapon.
LH1
Increased damage from 40 to 42
Dev Note: After our last round of changes to the LH1 the usage and effectiveness rates of the weapon dropped off a cliff, making it close to the worst Light weapon in the game. We believe this buff should address this issue and move the weapon back into a more viable tier for the Light, without going back to its previous overwhelming state.
M134 Minigun
Increased environmental damage from 25 to 30, meaning the Minigun can now more reliably remove three wall segments per full magazine
Sledgehammer
Decreased the damage of primary attacks from 115 to 100
Decreased the damage of secondary attacks from 200 to 154
Dev Note: The Sledghammer has gradually become one of the most effective weapons in the game across World Tour, Quick Cash, Ranked and Power Shift, both in win rates but also efficacy metrics such as eliminations and damage done per round, to the point that it’s essentially now a top three overall weapon. This has occurred at almost all skill tiers as well. This growth in effectiveness has also come with increased rates of negative sentiment from players on the receiving end of the Sledghammer, who feel they can never compete against it at close range. It has also led to the Sledgehammer having win rates far above the target level for a balanced item.
We want to address this status and feedback, but we’re also keen to ensure melee is viable in THE FINALS, so we’re cautious about changing the weapon too drastically. While the size of these damage changes initially looks quite large, they are very targeted. For the most part, they don’t change the number of ‘hits to kill’ in most cases, with only one or two match-ups being affected. They do, however, reduce the number of possible attack combinations that can be combined with quick melee attacks to get kills in fewer hits, for example a primary attack plus a quick melee versus a Light.
Following these changes, Quick Melee as a combo with the Sledgehammer should now be a sub-optimal approach, compared to simply using the Sledge’s primary and secondary attacks. As always, we’ll monitor the impact of these changes once live and adjust if necessary.
Content and Bug Fixes
Animation
Fixed an issue where characters sometimes looked broken when picking up items while inspecting their weapon
Fixed animations not looking great in third person when exiting ladders
Fixed an animation issue where you could sometimes see into"" your lower body” when vaulting over objects
Fixed an issue with camera shake and animation being over the top when firing the Tracking Dart
Fixed an issue with Throwing Knives that could get stuck in the charged animation after swapping items
Audio
Improved randomization of music playlists to prefer songs from the latest season
Dev note: This is to ensure players who use a custom music playlist also get a fresh intro to the Season 7 Soundtrack. This can be changed by editing your playerlist preferences.
Reprioritized all sounds in the game
Dev note: This is one of the biggest things we’ve done to combat culling sounds, such as footsteps, which could occur when too many sounds happen at once. We’ve gone through all of the sounds in the game and reprioritized them. This should ensure that when too many sounds are playing, the lower priority sounds are culled first.
Ensured that all gestures are only audible for players at an appropriate distance
Fixed the audience countdown to react properly to going into overtime
Dialogue lines added for late-game steals, and stealing Cashouts back
Improved tracking of used voice-over lines to increase variation between game sessions
First elimination of the round announcement now has a chance of June mentioning the team name
Ensured that June's Practice Range introduction only plays once per user
Changed the pitch of the Dummy voice effect depending on the player's (or bot's) archetype. Also enables this voice effect for players wearing the Dashboard Smirk Face
Increased the volume of the commentators' end-of-round voice over lines
Scotty will sometimes answer June with a team-specific mention after first team wipe announcement
Added the correct drop sounds for discarded props when previewing Emote animations
Controller
Aim Assist - Added camera magnetism and aim snapping for Deployables
Contracts
You are no longer able to advance melee multi kill achievements by eliminating party members
You are no longer able to advance burning achievements by eliminating party members
Destroying Sonar Grenades now counts toward destroying enemy placeables
Players can now successfully earn the “Pressure Prize"" achievement for hitting a target with a Gas Canister
Fixed Club Contracts and levels that were broken in a previous update
Cosmetics & Customization
Fixed an issue causing 'Stream Circuit' skins to lose their glow when viewed from a distance
The Fuelborn JAcket will no longer clip with clavicle items, pets and upper body items anymore
Improved the Live Rounds crossbody item so the bullets and the belt move together
Fixed Buccaneer Bandolier clipping into shoulder when equipped with a Emblem
Fixed an issue that sometimes caused in-game gameplay effects to be applied on Player Cards
Fixed an issue that sometimes caused black outlines around characters on Player Cards
Tweaked texture streaming for capturing Player Cards. Blurry textures shouldn't happen often now
Fixed an issue that sometimes caused Player Cards to appear empty in Private Matches with Spectators
Added Deep Shuffle, an option to randomize equipment to select randomly from the collection of owned skins
Added Signature Sticker to the customization options - Contestants can now automatically attach a Sticker to a Cashbox and Cashout Station when a Vault is opened or when a Cashout is started
Fixed a flicker that could occur when switching between customizations in the Appearance screen
The Punktuator jacket, Golden Coil Jacket, and ISEUL-T Lifestyle Coat wont clip with Crossbody items anymore
Fixed Gateway particle effects disappearing in the Loadout screen Animations tab
Upgrade the rarity of the Handheld Heropack, Spudnik CL40 skin, Loop-De-Doom Lewis Gun skin, and Ray Gun 51 V9S skin to better reflect their Mythic status
Fixed Visual glitches with the golden details on the Emerald Prime Lewis Gun skin
Unique skin particle effects now remain after being revived with a Defibrillator
Fixed issue where characters equipped with the Multi-Mood Mask, Lustroflux Mask, Affection Display, and Critical Hit Mask would clip into the camera during respawn
Dynamism
Destruction
Dealing damage to the environmental objects like walls/floors/ceilings/pillars etc. will now show damage in the form of cracks appearing. The intensity of the cracks is based on the remaining health of the environmental object.
Gadgets
Flashbang
Fixed an issue where Flashbangs would not show hitmarkers on successful hits
Glitch Mine
Fixed a bug which would cause the Glitch Mine to have extended range
Game Modes
Fix an edge case where the incorrect Team would advance in the event of a draw
Reimplemented the numerical and linear teamwipe respawn counter in the top left UI
Fixed issue where Quick Melee and Specialization would sometimes not work in the Practice Range
Fixing issue where we could have multiple Vaults spawn with only one Cashout Station in the map
Gameplay
Fixed an issue where backfilling players would use faulty spawnpoints on first spawn
Adjusted the size of the hit indicator slightly during repeated hits
Fix interactions failing prematurely when the player's head was very close to the ceiling, this could interrupt stealing Cashouts for example
Fixed an issue where changing accessibility options would not instantly reflect correct color on target dummies
Fixed an issue where firing a Weapon directly after vaulting would sometimes not produce correct hits on other players
Fixed an issue where setting “Aiming Inner Deadzone"" to 0 would enable Aim Assist while not moving or aiming
Fixed an issue where contestants could fly by placing a Turret on a Carriable and standing on it
Maps
General
Adjusted the health of various cover and traversal assets to make them more consistent and appropriate for their size/material
Added scaling for long player names on billboards
Fix for walls on moving platforms showing the wrong mesh when viewed from a distance
Monaco
Fixed issue where unbreakable wall segments could be missing
Monaco - Cashout tutorial
Fixed ground collision where players were able to get stuck
Practice Range
Updated the character showcase to show new seasonal content
Performance & Stability
Fixed our most common client crashes
Optimized the animation runtime, should lead to better performance, especially on lower end platforms
Private Matches
Added the ability to promote another player to become a private lobby admin
Added support to change Game Mode in private lobbies without needing to remake the lobby
Rendering
Fixed an issue with ambient lighting on hair
Fixed an issue that caused some saved windowed resolutions to not  on startup if DPI scaling was enabled in Windows
Fixed an issue causing lack of sky light-reflection in interiors and shaded areas
Fixed an issue where Mines and C4s were not visible from afar on low Quality Settings
Settings
Players are now able to change their Player numbers through the Settings menu
Updated the credits screen with a new look
Moved the respawn key binding to the gameplay category
Social
Fixed an issue related to sending invites to friends through third party platforms
Text chat now defaults to the team channel when you enter the game
Party Chat option in-game is removed if you are not playing in a party
Fixed an issue where quick key presses in chat windows could unintentionally toggle voice chat on/off
Fixed incorrect time stamps on club feed
Spectator
Add a bespoke spectator HUD featuring health bars for all teams and a more compact inventory widget
Team overview can now be customized and toggled on and off while spectating
Fixed the spectator being unable to move when reconnecting during a pause
Gamepad bindings - Changed input for recent point of interest from [Right Face button] to [D-pad Up] to avoid overlapping inputs
Fixed issue where the settings menu couldn't be closed while the match was paused
Fixed some of the spectator keybinds not working with gamepad
UI
Fix that the tournament outro screen would not show waiting for more players when going to the next match
Will no longer show elimination text for friendly eliminations (they are still shown in the kill feed)
Fixed an issue where some UI elements were missing right before a match started
Remaining ammo now blinks when low, instead of changing to a solid red color
Updated scoreboard animations to be more visible
Fixed two issues where the end of round scoreboard in the top left corner would display incorrect order and or score
Dummy health and name should now always show up in the Practice Range
Fixed the in-game HUD showing for a brief second before gameplay starts
Fixed sorting for Standard Issue weapon skins and Animations
Fixed an issue where in-game UI elements would sometimes be drawn on top of each other when they shouldn't
Fixed issues where the the Practice Range would announce every Dummy that respawned and players not within your area
Fixed issue where the league rank up screen could be closed with Escape resulting in an empty screen
Fixed issues where the players of different Practice ranges would show up as a message joining the practice range
Fixed an issue where players received a “cloaked a teammate"" score when using cloak on themselves
Fixed the ongoing Cashout amount sometimes overlapping in the top left scoreboard.
Fixed the boot screen to not be on top when launching the game
Weapons
General
Moved most of the game's automatic weapons over to a new underlying weapon system
Dev Note: This new system should mean issues like the “I can't shoot” or “I can't ADS” bugs should be a thing of the past. As Season 7 progresses, we'll also be moving shotguns, lever action, pump action and bolt action items over to this system as well.
As a new system, we're expecting there might be some discrepancies that will need addressing. If you do find any issues, please report them to help us perfect this system ASAP.
You can no longer backstab inanimate objects, only Contestants
Weapon Sights
CB-01 Repeater
Fixed an issue where the default iron sight had more magnification than intended
CB-01 Repeater can now equip the Reflector Sight
Compact Reflector Sight
Rebalance to ensure this sight has the same magnification on all guns, Low. This change affects the XP-54, CB-01 Repeater and R .357 which had higher zoom values
Reflector Sight
Decreased magnification from High to Medium
Adder Reflex Sight
Rebalance to ensure this sight has the same magnification on all guns, Low
Holographic Sight
Rebalance to ensure this sight has the same magnification on all guns, Low This change affects the XP-54 and CB-01 Repeater who had higher zoom values
A message from our Anti-Cheat Team:
Dear Players,
Please join me on a small journey where we talk about cheaters in THE FINALS. As any competitive multiplayer game, cheaters exist in our game as well. The community has asked for more transparency in our communication and we are going to try to give you more information going forward, starting now in Season 7. At the same time it’s a tricky subject where saying too much, too little or nothing at all, will affect perception in ways not always predictable and sensible.
Fair play and the integrity of our players have always been a top priority at Embark. With THE FINALS heading towards its first major at Dreamhack 2025 with a $100,000 prize pool, the stakes are even higher. The cheat landscape is ever evolving, from simple scripts and applications to more advanced kernel-drivers, physical hardware and AI. This requires innovative solutions from Anti-Cheat and the team is working hard to build a safe environment where you can trust that you and your opponents play on equal and fair terms. More on this in future posts.
You might be wondering how you can help. Please continue to use the in-game reporting feature with as many details as possible. In addition to this please continue sending feedback. We are not always able to reply, but we always listen.
/Chim

THE FINALS © 2022-2026 Embark Studios AB. THE FINALS and EMBARK trademarks and logos are trademarks or registered trademarks of Embark Studios AB. NEXON trademark and logo are trademarks or registered trademarks of NXC Corporation. © 2026 Sony Interactive Entertainment LLC. PlayStation, the PlayStation Family Mark, PS5, the PS5 logo, PS4 and the PS4 logo are registered trademarks or trademarks of Sony Interactive Entertainment Inc. Microsoft, the Xbox Sphere mark and Xbox Series X|S are trademarks of the Microsoft group of companies. © 2026 Valve Corporation. Steam and the Steam logo are trademarks and/or registered trademarks of Valve Corporation in the U.S. and/or other countries. © 2026 Epic Games, Inc. All rights reserved. Unreal, Unreal Engine and their respective logos are trademarks or registered trademarks of Epic Games, Inc. in the U.S. Patent and Trademark Office and elsewhere. NVIDIA, the NVIDIA logo and the GeForce Now logo are trademarks and/or registered trademarks of NVIDIA Corporation in the U.S. and/or other countries."
SEASON 7 | THE DIVIDE,2025.06.05,https://www.reachthefinals.com/patchnotes/s7teaser,"The Season 7 Trailer Debuts tomorrow when the season drops!
Join the premiere:

DAY 1 |
SEASON 7 IN SIGHT
Season 7 is almost here and it’s time to start the countdown!
CNS, the rogue hacker collective, just hijacked the spotlight. VAIIYA, the elite cybersecurity giant, isn't letting that slide. The two are about to collide, and you’re caught in the middle.
This is where the reveals begin. Over the next seven days, we’ll be bringing you into the kitchen to see what we’ve been cooking with daily updates right here in this blog! There’s a new Map, new styles (and new ways to earn them!), new Gadgets to shift the fight in your favor, and a few top-secret surprises we’re not ready to name just yet.
Don’t blink.
PREPARE FOR THE DIVIDE
VAIIYA and CNS are tearing the Arena in two, literally.
Follow our channels for daily reveals, and jump into our
Discord
to be part of the drop as it happens.
And if you’re still grinding out Season 6, now’s your moment. Climb the ranks, grab those final rewards, and leave your mark before the lights change.
It all goes down on June 12th.

CAN’T WAIT FOR JUNE 12th?
If you want to go hands-on with Season 7 ahead of time,
sign up for the Preview Event
OR tune in live on
Twitch.tv
on June 11th to catch a two hour preview of Season 7 featuring your favorite THE FINALS content creators!
VAIIYA or CNS,
where will you stand?

DAY 2 |
LEAVE YOUR MARK
Season 7 doesn’t just reshape the Arena. It gives you the tools to carve your name into it.
Personal player numbers. Stickers that tag objectives. A loadout that redecorates itself every match.

LET CHAOS DRESS YOU
Indecisive? Good. Equip “Deep Shuffle” on your Weapons and Gadgets. Each round, the game picks a random skin from your collection.
One loadout. Infinite drip.
You bring the fight. Let the look surprise you.
FUTURE GAMES SHOW
Catch us at the Future Games Show on June 7th, which starts at 8pm UTC! Watching live on
Twitch.tv/futuregamesshow
will give you a chance to earn a Twitch Drop made special for the show! Just watch for 15 consecutive minutes and make sure you’ve
set up your Twitch
to earn drops!

Mark your calendar and we’ll see you there!

Day 3 |
HEAR THE DIVIDE

Keep your ears open. The full soundtrack launches with Season 7, to not miss a beat make sure to
pre-save the full album on Spotify right now
!
And trust us, you’ll feel it every time you load in, and every time the beat drops.
Start vibing now:

TUNE INTO THE FUTURE GAMES SHOW
Make sure to tune in tonight to the Future Games Show to see our brand new “Come and Play THE FINALS” trailer. Those of you with a keen eye might even spot some un-announced things from Season 7 in it (we’re looking forward to the 30 minute frame-by-frame breakdown videos).

Day 4 |
GADGETS GALORE
In case you missed it: we revealed our brand new
Come and Play Trailer
last night at the Future Games Show. It features a mix of old and new, and while it is not the Season 7 trailer, you’ll still catch some sneak peeks of what’s to come!
Watch it
again
:

If you didn’t blink, you might have caught on to the three new gadgets we snuck into the video. But don’t worry about speculating, we’ll give you all juicy details below.
Meet the New Gadgets
No matter which side of The Divide you’ll stand on, these new Gadgets are sure to change the way you play.

WANT TO SEE THEM IN ACTION?
Tune in on
June 11th
for our
Preview Event
extravaganza where you can get a Season 7 rundown from Creative Director, Gustav, or watch as streamers step into the Arena for
two hours
of showcasing!
Are you a Content Creator that would like to attend the event?
Sign up for the Preview Event
for a chance to get an invite! Invites will be sent out very close to the event date.
See you there!

DAY 5 |
TWO SIDES IN THE ARENA
Welcome to
NOZOMI/CITADEL
, a stunning, fully destructible Arena split by power, purpose, and control.
VAIIYA holds one side with towering precision. CNS claims the other with unruly, iridescent chaos. Between them is a battleground that shifts from tight corridors to wide-open mayhem. From brutal architecture to reactive nature, the Arena feels as divided as the forces fighting inside it.
Here is fly-through of the map from our Lead Environment Artist, Joakim Stigsson, as he explains the inspiration behind NOZOMI/CITADEL:

WHO’S ON EACH SIDE OF THE RIFT?
VAIIYA
Defending your digital frontier.

VAIIYA is the Arena’s first and last line of digital defense. A cybersecurity titan led by CEO Sal Scoria, VAIIYA has decades of experience securing the virtual world with elite firewalls, neural implants, and a zero-tolerance-policy to compromises.
Human ingenuity meets cold and calculating machine logic. VAIIYA keeps threats in check. You couldn’t ask for a safer pair of digital hands, and, according to VAIIYA, you won’t.
Fight smart and stay protected in Season 7, VAIIYA has your back.
CNS
Seek the truth beyond the walls.

CNS is a rogue collective fighting to implement their own vision for the gameshow, and threatening to expose MultiCo and every truth the Arena tries to bury. They’ve hijacked broadcasts, corrupted systems, and left their mark on everything they touch.
CNS weren’t invited. They broke in.
This season, they’re rewriting the show from the inside, and they want you to join the fight.
Which side of the Rift will you fight for in Season 7?

Day 6 |
DRESS FOR BATTLE

SEASON 7 BATTLE PASS

This Season’s Battle Pass theme draws its style from the collision of VAIIYA’s brutalist precision and CNS’s glitch-glow rebellion. This season’s rewards channel the Rift at the heart of the NOZOMI/CITADEL map. From cybernetic to cyberpunk, every piece you wear tells the Arena where you stand.
96 rewards (106 with the bonus page!) and 1575 Multibucks await you in the Season 7 Premium Battle Pass, more than enough to grab the next pass, plus a few extra shiny trinkets for your collection.
Upgrade to Premium+ to get an additional 20 levels unlocked right off the bat!
Want to keep things free? You’ll still be able to claim 26 cool rewards, including The Devourer (a Mythic character),  and 375 Multibucks in exchange for your XP!
ULTIMATE BATTLE PASS

Looking to go all in? The Ultimate Battle Pass includes 10 extra elite rewards, 1,000 Multibucks to spend instantly, and a 20-level head start no matter where you're at. Got fewer than 20 levels left? Your unused boost carries over to Season 8… but don’t wait that long because you’ll also get a 25% Match XP bonus to help you unlock the rest of the Battle Pass in no time.
You’ll also get full access to the Premium Battle Pass. For $29.99, that means 116 total rewards, 2,575 Multibucks, and a 25% Match XP bonus to help you experience the best of Season 7, support the game, and make your presence impossible to ignore.
TO THE BATTLE PAST
Starting in Season 7, Contestants can unlock Legacy Battle Passes to chase some of the most iconic rewards from past seasons. Boxer outfits. TV heads. Towering samurai fits. If you missed them the first time, now’s your shot.
Legacy Passes don’t include Multibucks or Bonus Pages, but if you previously owned a Premium Battle Pass, you’ll already own the Legacy Pass, too! So if you missed an unlock, now it's your time to nab it! Seasons 1-4 go live with Season 7, with a new Legacy BP unlocking each Season.

INTRODUCING PRACTICE RANGE CHALLENGES
You’ve seen the door in the Practice Range. Now it’s open.
Step into a new set of combat trials built to sharpen your aim, test your loadouts, and push your skills against reactive dummies that hit back.
Go in for a solo challenge or take your Team with you. Hone your skills and set the difficulty you prefer. Just don’t set it too high, or you might find out the real dummy all along was
you
.
Get in there and make it rain practice coins!

Day 7 |
THE HOME STRETCH
It’s the last day of reveals, ending with the biggest one of them all: the Preview Event! Read all about it and get the link below.
AN UPDATE FROM OSCAR
Oscar is back with a Community Update for a slightly deeper dive on some of the new features coming to Season 7.
Watch now:

WELCOME NEWCOMERS
The Arena can be an intense place for newcomers, so with Season 7 of THE FINALS we are doing multiple changes to make the onboarding just that much nicer.

EASIER UNLOCKS
Since the launch of THE FINALS we’ve added a bunch of Gadgets, Weapons, Sights and Specializations, so for new players, catching up and unlocking all the cool loadout options can take quite a while. With season 7 of THE FINALS we’re decreasing the VR cost of all items released during Season 1 through 6 to 500 VRs. We are also increasing the VR’s earned during the first three rounds played from 2400 to 5000!
It’s the perfect time to get your friends back into the game - and don’t forget to add them as your Prospect!

LIVE STREAM
We’ve told you all about Season 7 throughout the course of this blog series and now it’s time to see everything new in action!
Join us for our seasonal Preview Event and get a full season walkthrough from Creative Director Gustav, a greeting from Rob, and then a few hours of playtime by Oscar or one of the many content creators taking part in the event !
In case you missed it, Oscar streamed the first look at Season 7 in action tonight with a great intro from Rob and Gustav:

Tomorrow we welcome you to The Divide, which side will you fight for, Contestant?
SEE YOU IN SEASON 7!

THE FINALS © 2022-2026 Embark Studios AB. THE FINALS and EMBARK trademarks and logos are trademarks or registered trademarks of Embark Studios AB. NEXON trademark and logo are trademarks or registered trademarks of NXC Corporation. © 2026 Sony Interactive Entertainment LLC. PlayStation, the PlayStation Family Mark, PS5, the PS5 logo, PS4 and the PS4 logo are registered trademarks or trademarks of Sony Interactive Entertainment Inc. Microsoft, the Xbox Sphere mark and Xbox Series X|S are trademarks of the Microsoft group of companies. © 2026 Valve Corporation. Steam and the Steam logo are trademarks and/or registered trademarks of Valve Corporation in the U.S. and/or other countries. © 2026 Epic Games, Inc. All rights reserved. Unreal, Unreal Engine and their respective logos are trademarks or registered trademarks of Epic Games, Inc. in the U.S. Patent and Trademark Office and elsewhere. NVIDIA, the NVIDIA logo and the GeForce Now logo are trademarks and/or registered trademarks of NVIDIA Corporation in the U.S. and/or other countries."
Store Update 6.11.0,2025.06.05,https://www.reachthefinals.com/patchnotes/6110,"WRAPPING UP SEASON 6
As Season 6 nears its end, we’re keeping things simple this week with a milky fresh store rotation and some final reminders and announcements before the big shift into what’s next.
HEAVY HITTERS
enters its third and final week. Complete your Tiger Juice contracts and climb the leaderboard while you still can. The
top 10 players
will be immortalized on the official
Heavy Hitters Trophy
, so now’s the time to swing hard and bonk harder.
We’re also down to the wire in the
Sponsor Showdown
, with
ENGIMO
holding a strong lead. But the Arena is unpredictable, and there’s still time for
OSPUZE
or
ALFA ACTA
to mount a comeback and win the showdown.
HANG OUT WITH OSCAR!
Don’t miss our community stream at 5PM today
.Tune in early if you want to see the very first reveal of
Season 7
. You’re not going to want to miss this.
Earlier this week, some players experienced missing cosmetics due to a temporary issue. That’s now been resolved, and all items have been restored to your inventory.
NEW STORE
This week’s store rotation features the farm-ready
Moolah Militia Set
(complete with bucket helmet and M60), the
Herd Mentality Set
with field-inspired skins for six weapons, and a slick new
VI Rifle Moves
animation for the ARN-220.
That’s all for now - wrap up your contracts, make that final rank push - and we’ll see you tonight on the stream!

THE FINALS © 2022-2026 Embark Studios AB. THE FINALS and EMBARK trademarks and logos are trademarks or registered trademarks of Embark Studios AB. NEXON trademark and logo are trademarks or registered trademarks of NXC Corporation. © 2026 Sony Interactive Entertainment LLC. PlayStation, the PlayStation Family Mark, PS5, the PS5 logo, PS4 and the PS4 logo are registered trademarks or trademarks of Sony Interactive Entertainment Inc. Microsoft, the Xbox Sphere mark and Xbox Series X|S are trademarks of the Microsoft group of companies. © 2026 Valve Corporation. Steam and the Steam logo are trademarks and/or registered trademarks of Valve Corporation in the U.S. and/or other countries. © 2026 Epic Games, Inc. All rights reserved. Unreal, Unreal Engine and their respective logos are trademarks or registered trademarks of Epic Games, Inc. in the U.S. Patent and Trademark Office and elsewhere. NVIDIA, the NVIDIA logo and the GeForce Now logo are trademarks and/or registered trademarks of NVIDIA Corporation in the U.S. and/or other countries."
Store Update 6.10.0,2025.05.29,https://www.reachthefinals.com/patchnotes/6100,"THE SHOWDOWN CONTINUES
As Season 7 approaches, Sponsor Showdown rages on for the second week! Rounds in
any gamemode
will contribute, so make sure to get those games in, and show support for your Sponsor!
JUST KEEP SWINGING, JUST KEEP SWINGING
The second week of HEAVY HITTERS contracts are out!
Work hard, play hard, hit hard! Snatch those event rewards, and show your opponent just how much bonk you still have within you! Make your way into the top ten before the Season’s end and you’ll be immortalized in the trophy case!
A FRUITFUL STORE UPDATE
The store has been updated with some
freshly tropical additions!
Quench your summer thirst, courtesy of TRENTILA! It’s quite a-peel-ing, check it out:

THE FINALS © 2022-2026 Embark Studios AB. THE FINALS and EMBARK trademarks and logos are trademarks or registered trademarks of Embark Studios AB. NEXON trademark and logo are trademarks or registered trademarks of NXC Corporation. © 2026 Sony Interactive Entertainment LLC. PlayStation, the PlayStation Family Mark, PS5, the PS5 logo, PS4 and the PS4 logo are registered trademarks or trademarks of Sony Interactive Entertainment Inc. Microsoft, the Xbox Sphere mark and Xbox Series X|S are trademarks of the Microsoft group of companies. © 2026 Valve Corporation. Steam and the Steam logo are trademarks and/or registered trademarks of Valve Corporation in the U.S. and/or other countries. © 2026 Epic Games, Inc. All rights reserved. Unreal, Unreal Engine and their respective logos are trademarks or registered trademarks of Epic Games, Inc. in the U.S. Patent and Trademark Office and elsewhere. NVIDIA, the NVIDIA logo and the GeForce Now logo are trademarks and/or registered trademarks of NVIDIA Corporation in the U.S. and/or other countries."
Update 6.9.0,2025.05.22,https://www.reachthefinals.com/patchnotes/690,"HEAVY HITTERS IS HERE!
NEW MODE | NEW MAP | NEW REWARDS

Get ready to bring the pain in HEAVY HITTERS, a high-impact Limited Time Event where everyone plays with a loadout
built for bonking and bouncing
! Grab your Sledgehammer and start swinging in this 5v5 Platform Fighter mode. The only way to win is to knock your opponents clear off the edge of the all-new
Pop Drop Arena
!

Expect intense action, aerial chaos, and heart-pounding showdowns, all fueled by the explosive energy of OSPUZE and their fierce new flavor: Tiger Juice. Complete contracts to unlock
fun rewards
and earn your stripes!

This mode is raw power and pure momentum, so savor the flavor while it lasts! It’s time to go wild.*
Drink up! Get your bonk on!
*Do not consume more than the recommended maximum dose.

BOOSTERS ACTIVATED!
We’re getting close to the finish line!
XP DASH
is live and running now through the end of the Season. It's your chance to accelerate your progress with bonus XP and Fans!
Whether you're catching up or charging ahead, this is the boost you’ve been waiting for. Stack those rewards and finish strong!
On your mark, get set, DASH!

FIGHT FOR THE RIGHT TO REBRAND!

The season is approaching its final stretch, and that can only mean one thing for the World Tour:  Sponsor Showdown!
OSPUZE
,
ENGIMO
, and
ALFA ACTA
have battled for your loyalty all season. Now it's your chance to show where you stand and fight for your sponsor's rise to the top.
Every match you play in any Mode contributes to your sponsor’s daily standings. As one pulls ahead, their influence spreads across the Arena. From billboards to walls to full visual takeovers, each map becomes a live battleground for brand control!
At the end of each day, the top-performing sponsor claims dominance over chosen maps. By season’s end, only one name will tower above the rest!

The Arena is waiting. The CEOs are watching.
Who are you fighting for?

NEW TWITCH DROPS
We’ve got a whole new set of drops to set your loadout ablaze! Watch any stream of THE FINALS on Twitch and unlock the all-new
Broadcast Blaze
weapon skins.
Whether you're here for the plays or the style, don’t miss the chance to claim them all!
Watch your favorite Contestant and cheer them on from the bleachers!

ARENA NEWS
The tides have shifted:
The water in Kyoto won’t be slowing you down anymore! Move freely through the water like the aquatic creatures you’ve always wanted to be!
P.E.A.C.E. was always an option:

Into the woods without delay, but careful not to lose the way. The P.E.A.C.E. Center has been officially added to Team Deathmatch! Time to jump back in and answer the age-old question: If a Contestant falls in a forest and no one is around, do they make a sound?
(Yes they do. It sounds like coins.)

THE END OF ENDLESS EFFECTS
We’ve finally tracked down and eradicated the root cause to one of the most persistent and annoying bugs in the game: a complicated but infuriatingly common series of events (only sometimes) could cause the cue states of effects to persist forever. It took nearly six whole seasons to pinpoint the catalyst but we’ve finally cracked the case!  This issue caused all sorts of visual irritants to be “stuck” to players, like burning, Invincibility (just the visual state), Detection (AKA opponents constantly being tracked) and all the rest! Game-breaking? Occasionally. Annoying?
Always.
We’re so relieved to introduce this fix, so no enemies are permanently tracked through walls, and no more teammates constantly on fire!
Here are the “no-longer-lingering” effects:
Sonar pings
Tracking dart
Motion detector
Burning
Gas
Invulnerable (respawn)
Invisibility
Nullifier

IT’S SLEDGEHAMMER TIME
In honor of Heavy Hitters, you’ll find a host of hammers for you to choose from! Make sure to equip one on a selected Heavy contestant before entering the event to spawn into the Arena with your personal favorite!
OSPUZE Tiger Juice also has a few more accessories that’ll help you release your inner predator and remember this event forever!

And of course, there are plenty of Balance changes, fixes, and content updates to read about below:

Balance Changes
Maps
Kyoto
Removed the slow movement effect when running through water
Weapons
ARN-220
Updated the recoil pattern to be the same for both magazines, making the weapon feel more consistent to aim
FAMAS
Decreased the amount of visual recoil when firing the FAMAS, making it slightly less shaky
KS-23
Increased accuracy by decreasing bullet dispersion when firing from the hip while crouch moving
Increased accuracy by decreasing bullet dispersion when aiming down sights while crouch moving
Increased accuracy by decreasing bullet dispersion when firing from the hip while standing still
Increased accuracy by decreasing bullet dispersion when aiming down sights while standing still
Increased accuracy by decreasing bullet dispersion when firing from the hip while running
Increased accuracy by decreasing bullet dispersion when aiming down sights while running
Dev Note: These changes make the KS-23 much more accurate while in various movement states, hopefully increasing its viability
M11
Decreased the jitter at the end of the weapon’s recoil pattern, making it smoother and easier to use at the end of long bursts of firing
Decreased the amount of visual recoil when firing the M11, making it slightly less shaky
Melee Weapons
Improved hit sweeps across all melee weapons, to make them more reliable. As a result, it should feel like fewer sweeps get lost to collision with world objects or geometry
Dev Note: We believe this change significantly improves the reliability of melee combat, but we’ll continue to monitor melee and make further improvements based on what we see.
XP-54
Decreased damage from 17 to 16
Increased rate of fire from 850RPM to 860RPM
Dev Note: XP-54 has been performing exceptionally well since our last buff, with its effectiveness sitting well above all other weapons now. To bring it back in line with most of the other weapons, we want to try to get it to a place somewhere between what it was before and what it has been most recently. To do this we’ve lowered the damage back to its old value, but increased the fire rate slightly to offset that
Content and Bug Fixes
Animation
Fixed an issue where your lower body could sometimes block your aim after launching off a Jump Pad and aiming down sights
Fixed an issue where bullets on the M60 Lid Lifter were visible when they should be hidden while reloading from empty
Fixed a case of animation culling where melee strike animations were missing for other players viewing the action in third person
Fixed an A-pose visual glitch when looking down while in the Nullified state
Fixed ladder animation syncing issues when using Dual Blades or the Riot Shield
Fixed broken hand poses in the Vanish Bomb inspect animation
Fixed melee actions (of the Winch-user) not displaying correctly for contestants being winched
Fixed a clipping issue when exiting ladders at certain angles
Audio
Set the mixer to lower the pitch and mute the game audio when paused in spectator mode
Fixed an issue where some inspect sounds, such as the Katana skin on the sword, were not played for spectators
Clubs
Improved the club filter reset so that it now properly clears all active filters
Customization & Cosmetics
Fixed clipping between the Bout Blanket boxing robe and some facewear items
Fixed the position of the Beating Badge Emblem
Fixed the Nyabyte Top to work better with pets
Player-created outfits now properly reflect changes when equipping items directly from the store
Fixed sticker clipping issues on the ‘Fowl Fury’ skin for the Smoke Grenade
Emerald Flamethrower skin now shows the correct material on dropped tanks
Fixed an issue where the Heavy body type appeared slimmed down on low/medium settings when wearing the Beanie
Fixed stretching and visual issues on several shoe items (Geta, Arch Rival Geta, Tradition Treaders, Lace-Up Kickers, Valor Shift Boots) when worn by the muscular body type
Holograms now display correctly on the Heavy Muscular body type
Fixed clipping between football shoes (cleats) and pants
Fixed the camera angle when zooming in on Tattoos in store offers
Fixed clipping issues between the bun hairstyle and the Backwards Baseball Cap
Adjusted Wildlands Vest to prevent clipping with bandoliers and emblems
Vinerunner Cargos no longer clip with shoes
Minor art fixes on several hairstyles
Fixed an issue where “Highlight Reel” and “Holtow Fine Print” did not display the player name correctly
Fixed stretching and jittering on the “Trail Blazer” backpack’s physics assets
Season 3 Ruby rewards are being added
Dev note: Thank you to all the S3 Ruby players who signed the petition! You should start to see your rewards show up (Player Card background and Emblem) and then a Player Card badge in the next big update! Thanks to a very good egg, Newton!
Gadgets
Optimized the visual fidelity on the Barricade panels to eliminate visible gaps on low graphics settings and fix clipping issues
Game Modes
Cashout Modes
Fixed a bug where the Game Show Event widget disappeared after a cashout
Power Shift
Fixed an issue where, if the platform was centered during overtime, the wrong team could be presented as the winner
In overtime, the winning team now correctly receives $25K in cash, replacing the previous behavior where no cash was awarded
Quick Cash
Fixed the “respawn timer extended” message sometimes displaying incorrectly
Team Deathmatch
Fixed an issue where environment self-kills were not being penalized
Self-kills now give the enemy team $25 if the player hadn't taken any damage beforehand
Terminal Attack
Fixed an issue where health regeneration was not working as intended, restoring proper healing behavior
Gameplay
Fixed an issue where Dummy health bars in the Practice Range would stop displaying
Fixed an issue where initial player spawns could be unfairly skewed toward objectives instead of using proper symmetric spawn locations
Fixed an issue where friendly player outlines were not visible in the beginning of rounds
Fixed a core issue that caused effects like sonar, burning, Dash, Jump Pad and invisibility to get stuck permanently, and prevented new effects like tracking dart from being applied
Fixed a rare issue where players would be unable to move or shoot when spawning into the game
Fixed an issue where ziplines could be launched unintentionally
Maps
General
Vegetation: Fixed an issue with multiple trees that sometimes could trigger a vault unexpectedly
Adjusted health values of multiple assets to allow for more consistency in traversal and cover
Fixed issue where the floor in the Practice Range building would hover mid-air after destruction
Fixed a rare issue where ziplines would fail to load in the level
Kyoto
Added missing destruction on several smaller props
Seoul
Fix an issue where players were able to accidentally vault on pipes underneath catwalks
Fixed missing collision on pillar in staircases
Performance & Stability
Minor optimization to shader pipeline precompilation
Crash fixes
Optimized the amount of network data needed for destruction events
Improved animation performance
Rendering
Fixed missing Contestants in reflections during tournament intros
Fixed rare issue causing corrupted landscape textures
Change DLSS CNN model option to use preset E instead of the default preset
Settings
Fixed unresponsive gamepad keybindings for text chat
Fixed an issue with video settings not saving properly in the Xbox PC version of the game
Specializations
Cloaking Device
Prevented invisibility from being canceled by emotes, and ensured Cloaking Device activation is not interrupted when holding an environmental prop
UI
Fixed a font inconsistency in the Private Matches screen
Implemented a new layout for loading screen rules
Added filters to the Expression screen
Body types are now categorized as common rarity in the Filters menu
Fixed a bug where the pointer would go missing for the first 3.5 seconds of the Post-round results screen
Fixed an issue causing new markers to appear on game mode selection every time the game booted
Players can no longer bypass archetype locks by double-clicking tiles in the 'Create Contestant' page
Outfit packs in the lobby select screen now follow the same order as the 'My Outfit' tab
Added missing weapon category labels to Season 6 weapons in the equipment screen
Added a bespoke HUD element for incoming and active Game Show Events
Club messages will no longer appear in-game when the 'Show Club Channel' option is turned off
Improved gamepad navigation in the customization filter popup
VFX
Fixed the missing VFX effects in a certain spot when using the Dematerializer in the Las Vegas Parking Garage.
Weapons
Melee Weapons
Fixed an issue where players could hit other players through walls when standing very close to them when initiating an attack
Dev Note: This fix also means that Riot Shields now more reliably block melee attacks, although the first person perspective can make it hard for players to tell when a swing hit them from the side versus directly hitting the shield. We’re hoping to further improve that issue in future.
Minigun
Fixed an issue where the Minigun could wind up while being pulled by the Winch Claw

THE FINALS © 2022-2026 Embark Studios AB. THE FINALS and EMBARK trademarks and logos are trademarks or registered trademarks of Embark Studios AB. NEXON trademark and logo are trademarks or registered trademarks of NXC Corporation. © 2026 Sony Interactive Entertainment LLC. PlayStation, the PlayStation Family Mark, PS5, the PS5 logo, PS4 and the PS4 logo are registered trademarks or trademarks of Sony Interactive Entertainment Inc. Microsoft, the Xbox Sphere mark and Xbox Series X|S are trademarks of the Microsoft group of companies. © 2026 Valve Corporation. Steam and the Steam logo are trademarks and/or registered trademarks of Valve Corporation in the U.S. and/or other countries. © 2026 Epic Games, Inc. All rights reserved. Unreal, Unreal Engine and their respective logos are trademarks or registered trademarks of Epic Games, Inc. in the U.S. Patent and Trademark Office and elsewhere. NVIDIA, the NVIDIA logo and the GeForce Now logo are trademarks and/or registered trademarks of NVIDIA Corporation in the U.S. and/or other countries."
THE FINALS: THE ROAD TO ESPORTS - EPISODE 2,"THE FINALS © 2022-2026 Embark Studios AB. THE FINALS and EMBARK trademarks and logos are trademarks or registered trademarks of Embark Studios AB. NEXON trademark and logo are trademarks or registered trademarks of NXC Corporation. © 2026 Sony Interactive Entertainment LLC. PlayStation, the PlayStation Family Mark, PS5, the PS5 logo, PS4 and the PS4 logo are registered trademarks or trademarks of Sony Interactive Entertainment Inc. Microsoft, the Xbox Sphere mark and Xbox Series X|S are trademarks of the Microsoft group of companies. © 2026 Valve Corporation. Steam and the Steam logo are trademarks and/or registered trademarks of Valve Corporation in the U.S. and/or other countries. © 2026 Epic Games, Inc. All rights reserved. Unreal, Unreal Engine and their respective logos are trademarks or registered trademarks of Epic Games, Inc. in the U.S. Patent and Trademark Office and elsewhere. NVIDIA, the NVIDIA logo and the GeForce Now logo are trademarks and/or registered trademarks of NVIDIA Corporation in the U.S. and/or other countries.",https://www.reachthefinals.com/patchnotes/rte2,"By Oscar Lundberg

Hey Contestants,
It’s time. We’re taking the next step on the Road to Esports - and this one is a big one.
We’re proud to announce that
THE FINALS is partnering with DreamHack and ESL FACEIT Group (EFG)
to bring you our first-ever
Major Tournament,
live at
DreamHack Stockholm,
this
November 28-29, 2025.

THE MAJOR – NOW WITH DREAMHACK & EFG
This year’s Major will be held at
DreamHack Stockholm
, part of
ESL FACEIT Group
, the leading force in global esports and gaming entertainment. It’s the perfect home for our biggest competitive event yet — right here in Stockholm, the city where THE FINALS was created.
With
$100,000 on the line, the 16 best teams in the world
, and a stage worthy of the action, this is set to be the most spectacular moment in THE FINALS' competitive history.
QUALIFIERS BEGIN IN SEPTEMBER
Think you’ve got what it takes? Here’s how to get there:
Open Qualifiers
kick off in early
September
Top teams from each region —
NA, EMEA, and APAC
— will advance to the
Closed Qualifiers
Closed Qualifiers
will be
broadcast live
, so you can follow every clutch moment
The best 16 teams in the world will face off at
The Major
, live in Stockholm
Whether you're aiming to compete or just want to watch the carnage unfold, now’s the time to lock in.
STAY TUNED
As we march toward September, we’ll be sharing more on:
How to sign up for Open Qualifiers
What the tournament format looks like
Broadcast and viewing schedules
And more behind-the-scenes looks as we build toward DreamHack Stockholm
We’re just getting started.
LET’S GO
It’s time to team up.
It’s time to train.
It’s time to qualify.
THE FINALS is on the Road to Esports — and now, the destination is set.
SEE YOU IN STOCKHOLM.
~Oscar

THE FINALS © 2022-2026 Embark Studios AB. THE FINALS and EMBARK trademarks and logos are trademarks or registered trademarks of Embark Studios AB. NEXON trademark and logo are trademarks or registered trademarks of NXC Corporation. © 2026 Sony Interactive Entertainment LLC. PlayStation, the PlayStation Family Mark, PS5, the PS5 logo, PS4 and the PS4 logo are registered trademarks or trademarks of Sony Interactive Entertainment Inc. Microsoft, the Xbox Sphere mark and Xbox Series X|S are trademarks of the Microsoft group of companies. © 2026 Valve Corporation. Steam and the Steam logo are trademarks and/or registered trademarks of Valve Corporation in the U.S. and/or other countries. © 2026 Epic Games, Inc. All rights reserved. Unreal, Unreal Engine and their respective logos are trademarks or registered trademarks of Epic Games, Inc. in the U.S. Patent and Trademark Office and elsewhere. NVIDIA, the NVIDIA logo and the GeForce Now logo are trademarks and/or registered trademarks of NVIDIA Corporation in the U.S. and/or other countries."
Update 6.8.0,2025.05.15,https://www.reachthefinals.com/patchnotes/680,"Double Trouble in the Arena
Kicking it off we’ve got the World Tour where this week,
one game show event at a time
just isn’t enough - Double Dose is here, and the Arena will never be the same.
For the first time ever, multiple game show events will run simultaneously, throwing contestants into a chaotic cocktail of hazards, modifiers, and total unpredictability. We’ve got three lethal combos lined up for this round of madness:
Alien Invasion + Low Gravity
Mega Damage + Drop Bombs
Orbital Laser + Head Hunter
(yep, it’s back!)
This one’s brought to you by OSPUZE, who’s clearly decided that
more is more
. So expect the unexpected, stay on your toes, and adapt fast. This World Tour stop is going to hit hard and weird.
You’ll be dodging lasers and low-grav aliens across:
Monaco
Kyoto
Bernal
Skyway Stadium

What’s in the Store?
This week’s store has something for everyone, from tropical heat to silent strikes:
Tropic Takedown Set – A jungle-ready outfit complete with the Guerilla Grip Lockbolt skin and the “Knife to Meet You” emote
Brushline Bundles – Stealthy, leafy Leaf No Trace skins for weapons across all three build types
Live Rounds – A new crossbody cosmetic that says “every bullet tells a story.”

We’re also saying farewell (for now) to Close Quarters and the P.E.A.C.E. Center. As for the Wheel of Trust, ticket collection has ended, but if you’ve still got tickets to spend, you can cash them in or pick up any final pieces to complete your set and unlock the Bull’s Eye Barry outfit.
Whether you're popping emotes in low gravity or getting headhunted under an orbital laser, one thing’s clear: Double Dose is not for the faint of heart. Let’s get into it.

THE FINALS © 2022-2026 Embark Studios AB. THE FINALS and EMBARK trademarks and logos are trademarks or registered trademarks of Embark Studios AB. NEXON trademark and logo are trademarks or registered trademarks of NXC Corporation. © 2026 Sony Interactive Entertainment LLC. PlayStation, the PlayStation Family Mark, PS5, the PS5 logo, PS4 and the PS4 logo are registered trademarks or trademarks of Sony Interactive Entertainment Inc. Microsoft, the Xbox Sphere mark and Xbox Series X|S are trademarks of the Microsoft group of companies. © 2026 Valve Corporation. Steam and the Steam logo are trademarks and/or registered trademarks of Valve Corporation in the U.S. and/or other countries. © 2026 Epic Games, Inc. All rights reserved. Unreal, Unreal Engine and their respective logos are trademarks or registered trademarks of Epic Games, Inc. in the U.S. Patent and Trademark Office and elsewhere. NVIDIA, the NVIDIA logo and the GeForce Now logo are trademarks and/or registered trademarks of NVIDIA Corporation in the U.S. and/or other countries."
Update 6.7.0,2025.05.08,https://www.reachthefinals.com/patchnotes/670,"Boom Goes the Drop
This week’s update is light on downloads, but heavy on chaos.
No patch to install, no balance changes or bug fixes. Just fresh content and explosive gameplay straight from the World Tour.
Before we dive into what’s new, a heads-up: we’re now in the final week of ALFA ACTA’s sponsored events: Close Quarters and Wheel of Trust. If you haven’t jumped in yet, now’s the time to complete the contracts, spin the wheel and enjoy some chaotic TDM matches at the P.E.A.C.E Center!
World Tour: Last Drop
This one’s about
going out with a bang!
Every time a contestant is eliminated, they drop a live bomb. Pick it up, throw it at an enemy, or run for cover! Just make sure you’re not holding on to one when the timer runs out. Each explosive sticks around for a few seconds… or detonates instantly on impact.
Arenas in rotation:
Fortune Stadium
Seoul
Las Vegas Stadium
SYS$HORIZON

This Week’s Store Rotation
Over in the store, Arena Security is taking charge with the Lockdown Triad outfit set, while the Final Carving Set adds a stylish new inspect and intro to sharpen your look. ALFA ACTA fans can grab the Redline Overrule bundle for a sleek set of weapon skins, and Junior’s Foresight brings a tactical edge with a knife skin straight from the top floors of the corporate tower.

Get ready to throw hands and bombs. This week, the chaos doesn’t stop until the
Last Drop
!

THE FINALS © 2022-2026 Embark Studios AB. THE FINALS and EMBARK trademarks and logos are trademarks or registered trademarks of Embark Studios AB. NEXON trademark and logo are trademarks or registered trademarks of NXC Corporation. © 2026 Sony Interactive Entertainment LLC. PlayStation, the PlayStation Family Mark, PS5, the PS5 logo, PS4 and the PS4 logo are registered trademarks or trademarks of Sony Interactive Entertainment Inc. Microsoft, the Xbox Sphere mark and Xbox Series X|S are trademarks of the Microsoft group of companies. © 2026 Valve Corporation. Steam and the Steam logo are trademarks and/or registered trademarks of Valve Corporation in the U.S. and/or other countries. © 2026 Epic Games, Inc. All rights reserved. Unreal, Unreal Engine and their respective logos are trademarks or registered trademarks of Epic Games, Inc. in the U.S. Patent and Trademark Office and elsewhere. NVIDIA, the NVIDIA logo and the GeForce Now logo are trademarks and/or registered trademarks of NVIDIA Corporation in the U.S. and/or other countries."
Season 6: Massive Mid-Season!,2025.05.01,https://www.reachthefinals.com/patchnotes/660,"MID-SEASON UPDATES: STACKED AND LOADED

Season 6 is hitting its stride with the Mid-Season Update, and we’re bringing the
heat!
While the limited-time
Close Quarters Event
takes the spotlight, there’s no shortage of serious updates in this major drop: starting off with a long list of balance changes, bug fixes, and QoL improvements!
Let’s take a look at all the new, exciting, revamped, revived, and renovated updates waiting for you today!
PLAY THE CLOSE QUARTERS EVENT

Time to get up close and personal with our brand new limited-time event that comes with a whole new map to explore (and destroy)! Welcome to the
ALFA ACTA P.E.A.C.E. (Prototype Evaluation And Combat Experimentation) Center!
Junior McJohnson welcomes you to this high-pressure environment nestled deep in the [LOCATION REDACTED] woods.
Here, you’ll be testing out fast fights in tight spaces where every move counts. Partake in a brutal Team Deathmatch where danger lurks around every corner!  The P.E.A.C.E. Center is live for a limited time, so step in and leave your mark!

MEET THE NULLIFIER
The prodigal Stun Gun returns to the loadout screen with a brand new name and totally re-worked functionality!  It’s time to meet
The Nullifier
!
In this newly revamped version, Contestants caught in the line of fire will be nullified, unable to take or deal damage, use items, or interact for the duration for the effect. Nullified players will still be able to move freely, so there’s time to make a getaway. Equip it now and start increasing the odds by nullifying the competition!

NEW TWITCH DROPS
To further celebrate, let’s bring in more Twitch Drops! Head on over to Twitch, watch your favorite streamer, and earn the four new Drops in dazzling blue! Practical, fashionable, and including an item from our latest breakout category: Nails!
You may also remember us asking what weapons would be cool to pick for the next round of Twitch drops. Time for you to pick up those Sledgehammer, AKM, and XP-54 skins!
So make sure to nab your Blue Camo items on Twitch as soon as the Drops go live! Claw your way to victory and trim down the competition.

GET CREATIVE
We’ve taken the Body Paint Category and broken it down into four parts:
Face paint - Anything that goes on the face
Body paint - Anything that goes on the body, or full body
Nails - Nail polish!
Tattoos - You can now wear tattoos beneath any paint!
This means you can now mix-and-match four different parts of your body-deco at once, many of which were previously merged into one! If you already own any of the old Body Paints, you’ll find that your items have been separated into new separate items in these categories and are waiting for your next Outfit creation!
SOCIAL IMPROVEMENTS
It’s time to grow your crew! Clubs have increased in membership so you can now
invite up to 100 Contestants
to take on the Arena together!
You’ll also find multi-channel chat is active, so you can chat with your party, your team, a whole private lobby, and your club while you play!
We’ve also beefed up the social settings, adding chat and voice under Social, and providing options to control Background Opacity, Text Size, Turn Channel Icons off and on, and the ability to hide the Club Chat in-game.
You’ll notice changes to the main menu, as well! You’ll be able to
see your progress
for Battlepass, Career, Sponsorship, Circuits, and Contracts at a glance right alongside your Contestant! You’ll also notice improved updates when returning to the screen from a match.
You’ll always find some improvements to the social features you already know and love.
PARTY IN THE PRACTICE RANGE
It can get lonely in the Practice Range, even with the smart dummies for company. Now you can party up and
enter with two to five friends
by your side. Goof around, test things out, and cause mayhem as a team!
The dummies have been looking increasingly nervous on the leadup to this update…
IN WITH THE OLD
We know you’ve been missing old Vegas so we’re putting it back into rotation! Get ready for the glitz and glam of the hot lights in Quick Cash, Terminal Attack, and Ranked Tournament as you play
Las Vegas 2032!
We’re also introducing a new Carriable to toss around the Arena that will feel familiar to those of you who have been here a while: The Health Cannister! Toss it to provide temporary healing to an area of effect.
Throwing things at your Team has never been more rewarding!
AND MORE!
We’ve made sweeping improvements to Maps, fixed some bugs and at least partially squished some others, and have many balance changes for you to experiment with in this update. We’ve also tweaked some of the most problematic
Cashout Station locations in the Kyoto Map!
There’s new items in the store, including a
free Idle Inspection bundle
to kick off your new Nail Polish collection:

And finally, a new bundle with Multibucks included that some PlayStation players may have gotten an accidental sneak preview of yesterday! Check out the Zero-G Menace Set:

We’re halfway through Season 6 and so excited to have you with us!
Check out all the nitty-gritty details below:
Balance Changes
Dev Note: We’ve recently done a review of the effective ranges for various weapons and found there were a few outliers. Some weapons were over or under performing at certain distances, and not meeting our expectations. A number of the changes below aim to address this issue.
Arena Carriables
All Carriables
Increased the launch force of carriables by 10%, making them easier to throw at targets
Increased the pick-up range of carriables from 6m to 6.5m, making them slightly easier to pick-up
Decorative Carriables (e.g. plant pots, chairs etc)
Increased the impact damage done for medium carriables from 50 to 60
Increased the impact damage done for large carriables from 50 to 70
Health Canister
Added the new Health Canister Arena Carriable. This blue spherical container smashes open when thrown into surfaces, spreading a healing mist that triggers health regeneration for players who stand inside its area of effect
Charms
‘Little Chief’
Increased the ‘moo rate’ of the Little Chief Moolah charm from 25% to 100%, meaning it will now moo for 100% of kills
Added the ability for Little Chief to moo when the attached weapon is inspected
Dev Note: Based on community feedback, it has become obvious that our past nerf to Moolah was by far the worst nerf we’ve ever made to the balance of the game. In the spirit of trying to buff more than we nerf, we’ve now reverted Moolah to their previous superstar status ;)
Gadgets
Proximity Sensor
Increased the size of the Proximity Sensor, making it easier to shoot
Dev Note: This change aims to address how fiddly it has been to destroy Proximity Sensors, they should be much easier to hit now.
Stun Gun/Nullifier
Re-introduced the Stun Gun after a re-work, it is now known as the Nullifier
Players hit by the Nullifier are put into a “nullified” state for several seconds, during which they cannot attack or use items, but are still able to move. During this time the player is fully impervious to damage or effects from items
Specializations
Winch Claw
Winch Claw will now force players it hooks into the ‘uncontrolled’ state, adjusting the victim’s bullet dispersion and recoil as if they were falling from a building
Dev Note: Players’ ability to very accurately shoot a Winch Claw user, while being pulled is something we feel is a little too strong. This change is a subtle nudge to make fighting back while being winched slightly less viable
Weapons
.50 Akimbo
Decreased damage falloff minimum range from 37.5m to 35m, giving the weapon a slightly shorter effective range
Decreased damage falloff max range from 47.5m to 42m, giving the weapon a slightly  shorter effective range
93R
Increased damage falloff minimum range from 28m to 32m, giving the weapon a slightly longer effective range
Increased damage falloff max range from 35m to 40m, giving the weapon a slightly longer effective range
Decreased damage falloff multiplier from 0.55 to 0.4, meaning the weapon now does slightly less damage at range
ARN-220
Decreased the length of the quick reload animation from 0.95s to 0.75s
Dev Note: This is a small buff to the ARN, partially to boost its power but mostly aimed at making it feel a little less clunky.
Cerberus
Decreased pellet count from 12 to 11, effectively lowering the max damage per shot (minus fire damage) from 120 to 110
Updated pellet pattern to retain a similar coverage per shot, despite the removal of one pellet, meaning the weapon should retain a similar accuracy to before
Dev Note: The Cerberus has been performing very well this season and we’ve decided we need to bring it back in line with other weapons. This small reduction in damage should help achieve that while still keeping the weapon viable.
FAMAS
Decreased damage falloff minimum range from 37.5m to 35m, giving the weapon a slightly shorter effective range
Decreased damage falloff max range from 47.5m to 42.5m, giving the weapon a slightly  shorter effective range
M134 Minigun
Dev Note: We have seen your feedback on how easy it is for players to keep the M134 ‘spun up’ while moving, juggling the spin-up state and making it quite powerful in the right hands. This is something we’re monitoring and are likely to adjust the balance of in an up-coming patch, but the changes we’re considering aren’t ready in time for 6.6.
Model 1887
Decreased the pump-action duration from 0.8s to 0.78s, effectively increasing the fire rate from 75RPM to 77RPM
Increased damage falloff minimum range from 15m to 20m, giving the weapon a slightly longer effective range
Increased damage falloff max range from 25m to 30m, giving the weapon a slightly longer effective range
Decreased damage falloff multiplier from 0.7 to 0.65, meaning the weapon now does slightly less damage at range
Dev Note: Since our last round of changes to the Model, it has performed slightly worse than we would have expected. These changes are aimed at buffing it ever so slightly while increasing its effective range to give it a more unique feel compared to the other shotguns. We’re mindful that we don’t want to nudge it too far in a single change, as we’d prefer to not go back to a meta where this versatile weapon is overly effective.
R .357
Increased damage falloff minimum range from 23m to 27.5m, giving the weapon a slightly longer effective range
Increased damage falloff max range from 40m to 44m, giving the weapon a slightly longer effective range
Decreased damage falloff multiplier from 0.45 to 0.4, meaning the weapon now does slightly less damage at range
SA1216
Decreased rate of fire from 200RPM to 190RPM
Decreased the length of the magazine rotation animation from 1.1s to 0.8s, effectively speeding up the weapon’s fire rate when firing more than four shots
Updated magazine rotation animation so it’s a little easier to see
Updated recoil pattern slightly, to retain approximately the same recoil behavior prior to the rate of fire reduction
Dev Note: This is a small nudge to reduce the power of the SA1216, which remains one of the most effective weapons in the game. The decrease in the length of the magazine rotation animation, as well as the updated animation, are quality of life changes that hopefully improve the readability of the weapon and make it more accessible to a wider audience. The animation change also effectively increases the weapon’s fire rate in scenarios where the player takes more than four shots
Content and Bug Fixes
Animation
Smoothed the animation for dropping held items when blending back to the equipped item
Fixed an issue where the wrong magazine could sometimes be inserted into the ARN-220
Fixed an issue where the discarded magazine would launch forward when reloading the Lewis from empty
Polished Cerberus reload and inspect animations to reduce clipping
Fixed the M134 Minigun crouch pose during interactions to prevent  your third person pose being lower than intended
Fixed an issue where the third consecutive Spear attack animation could sometimes be skipped
Reworked the animation for the Sword's secondary attack to better match the action, and fixed cases where the attack would not show on the receiving end, causing confusion about damage
Fixed animations looking incorrect when crouching with the CL-40
Fixed an error where the weapon could briefly show when carrying an object and vaulting at the same time
Fixed an issue where getting eliminated with fully-charged Defibs could prevent weapon inspection after respawn
Fixed an issue where the Sledgehammer and Spear could block the view while vaulting by lowering the weapons instead
Updated the animation for being Winched to better show the gun-ready state at the right time to reduce confusion
Fixed the Riot Shield sometimes blocking the view during a high vault
Fixed an issue where the Riot Shield could briefly cover the screen during weapon swaps
Slightly reduced visual recoil on the M11 Holographic Sight to match the Red Dot Sight
Fixed an issue where a white ""mask"" could appear during emotes with some faces
Audio
Improved audio for bots
More Scotty and June dialogue to better reflect team performance in TDM
Added announcer voice over when billboards light up
Updated Cashout lines for Round 2 and Final Round
Fixed an issue where Power Shift Overtime lines would not play
Added new lines for Power Shift's Sudden Death phase
Improved the audibility of single-shot weapon fly-bys, making them easier to hear when nearby
Clubs
Increased the maximum Club size to 100
Contracts & Circuits
Resolved issues where eliminations with the Tracking Dart and Defibrillator did not count toward elimination contracts with Gadgets
Customization & Cosmetics
Adjusted the size of Derbies shoes when equipped on light contestants for a better fit
Fixed camera being offset when entering Charms/Stickers/Sights screen while certain skins were equipped
Tweaked lens material for Reflex Sight 02 to remove the yellow glow sometimes present in the shaded areas of sunny maps
Expanded Character Customization by splitting Body Paint into new categories: Face Paint, Body Paint, Tattoos, and Nails. What was previously a single Body Paint item is now organized across these categories. Existing outfits have been updated, and players who already own relevant items will automatically receive the new options
Fixed an issue where certain customizations could sometimes float or clip with the character when switching contestant body type prior to a game or in the Practice Range
Fixed color issues with the Neon Nightslinger outfit to ensure team colors appear correctly to all players
Fixed mesh stretching on the Satchel
Fixed stuttering on the SR-84 Ghillie Canopy skin
Fixed alignment issues between some faces and facial hair
Fixed an issue where Stickers could partially cover Sponsor texts on the ARN-220 'Cash Chicane' and 'Active Deterrent' skins
Fixed an issue where charms could block aim down sights on the Revolver
FIxed the look of the cloth under the arms of the Canyon Carver Poncho
Fixed an issue where creating new contestants could exceed the 'My Outfits' limit
Game Modes
Practice Range
Players can now enter together with their party (up to 5 players)
We are aware of an issue where Quick Melee does not always work in Practice Range. We are investigating the issue but a restart of the session should resolve it
Power Shift
Fixed incorrect text about extended respawn timers being shown
Tutorials
Replaced old target bots in existing tutorials with new ones
Fixed issues where the tutorial Cashbox, Cashout Stations, or Vaults could go missing
Terminal Attack
We're aware of an issue in terminal Attack mode that causes player health to be able to fully regen to the maximum health value, rather than the intended capped values. We're investigating the cause of this and will deploy a fix as soon as we can
TDM
Tweaked backfill conditions to always allow backfill in the first round, or in later rounds with at least three minutes remaining and no team above 15 kills
Fixed an issue where outfit selection changes for the second and third rounds weren’t working as expected
Fixed an issue where the outfit list would disappear after changing outfits in a previous round
Gameplay
Health Cannister Carriables can now spawn in all game modes except Terminal Attack
Fixed an issue where the state of destruction could desynchronize after a reconnect or backfill
Fixed various issues where Cashbox, Cashout Stations, and Respawn Statues would incorrectly trigger ""out of bounds"" behavior
Fixed an issue where players would not receive support score for healing a revived teammate
Fixed an issue that could cause horizontal Ziplines to be placed incorrectly
Fixed an issue where the wrong text could appear when using a respawn coin
Adjusted hitmarker size in when aiming down sights (ADS) to reduce obstruction while zooming in with the Sniper Rifle
Fixed a very spooky issue where Statues would show up in the previous death location for 1 frame
Resolved issues where players who died while experiencing an effect that requires team colors could sometimes default back to a neutral color
Improved optimization to slightly reduce the feeling of being shot around corners
Fixed an issue where the health bars of enemy players that the player had just been spectating, continued to display for a brief second after the player respawned, giving away the enemy's location in the level
Fixed an issue where players could spawn with missing ammo if they click LMB during round start
Fixed a rare issue where you couldn't switch the contestant you were spectating
Fixed a rare issue where players could lose mouse input during a round
Fixed one issue where effects, like sonar tracking, fire etc, would remain visible for far too long
Dev Note: Lingering visual effects on contestants after exposure have been haunting us for a long time! We believe we’ve fixed the most prominent cause…but some cases remain. We’ll keep chasing it and you should keep letting us know when it happens to you! Player reports have been so helpful!
Maps
General
Las Vegas 2032 is back in the public map rotation for Quick Cash, Terminal Attack, and Ranked Tournament
Dev note: We knew you were missing it. What happens in Las Vegas 2032, stays in Las Vegas 2032!
Fixed sizes, aspect ratios on multiple THE FINALS logotypes and branding textures on all maps.
Adjusted the health of some decor and features to better match their size and material
Tweaked Billboard Highlight scoring to feature more varied events and show players more frequently, including a new event for last-second steals
Fixed a bug causing destruction visuals to not appear in certain scenarios
Updated the height of concrete beam piles to match other cover and fixed some that were indestructible
Fortune Stadium
Fixed an issue where the out-of-bounds border could cut through parts of the level in Team Deathmatch
Kyoto
Adjusted and removed several Cashout Station locations in the Bamboo Forest and near the Villa Compound water
Carriables can now be thrown through lattice windows without fear of them bouncing back at you
Las Vegas 2032
Fixes for floating signs and invisible collision
Las Vegas Stadium
Minor destruction tweaks to the ALFA ACTA buildings
Monaco
Collision cleanup of multiple Monaco assets to enhance movement, performance and traversal
Fixed a minor issue where THE FINALS logo was cropped on the buildings
Practice Range
Added Health Cannister dispenser
Seoul
Re-balanced structural strain to get more refined and varied destruction
Fixed a rare issue where horizontal ziplines could have incorrect exit points
Skyway Stadium
Fixed overlapping doors and misplaced railings in the large hotel building
Private Matches & Spectator
Fixed an issue where assigned spectators would end up in separated sections
Added an error message for trying to create a private lobby without being the party leader
Fixed an issue where controllers would lose focus when entering the private match screen
Spectator screen now correctly displays performance icons
Fixed an issue where lobby size could be reported incorrectly for some game modes in private matches
Fixed rare issues where spectators could end up outside the map
Fixed an issue where the Manage Players section would not stay consistent while moving players around
Fixed gamepad navigation and interactions not working correctly in the private matches screen
Premade parties are now disbanded when joining a private lobby.
Settings
Made the selection scroll to the top when restoring default settings for interface options
Added new Text Chat settings: Background Opacity, Text Size, Toggle Channel Icons, and the ability to hide the Club Chat in-game.
Chat and voice settings have been moved to the Social tab for easier access
Fixed missing descriptions for several options in the Settings menu
Social
Text Chat now supports Party, Squad, Private Lobby, and Club channels
Added timestamps in Club chat
Fixed an issue where the friends list would update and reorder while interacting with it
Specializations
Winch Claw
Fixed an issue where winched players would not be pulled through smoke
Stability & Performance
Fixed some of the most recurring crashes
Optimized shader pipeline precompilation for CPUs with fewer cores
UI
Discounts are now correctly shown on outfit icons
Updated the look of the Cash Out HUD
Fixed an issue where a teammate's name might not display correctly after backfilling into a session
Fixed an issue where the play button could get stuck in a cancel state when failing to join a private lobby
Fixed an issue where images appeared stretched for a few frames in the main menu when starting the game
Fixed an issue where store tiles could remain stuck in an upscaled state after being clicked
Fixed a bug causing new markers to reappear unexpectedly in the Game Mode section
Text and voice options now display consistent enabled/disabled states in the social menu
Fixed an issue where players lost focus on the end-of-round screen, requiring a click to regain focus
Added a “Mark All as Seen” button to quickly clear new labels from Game Mode screens
Added mute and unmute messages to the log
Fixed seeding display for your own team in tournament brackets
Fixed an issue where store tiles sometimes showed a white background instead of their content
Fixed an issue where discounts were not shown correctly on gifting buttons
Fixed various frontend tabs that could incorrectly be moved using the mouse
The Friends list in the gifting screen now shows online friends at the top. Friends who already own the item are grouped at the bottom but still listed above offline friends who own it
Fixed matchmaking notification showing the wrong game mode name to teammates after picking a new mode
Rich Presence timer now shows the full match duration instead of just the current round
Fixed an issue where contestant icons sometimes failed to load quickly enough
Added progression info and hotlinks for Battlepass, Career, Sponsorship, Circuits, and Contracts, along with updated visuals when returning from a match
Weapons
Spear
Fixed a rare case where the spin attack would not damage nearby enemy contestants
Sword
Fixed an issue that made it possible to perform an unintended extra strike with the Sword during a secondary attack, this is more commonly known as “phantom strikes”

THE FINALS © 2022-2026 Embark Studios AB. THE FINALS and EMBARK trademarks and logos are trademarks or registered trademarks of Embark Studios AB. NEXON trademark and logo are trademarks or registered trademarks of NXC Corporation. © 2026 Sony Interactive Entertainment LLC. PlayStation, the PlayStation Family Mark, PS5, the PS5 logo, PS4 and the PS4 logo are registered trademarks or trademarks of Sony Interactive Entertainment Inc. Microsoft, the Xbox Sphere mark and Xbox Series X|S are trademarks of the Microsoft group of companies. © 2026 Valve Corporation. Steam and the Steam logo are trademarks and/or registered trademarks of Valve Corporation in the U.S. and/or other countries. © 2026 Epic Games, Inc. All rights reserved. Unreal, Unreal Engine and their respective logos are trademarks or registered trademarks of Epic Games, Inc. in the U.S. Patent and Trademark Office and elsewhere. NVIDIA, the NVIDIA logo and the GeForce Now logo are trademarks and/or registered trademarks of NVIDIA Corporation in the U.S. and/or other countries."
Update 6.5.0,2025.04.24,https://www.reachthefinals.com/patchnotes/650,"Update 6.5 - Drop In, Dance Out
We’re keeping things stylish (and a little silly) this week with a fresh store rotation and the return of one of our most fabulous World Tour events. Just in time to loosen up before the mid-season madness hits next week!
World Tour: Strike a Pose 2.0 (Sponsored by ENGIMO)
ENGIMO
is bringing back the boogie!
In this event, dancefloors light up the Arena every time a cashout is started, stolen, or secured. Drop an emote while you’re on the floor to earn extra cash for your team. Style matters, and now it pays.
Arenas in rotation:
Bernal
Fortune Stadium
Las Vegas Stadium
Monaco

This Week in the store we’ve got
cardboard
and
carbs
:
Spud Slinger Set
“Serving up the perfect side dish for total annihilation.”
Launch the legendary Spudnik CL-40 skin, complete with the Tuber Trooper charm and This Means You weapon sticker. Mash the competition, literally.
All Boxed In
“Sharp lines, edgy style.”
A hand-drawn cardboard headpiece for contestants who prefer to think inside the box, and wear it too.
Flatpack Bundle
“Looks fragile. Hits hard.”
Includes the Krafty Crackshot Minigun skin: a corrugated cardboard carnage machine with absolutely zero chill.

No gameplay changes or fixes this week, just a bit of fun and flair before next week’s mid-season update, which brings some fresh new content..
Now strike a pose, collect that cash, and we’ll see you on the dancefloor.

THE FINALS © 2022-2026 Embark Studios AB. THE FINALS and EMBARK trademarks and logos are trademarks or registered trademarks of Embark Studios AB. NEXON trademark and logo are trademarks or registered trademarks of NXC Corporation. © 2026 Sony Interactive Entertainment LLC. PlayStation, the PlayStation Family Mark, PS5, the PS5 logo, PS4 and the PS4 logo are registered trademarks or trademarks of Sony Interactive Entertainment Inc. Microsoft, the Xbox Sphere mark and Xbox Series X|S are trademarks of the Microsoft group of companies. © 2026 Valve Corporation. Steam and the Steam logo are trademarks and/or registered trademarks of Valve Corporation in the U.S. and/or other countries. © 2026 Epic Games, Inc. All rights reserved. Unreal, Unreal Engine and their respective logos are trademarks or registered trademarks of Epic Games, Inc. in the U.S. Patent and Trademark Office and elsewhere. NVIDIA, the NVIDIA logo and the GeForce Now logo are trademarks and/or registered trademarks of NVIDIA Corporation in the U.S. and/or other countries."
Update 6.4.0,2025.04.17,https://www.reachthefinals.com/patchnotes/640,"Update 6.4 - Protocol Overdrive
This week’s update is all about controlled chaos. Tuning weapons for precision, flipping the switch on full-blown gameshow madness, and suiting up in some of our most stylish sets yet.
Gameplay-wise, we’re making targeted balance changes to two of the Arena’s most talked-about weapons. The
CB-01 Repeater
gets a boost to its environmental damage, making it far better at dealing with deployables and ziplines, while the
Minigun
receives a notable accuracy upgrade when focus-firing. We’re not touching the spin-up mechanic just yet, but it’s something we’re actively evaluating as the season progresses.
Week 2 of Bunny Bash is also live now, with a new circuit of event contracts for you to complete for some amazing rewards!
World Tour: Protocol Overdrive (Sponsored by ENGIMO)
ENGIMO
is redefining chaos - again.
In Protocol Overdrive, gameshow events don’t just show up once per match - they hit
back-to-back
, dropping contestants into a relentless gauntlet of environmental hazards and alien mayhem.
Expect short moments of calm between bursts of absolute madness, with
Meteor Showers
and
Alien Invasions
shaking up the mid-game and forcing players to adapt on the fly. There’s barely time to breathe before the next disaster hits.
Arenas in rotation:
SYS$HORIZON
Bernal
Kyoto
Las Vegas Stadium

Over in the
store
, we’ve got a wild lineup of new cosmetics ready to drop:
Night Munchies Set
“Carrots optional, casualties guaranteed.”
Suit up in the Predator Payload outfit, complete with Assault Rabbit headgear and glowing Warren Glare eyes. Fluffy on the outside, ruthless on the inside.
Arena Vision Set
“For contestants who see every angle in THE FINALS.”
Featuring the Sappy Ending skin for the Cerberus, Sledgehammer, and SR-84. Because every story should end with a bang.
Opulent Heavy Bundle
""Devastating luxury, tailored for destruction.""
Dominate the battlefield with Skullbound Oblivion skins for the Shak-50, Flamethrower, and M60 - dark, ominous, and absurdly stylish.

Now, let’s check out the balance changes (with dev notes) in detail:

Balance Changes
Weapons
CB-01 Repeater
Increased environmental damage from 8 to 18
Dev Note: With the previous environmental damage value the Repeater had a tough time destroying ziplines. This change should help to address that.
M134 Minigun
Decreased bullet dispersion when standing still and ‘focus firing’ (secondary fire) by approximately 10%, making the weapon more accurate
Decreased bullet dispersion when moving and focus firing by approximately 10%, making the weapon more accurate
Dev Note: We really like that the spin-up time of the Minigun encourages players to adopt a different style of play to other weapons when using it, such as making use of various shields to protect while spinning up, or using Proximity Sensors to provide an early warning that gives time to spin-up. Because of this, despite some feedback that the Minigun is a little underpowered, we’re reluctant to address that by reducing the spin-up time and making the gun more responsive, as this risks it simply turning into another LMG. Instead, we’re making an adjustment to the weapon’s accuracy to make it slightly more effective at range. Performance wise, our data is showing the Minigun performing somewhere in the middle of the pack, so we’re reasonably happy with how it’s behaving.
We do feel that ‘juggling’ and maintaining the spin-up state while moving is a little too easy right now, so it is our intent to review that and potentially change it later this season, as we do really want using the Minigun to commit players to being prepared in how they play, but it’s likely that if that change does go ahead, it will come with some other tweaks to offset that change. We’ll see exactly where we go with that as the season goes on.

THE FINALS © 2022-2026 Embark Studios AB. THE FINALS and EMBARK trademarks and logos are trademarks or registered trademarks of Embark Studios AB. NEXON trademark and logo are trademarks or registered trademarks of NXC Corporation. © 2026 Sony Interactive Entertainment LLC. PlayStation, the PlayStation Family Mark, PS5, the PS5 logo, PS4 and the PS4 logo are registered trademarks or trademarks of Sony Interactive Entertainment Inc. Microsoft, the Xbox Sphere mark and Xbox Series X|S are trademarks of the Microsoft group of companies. © 2026 Valve Corporation. Steam and the Steam logo are trademarks and/or registered trademarks of Valve Corporation in the U.S. and/or other countries. © 2026 Epic Games, Inc. All rights reserved. Unreal, Unreal Engine and their respective logos are trademarks or registered trademarks of Epic Games, Inc. in the U.S. Patent and Trademark Office and elsewhere. NVIDIA, the NVIDIA logo and the GeForce Now logo are trademarks and/or registered trademarks of NVIDIA Corporation in the U.S. and/or other countries."
Update 6.3 - Bunny Bash is Back!,2025.04.10,https://www.reachthefinals.com/patchnotes/630,"Outfits fluffed, basket loaded. Bunny Bash returns!
Our egg-cellent spring event is back! For the next two weeks, you’ll be hopping into a version of Power Shift with locked loadouts, hand-crafted for chaos. Each class brings a different flavor of mayhem, from Miniguns and Mesh Shields to Glitch Grenades and Thermal Bores. Time for some seasonal fun, and a chance to rack up some amazing rewards!
Bunny Bash takes place across:
SYS$Horizon
Monaco
Skyway Stadium
Kyoto
Bernal
Las Vegas Stadium
You’ll play through two circuits, each with five rewards. The first is live now, and the second hops into action next week!
What’s at stake? What’s the rewards?
Punk Bunny Ears -
Good Hare Day
Punk Chicken Outfit Pieces -
Coop Core Vest, Nest Runner Pants, Fowl Fingers,Cluck Kickers
Charm -
Rebel Hatcher
Weapon Skins -
Rapid Scrambler for the CB-01, ARN-220, and M134
Goo Grenade Skin -
Tama Easter Fling

Spring Twitch Drops are LIVE!
Watch any
THE FINALS
creator on Twitch for 3 hours total to earn the Green Shoot skin for the ARN-220, CB-01 Repeater, and M134 Minigun. Cute, springy, and just a little too fresh for your enemies.
Ruby Rank is now unlocked!
Think you've got what it takes to stand with the best? Ruby Tier is now open in Ranked Tournaments, climb your way into the Top 500 and prove it. The grind just got steeper.. and a whole lot sweatier.
On the gameplay side,
Update 6.3 brings a nerf to the Sword’s secondary attack, aiming to reduce the frustration many players have felt when facing this very sharp stick. We’ve also rolled out a wide slate of bug fixes and improvements across UI, animations, performance, and more.
Finally, Balance-wise,
the meta’s looking more stable than it has in a while, but we’re still keeping a close eye on standout contenders like the Cerberus, Pike-556, FAMAS, and the Season 6 newcomers: M134, CB-01, and ARN-220.
We’ve also got a stacked store rotation this week. Is it a bird? Is it a plane? Nope, that’s a snuke!

Now, let’s hop into the full patch notes below, before we hop into Bunny Bash!
Balance Changes
Dev Note: This week's balance changes are fairly light as right now, the overall meta is looking more stable than it has for a while. We are monitoring several items based on their performance at present though and are likely to make some adjustments to them in the coming weeks. These include the Cerberus 12GA, Pike-556 and FAMAS, as well as each of the three new weapons, the M134 Minigun, CB-01 Repeater and the ARN-220.
Additionally, we’re continuing to monitor the performance of the respawn system in Cashout mode and expect to have some refinements to make to the system in the 6.6 update.
Weapons
Sword
Decreased secondary attack damage from 140 to 105
Dev Note: The Sword has increasingly become a source of frustration for a lot of players, especially Light players, who feel its ‘one-shot’ potential when combined with Quick Melee is too oppressive. Over time, we’ve been trying to reduce the potential for one-shots in a lot of places in the game and we feel it’s time to address that here. We believe the sudden rise in frustration with the Sword is also partially due to the removal of the Stun Gun, which was many Light players’ answer to a fast lunging Sword user in the past. This change removes the essentially one-shot potential of the Sword.
Longer term, we’re going to continue to monitor the Sword and explore some alternative changes that might allow us to nudge the lunge damage back up, but that will take more time and we’d rather try to address this issue now than wait. We’ll also need to see how things change once the re-worked Stun Gun returns, which should be around 6.6.
Additionally, there are several exploits and bugs we’ve become aware of related to performing extra or ‘phantom’ attacks, which we’re aiming to fix in the near future.
Content and Bug Fixes
Animation
Fixed an issue on the standard reload for the AKM where the magazine was flicked in the wrong direction, it now flicks forwards as intended
Fixed an animation issue where the Haptic Reload animation for .50 Akimbo looked broken from another player's perspective
Fixed an animation issue where cancelling the Wild Draw inspect animation for the Throwing Knives by attacking looked broken from another player's perspective
Added missing shell eject for the CB-01 Repeater lever action animation
Updated the M26 Matter reload animations to move the reticle less when aiming down sights
Fixed a rare issue where the upper body on the third person contestant could become out of proportion
Fixed the recurve bow’s animation breaking when swapping to another item while the bow is charged
Fixed an issue where the Dual Blades was offset from the contestants hands in third person while sprinting
Fixed the left arm looking broken in third person when equipping the breach charge while crouching
Fixed an issue where the hammer for the CB-01 Repeater changed position when sliding and aiming down sights
Badges
Removed faulty tier indicator number from the Ruby Badge
Characters & Customization
Fixed a lighting issue on the contestant cards
Fixed a lighting issue with some of the hairstyles
Reduced the frequency of Moolah charm mooing, with a lower chance of the sounds playing on eliminating an enemy
Updated frontend size of riot shield, making it easier to preview skins on shields
Clubs
Browse Clubs screen now hides full clubs by default
Filter toggle added to include full clubs
Controller
Fixed an issue where the controller rumble was turned on when spectating other players
Gadgets
Barricade
Fixed an issue with the text looking wrong on certain skins
Game Modes
General
Fixed an issue that would previously lead to incomplete information when inspecting your teams loadout at the start of the match
Cashout Modes
Cashboxes that are hidden, due to being carried, are now briefly visible when a contestant spawns
Team Death Match
Fixed a rare issue where the wrong loadout was selected in TDM when entering the round
Fixed an issue where if backfilling into a Team Death Match game the user would not have all their loadout options available
Fixed an issue that would make backfilling not work after the first round in team deathmatch and further tweaked the rules for backfilling
Adjusted map borders for the OSPUZE and ENGIMO locations on Las Vegas Stadium so they no longer cut-out the jump pads on the street next to the spawns
Fixed an issue on Kyoto where you could bump your head against invisible collision above the Hillside building
Practice Range
Fixed an issue so that bots that got respawned by players now always show their correct animations
Changed so that bots in the practice range stops firing against each other if the player is too far away from them
Improved the responsiveness of bots reacting to player and dynamic behavior
Gameplay
Added more thorough environmental kill tracking for winch claw, attributing kills when the pulled object pushes another player out of bounds
Fixed an issue where gateways could be used to end up outside the Arenas boundaries on several locations in Team Death Match
Fixed a rare issue where picking up an interactable item would cause the mouse to be blocked for the rest of the session
Fixed an issue where picked up objects could sometimes drop inside geometry in an incorrect way
Prevent items from being teleported infinitely when gateways are placed closely together in a confined space
Fixed an issue with ammo showing up as 0/0 after respawning
Fixed a rare issue where after an elimination the flow would not proceed beyond the kill-cam, the contestant can now respawn while stuck in kill-cam if it were to happen
Fixed another issue that could cause sights and scopes to appear misaligned
Fixed issue where the first person weapon would cover the screen after teleporting through the gateway while holding a carriable
Fixed an issue where players could vault onto obstacles while holding interacts
Arenas
Bernal
Fixed a staircase in the Hotels (ISEUL-T) area being slightly too steep, causing odd movement behavior when jumping into it in specific ways
Monaco
General polish on collision, materials, and destruction
Fixed an issue with missing polygons in attic floor in one of the Monaco House
Removed tree from path that players often got stuck on
Improved and fixed some minor issues with ground collision
Las Vegas Stadium
General polish on collision, materials, and destruction
Fixed an issue with decals on Las Vegas Stadium that covered jump pads
Kyoto
Fixed an issue where paper walls in Kyoto would sometimes not get destroyed right away
Fixed issue with missing holes in Kyoto Temple floor leading to basement
Simplified some collision on Kyoto to reduce memory cost and increase performance
General
Fixed an issue with streaked lines appearing on billboards based on customization
Reworked billboards to be more cosmetic accurate and less error prone from visual artefacts
Performance & Stability
Optimized GPU performance in high-load destruction scenarios
Fixed some of our more common crashes
Private Matches & Spectator
Added global kill-feed to spectator slots
Fixed an issue with VOIP where players in a party could still hear each other through VOIP in a private match when placed in different teams
Allow for opting out of game show events in private matches
Fixed distant outlines not showing up in spectator mode
Fixed an issue in the Lobby when too many players joined at the same time they could start duplicating
Fixed the spectator keybind info not being accessible in Power Shift.
Added Original Las Vegas as a selectable map in private matches
Rendering
Fixed an issue where volumetric effects appeared black on lower quality settings
Settings
Added support for NVIDIA DLSS 4, including multi-frame generation, and the latest SuperResolution models. See the updated DLSS related options in the Video settings.
Added an option to choose between ""CNN"" and ""Transformer"" models for NVIDIA DLSS in the Video settings.
""CNN"" is the model coming from DLSS 2 and 3 versions. It's a fast and high quality method.
""Transformer"" is the new model introduced with DLSS 4. It's even higher quality, but more GPU intensive.
UI
Fixed a rare issue where the scoreboard could be viewed in an incomplete state at the start of the match
Fixed an issue where the reload times were incorrect for ARN-220 and CB-01 Repeater in the weapon overview screen
Improved the frontend equipping functionality to ensure the correct parts are selected and equipped when purchasing a bundle
Fixed an issue where you could scroll the text area of a player card
Fixed issue where some in-game UI elements could get drawn on top of menus
Rich presence status now correctly displays 'Editing Contestant' while in the Contestants menu
Fixed an issue with the “My Outfits” tab where the inspect action would sometimes preview the incorrect customizations
Fixed an issue with outfits created after you have reached the limit of allowed outfits
When renaming outfits there's no longer a warning message when the name of the outfit is the same name as you started with
The tiles in My Outfits feature a new hover icon for better visibility of the options menu
The expressions tab no longer resets to the top category when re entering the screen from inspect/battlepass/store
Removed Quit button from ""game summary screen"" and improved the skip/next flow in the end of round/reward flow
Fixed badges getting cropped incorrectly in the reward card
Fix player cards sometimes not updating after editing outfits
Weapons
Minigun
Winding up the minigun no longer uses the secondary fire input action. Instead winding up the minigun uses the same keybind as aim down sight (Hold or Toggle)
SR-84
The scope movement when aiming down the scope is now toned down to more accurateLy reflect where the shots will land when firing
Improved the camera motion when crouchiNg or stopping after moving while aiming down the scope
Fixed first person sniper scope visuals flicKering when going into crouch
Revolver
Fixed an issue where the Horizon Hammer skin was slightly misaligned when aiming down sights
Security and Anti-cheat
Improved messaging for forbidden tools
Refined detection systems

THE FINALS © 2022-2026 Embark Studios AB. THE FINALS and EMBARK trademarks and logos are trademarks or registered trademarks of Embark Studios AB. NEXON trademark and logo are trademarks or registered trademarks of NXC Corporation. © 2026 Sony Interactive Entertainment LLC. PlayStation, the PlayStation Family Mark, PS5, the PS5 logo, PS4 and the PS4 logo are registered trademarks or trademarks of Sony Interactive Entertainment Inc. Microsoft, the Xbox Sphere mark and Xbox Series X|S are trademarks of the Microsoft group of companies. © 2026 Valve Corporation. Steam and the Steam logo are trademarks and/or registered trademarks of Valve Corporation in the U.S. and/or other countries. © 2026 Epic Games, Inc. All rights reserved. Unreal, Unreal Engine and their respective logos are trademarks or registered trademarks of Epic Games, Inc. in the U.S. Patent and Trademark Office and elsewhere. NVIDIA, the NVIDIA logo and the GeForce Now logo are trademarks and/or registered trademarks of NVIDIA Corporation in the U.S. and/or other countries."
World Tour: Head Hunter,2026.04.03,https://www.reachthefinals.com/patchnotes/wt620,"This week on the World Tour, the spotlight, and the pressure,  lands squarely on the top fraggers.
ALFA ACTA signs off their seasonal sponsorship with a new twist for Season 6: Head Hunter. During this special Game Show event, the player on each team with the highest number of eliminations will have a bounty of $5000 placed on their head. The better they play, the bigger the reward - and the bigger the target.
Every elimination they score boosts their bounty by $2,000. Take them out? Their bounty goes straight to your team. Let them live? They’ll cash in that full amount when the event ends at the 2-minute mark.
Stay sharp, move smart, and watch the scoreboard. This week, glory and greed go hand in hand.

ARENAS:
Monaco
Seoul
Skyway Stadium
Fortune Stadium

THE FINALS © 2022-2026 Embark Studios AB. THE FINALS and EMBARK trademarks and logos are trademarks or registered trademarks of Embark Studios AB. NEXON trademark and logo are trademarks or registered trademarks of NXC Corporation. © 2026 Sony Interactive Entertainment LLC. PlayStation, the PlayStation Family Mark, PS5, the PS5 logo, PS4 and the PS4 logo are registered trademarks or trademarks of Sony Interactive Entertainment Inc. Microsoft, the Xbox Sphere mark and Xbox Series X|S are trademarks of the Microsoft group of companies. © 2026 Valve Corporation. Steam and the Steam logo are trademarks and/or registered trademarks of Valve Corporation in the U.S. and/or other countries. © 2026 Epic Games, Inc. All rights reserved. Unreal, Unreal Engine and their respective logos are trademarks or registered trademarks of Epic Games, Inc. in the U.S. Patent and Trademark Office and elsewhere. NVIDIA, the NVIDIA logo and the GeForce Now logo are trademarks and/or registered trademarks of NVIDIA Corporation in the U.S. and/or other countries."
Store Rotation 6.2,2025.04.02,https://www.reachthefinals.com/patchnotes/620,"Store Rotation 6.2.0
The Arena’s getting a little more chaotic, and a whole lot more colorful, in this week’s store rotation!
First up: the Mischief Maker Set. A masterclass in mischief, this ÖRF-themed outfit brings a full loadout of trickster energy, including the HumÖRFul Havoc weapon skins. It’s all style, all smirk, and just the right amount of trouble.
On the fruitier side of things, the Ripe for Chaos Set turns the Arena into your personal fruit basket. These green, sticker-plastered Forbidden Fruit weapons may look adorable, but don’t be fooled, they’re too tempting to resist and just chaotic enough to get the job done.
Also new in the store this week:
Golden Hour Bundle – Drip in gold, play for keeps.
Heatstroke Set – Burn down the competition and leave no one cool.
Let’s check out this week’s store:

THE FINALS © 2022-2026 Embark Studios AB. THE FINALS and EMBARK trademarks and logos are trademarks or registered trademarks of Embark Studios AB. NEXON trademark and logo are trademarks or registered trademarks of NXC Corporation. © 2026 Sony Interactive Entertainment LLC. PlayStation, the PlayStation Family Mark, PS5, the PS5 logo, PS4 and the PS4 logo are registered trademarks or trademarks of Sony Interactive Entertainment Inc. Microsoft, the Xbox Sphere mark and Xbox Series X|S are trademarks of the Microsoft group of companies. © 2026 Valve Corporation. Steam and the Steam logo are trademarks and/or registered trademarks of Valve Corporation in the U.S. and/or other countries. © 2026 Epic Games, Inc. All rights reserved. Unreal, Unreal Engine and their respective logos are trademarks or registered trademarks of Epic Games, Inc. in the U.S. Patent and Trademark Office and elsewhere. NVIDIA, the NVIDIA logo and the GeForce Now logo are trademarks and/or registered trademarks of NVIDIA Corporation in the U.S. and/or other countries."
Update 6.1.0,2025.02.05,https://www.reachthefinals.com/patchnotes/611,"Update 6.1 - Bug Fixes, some balance and the First Event in the World Tour!
Season 6 kicked off with a bang, and we’re keeping up the pace with our first update of the season packed with balance changes, bug fixes, and a bold new twist in World Tour.
First up,
Update 6.1
delivers a boost to the
ARN-220
, nudging up its damage to help it hit harder in the heat of battle. While it’s not a final solution, it gives us a better read on its place in the meta. As for the
CB-01 Repeater
and the
M134 Minigun
, we’ve seen plenty of mixed opinions, but the data shows they’re landing squarely in the middle for now.
On top of that, we’ve tackled a series of bugs affecting
outfits
,
weapons
, and
core gameplay
, including one that could make your contestant invisible, and another that prevented players from shooting after respawning. There’s still work to do, and we’re tracking down any lingering issues.
World Tour Continues - Risk & Reward
But that’s not all. This week also marks the next
World Tour stop
:
Risk & Reward
. In this twist,
eliminations no longer have fixed payouts
, instead, your
cash earned depends on your weapon of choice
. Play it safe with an
AKM or M11
and earn just $200 per elimination, or go big with a
Spear or M26
and rake in a cool $1000. It’s a high-risk, high-reward showdown which is perfect for testing your nerve and shaking up your strategy.
Featured Arenas
:
Las Vegas Stadium
Skyway Stadium
Kyoto
Fortune Stadium
Thanks for being part of the chaos. We’re just getting started.

Now, let’s dig into everything coming in
Update 6.1
!
Balance Changes
Weapons
ARN-220
Increased damage from 15 to 17
Dev Note: The ARN has not performed as well as we initially expected since its release so this change is a small nudge to make it more effective. We’re not 100% sure this solves its effectiveness, but it should help while we dig further into the performance data and figure out how else we might want to improve it
Dev Note: We’d also like to note that we’ve seen some mixed initial feedback on both the CB-01 and M134 Minigun, with feedback varying a lot from player to player. Right now, the performance data we have suggests both weapons are performing somewhat ‘in the middle of the pack’, and because of this we’re not going to rush out any changes to these weapons in 6.1. Instead, we’ll give them a little more time to settle into the meta and will then check again on how they’re performing once players have had more time to adapt to them.
Content and Bug Fixes
Characters & Customization
Fixed an issue when current outfits created prior to Season 6 could get duplicated when the game was updated to Version 6.0.
Dev Note: We still see that duplicates can appear after creating outfits inside the game, we have fixed one potential cause and will be on the look out for more.
Fixed an issue where certain combinations of cosmetics could render them invisible
Fixed an issue where the deletion of a created outfit could lead to unexpected results
Fixed an issue where billboards showing off contestants would not have the correct outfit if it was changed in the lobby prior to the round starting
Fixed the requirement for the Amethyst 'Cash Earned' player card badge as it was being handed out incorrectly.
Dev Note: This means that if you were part of the players who got the badge while it was bugged, you will no longer have it
Controller
Fixed an issue where you could not navigate away from the “feedback sent” screen with a controller
Game Play
Fixed an issue where contestants were not able to shoot after respawning
Dev Note:
We believe that we have found and fixed one of the more common “can’t shoot bugs”. We are still hard at work fixing any remaining cases as we might not have caught them all just yet.
Fixed an issue where sights attached to a weapon would get a faulty texture if combined with certain skins
Fixed an issue where weapons could get offset in aim down sight, obscuring the screen
Maps
Practice Range
Updated practice range trophy with S5 leaderboards
Private Matches
Cleaned up Game Mode Information screen to only show relevant information
Cleaned up Lobby Creation screen to only show relevant fields
Rendering
Fix motion blur artifacts for some Intel and AMD GPUs
Social
Fixed support for anonymous and streamer mode in World Tour and Ranked Tournaments
UI
Fixed background images looking stretched in some screens
Weapons
M134 Minigun
Fixed the missing aim assist when using a controller.
Security and Anti-cheat
Added Hardware Tester.
More information here:
https://id.embark.games/the-finals/support/faq/105-hardware-tester-window

THE FINALS © 2022-2026 Embark Studios AB. THE FINALS and EMBARK trademarks and logos are trademarks or registered trademarks of Embark Studios AB. NEXON trademark and logo are trademarks or registered trademarks of NXC Corporation. © 2026 Sony Interactive Entertainment LLC. PlayStation, the PlayStation Family Mark, PS5, the PS5 logo, PS4 and the PS4 logo are registered trademarks or trademarks of Sony Interactive Entertainment Inc. Microsoft, the Xbox Sphere mark and Xbox Series X|S are trademarks of the Microsoft group of companies. © 2026 Valve Corporation. Steam and the Steam logo are trademarks and/or registered trademarks of Valve Corporation in the U.S. and/or other countries. © 2026 Epic Games, Inc. All rights reserved. Unreal, Unreal Engine and their respective logos are trademarks or registered trademarks of Epic Games, Inc. in the U.S. Patent and Trademark Office and elsewhere. NVIDIA, the NVIDIA logo and the GeForce Now logo are trademarks and/or registered trademarks of NVIDIA Corporation in the U.S. and/or other countries."
Store Update 6.1.0,2025.03.12,https://www.reachthefinals.com/patchnotes/610,"Store Update 6.1.0
The first store update of Season 6 is here, and it’s bringing the heat - introducing the Stryker Grid Set, brought to you by IVADA!
When the system is rigged, rewrite the rules.
If the bright orange colors are a bit too vibrant for your taste, we’ve still got you covered with the Drift Shot Set, offering precision, power, and perfect control.
Following this store update, we are also working on version 6.1.1, which we aim to release tomorrow. This will be an update focused on resolving the most troubling bugs introduced since the release of Season 6 - more on that tomorrow!
Now, let’s check out this week’s store:

THE FINALS © 2022-2026 Embark Studios AB. THE FINALS and EMBARK trademarks and logos are trademarks or registered trademarks of Embark Studios AB. NEXON trademark and logo are trademarks or registered trademarks of NXC Corporation. © 2026 Sony Interactive Entertainment LLC. PlayStation, the PlayStation Family Mark, PS5, the PS5 logo, PS4 and the PS4 logo are registered trademarks or trademarks of Sony Interactive Entertainment Inc. Microsoft, the Xbox Sphere mark and Xbox Series X|S are trademarks of the Microsoft group of companies. © 2026 Valve Corporation. Steam and the Steam logo are trademarks and/or registered trademarks of Valve Corporation in the U.S. and/or other countries. © 2026 Epic Games, Inc. All rights reserved. Unreal, Unreal Engine and their respective logos are trademarks or registered trademarks of Epic Games, Inc. in the U.S. Patent and Trademark Office and elsewhere. NVIDIA, the NVIDIA logo and the GeForce Now logo are trademarks and/or registered trademarks of NVIDIA Corporation in the U.S. and/or other countries."
Welcome to Season 6,2025.03.20,https://www.reachthefinals.com/patchnotes/600,"WELCOME TO SEASON 6: RISING STARS

To the sound of a minigun revving into action and to the thunderous roar of the viewers watching from the stands we are proud to announce that the wait is over. THE FINALS Season 6 has arrived!
The season brings new ways to compete, an updated arsenal to utilize when impressing the Sponsors, and more ways than ever to climb the ranks!  Whether you’re here for the chaotic coinbath of our expanded game modes on more arenas than ever before, the striking new Battle Pass, or the new Weapons (yes, that is an assault rifle with double magazines), this Season is packed with style, action and generational plays to be made!
Here’s everything you need to know as you step into Season 6: RISING STARS:
TEAM DEATHMATCH IS HERE TO STAY
Team Deathmatch (TDM) is now a permanent Quickplay mode for Season 6. The 5v5 coinbath is back, and has expanded to six (yes, six!) Arenas, so you can now play it in:
Fortune Stadium
Seoul
SYS$HORIZON
Las Vegas
Kyoto
Skyway Stadium
Jump into Quick Play, fight for a leaderboard spot, and earn progression rewards (more on that below!) as you compete for fame, fortune, and Fans!
POWER SHIFT EXPANDS TO NEW ARENAS

Platform pushers rejoice! You can now smash your way through Bernal and Las Vegas Stadium for a fresh challenge!
Alongside some adjustments to platform mechanics, we hope our beloved Power Shifters will have an even better time in these new Arenas!
Your chariot awaits - get ON the objective!
QUICKPLAY PROGRESSION
Starting today, whenever you play any of the Quickplay game modes: Quick Cash, Team Deathmatch, Terminal Attack, or Power Shift, you will earn Quickplay Points to increase your Quickplay Level, which you can advance over the course of the Season to get unique rewards!
You will earn points regardless of the match outcome (like World Tour), but victories will reward you with even more!  Whether you are playing casually or grinding for the top, every match counts toward your seasonal progress!
LAS VEGAS STADIUM – A REIMAGINED CLASSIC

Season 6 transforms the Las Vegas Arena into a championship stadium, fully redesigned for better movement, cleaner sightlines, and smoother combat flow!
Each Sponsor has put their own unique stamp on the Arena by taking over the casinos and branding them to fit their own architectural aesthetic.
The Stadium has loaded, the crowd is cheering - are you ready to face the competition?
NEW WEAPONS AND SIGHTS

This season introduces three powerful new weapons, ensuring fresh strategies for every playstyle.
LIGHT | ARN-220
The lightweight contender’s best friend! This zippy assault rifle keeps you in the fight with lightning-fast reloads thanks to its secondary magazine. With a smooth recoil and a blistering fire rate, it’s built to shred mid-range targets before they know what hit ‘em!
MEDIUM | CB-01 Repeater
This hard-hitting lever-action rifle is built for precision. Empty the clip, snap in a speed-loader, and get back to landing high-caliber shots in no time! High risk, high reward!
HEAVY |  M134 Minigun
A bullet-spewing beast with an insane fire rate and massive ammo reserves. Hold down the fort, spin up the barrel, and let it rip. Just don’t expect to run anywhere fast!
Whether you prefer speed, accuracy, or destructive firepower, there is something for you to excel with!
For those of you with a penchant for optimized aiming, we’re also introducing a complete arsenal of new sights for a variety of weapons - see the full list in the detailed notes!
BATTLE PASS – RISING TO LEGENDARY STATUS
The RISING STARS Battle Pass brings 106 rewards inspired by the Golden Age of sports entertainment. Outfits, emotes, and more let you transform from an underdog to a championship legend.
Premium Battle Pass
Earn 1,575 Multibucks, enough to get next season’s pass plus extras
Free Track
Unlock 26 rewards, including Multibucks and outfits
Remember your plays are only as iconic as the outfit you made them in, so get your grind on!
SIGN YOUR SPONSOR

This Season you’ll pledge your loyalty to one of three Sponsors by signing your performance and fans over to them! Whether you’re an addicted juice head, a tech fanatic or just a fan of an optimized home defense system - you’ve got the perfect lineup to choose from this season!
OSPUZE
Pop. Pour. Perform.
OSPUZE was created with one goal in mind: Total Liquid Domination, and with OSPUZE, overpowering everyone and everything in the Arena has never been easier. You’ll only need a few sips to remind the audience why you always come first. And once you start, you’ll never need to stop. Why would anyone want to stop winning?
CEO Sofia Petronelle is known to be a one-of-a-kind business icon. Under her relentless command, OSPUZE is now offering sponsorships to Contestants in Season 6 of THE FINALS! Not too many at once.
ALFA ACTA
Maximize Firepower, Minimize Risk
ALFA ACTA is all about proactive protection. If you’re looking to neutralize any threat, then Junior McJohnson shares your way of thinking. New to THE FINALS’ Contestant sponsorship program, anyone signing with ALFA ACTA is not only brandishing their virtual firepower, but brandishing it proudly. Whether you go guns blazing, or lock down the whole place, just know that ALFA ACTA has all the tools you need to get the job done.
CEO Junior McJohnson made the most of his family’s legacy of defense technology. Whether it be virtual combat sponsorships, or meatspace contracting, he’s expanded ALFA ACTA into the major player it is today. He’d make his gun-toting ancestors proud.
ENGIMO
Beyond Boundaries, Within Reach
Renowned for its cutting-edge communication infrastructure, ENGIMO seamlessly bridges the gap between the physical and digital worlds, ensuring unparalleled speed and accessibility. In Season 6, connect to fans around the world through their Sponsorship.
CEO Ichikawa Natsume is a trailblazer, and ENGIMO’s connective technology is her frontier. To make ENGIMO the worldwide giant that it is today, she had to strive forth and define the next generation herself. Her signature dragonfly brooch serves as a testament to the company's commitment to swift, boundary-defying solutions.
CUSTOMIZE THE HOUSE DOWN
Passion for fashion? Coming to Season 6, you can mix and match cosmetics however you like across all Builds and save up to 24 outfits at any time!
No more manually equipping each item. Just pick an outfit and apply it instantly!
Mix, match, and test looks with all items so you can meticulously craft the best look the gameshow has ever seen, without sacrificing your hard-earned Multibucks before you are ready to hit the Arena!
If you forget to equip an outfit before a match, you will have one last chance to swap it on the loadout selection screen before the game begins!
PLENTY MORE IN STORE
The Store has received a major overhaul, making it both better-looking and more functional!
With categories for a wide variety of tastes, it’ll be sure to help you find your style!
What’s more, the new preview feature now allows you to see animations on weapon skins before purchasing!
PRACTICE MAKES PERFECT
The Practice Range has been upgraded with new and improved Dummies, or as we like to call them now, Smarties! We’ve improved our dummies that react to your loadout just like real Contestants!
This allows you to test mechanics in a whole new way, on dummies with slightly bigger brains!
IMPROVED PRIVATE MATCHES & SPECTATOR MODE
Private Matches now have more customization options! In addition to selecting Arenas and Modes, you can now configure weather, variants, and Game Show Events!
Lobby leaders can now organize the lobby by dragging players to teams, making it much easier to arrange matches!
Spectator Mode has seen huge improvements! Character outlines allow spectators to track players through structures with team-colored outlines and custom camera locations let spectators save up to nine camera angles for instant swaps, making it easier to follow the action.
“Watching the action from above, you understand it better than most.” - Valkyria
EXPANDED STREAMER MODE & PRIVACY OPTIONS
New privacy options have been added!
Anonymous Mode hides your display name, clan tag, rank score, and tournament seed from all players in a match.
Streamer Mode applies the same privacy settings to all other players on your screen to make sharing your game safer than ever!
Check out these new options and more in the Settings menu!
“Sometimes, it’s better if your opponents don’t know who they’re dealing with. They’ll know your name when this is over.” - Valkyria
NEW BODY TYPES FOR HEAVY
Bringing new body choices to the game has been in the works for a while now and it’s a huge undertaking! This Season, we’re debuting the first new options for Heavy!
Stay tuned for future updates as we work to bring more options to all the builds!
A SOUNDTRACK BUILT FOR CHAMPIONS
Season 6 includes six new tracks, blending disco-inspired beats, brutal bass, and high-energy synths to match the intensity of the Arena.
Listen to the album now!
AND SO MUCH MORE!
Season 6 also comes with a new round of World Tour stops brought to you by our generous sponsors, new career badges, new item mastery levels, and the much requested sorry emote! We’ve also added richer information to the status of your friends on the social tab, so you’ll who’s ready to party!
We’ve also adjusted the way new players earn VRs to help them ramp up into the game faster and have lowered the VR prices on some of the older loadout options to fast track green Contestants into the loadout of their dreams!
GET READY TO BE A RISING STAR
This is your season to shine. With Team Deathmatch, Power Shift expansions, new weapons, and a loaded Battle Pass, Season 6 is set to be one of the most exciting yet.
The Arena is waiting. Step up and claim your place among the legends.

Balance Changes
Gadgets
Anti-Gravity Cube
Decreased cooldown from 40s to 35s
Increased effect radius from 3.5m to 4m
APS Turret
Decreased damage taken per projectile destroyed from 40%to 31.25% of total health, meaning a full health APS can now block 4 projectiles instead of 3
Dev Note: APS usage has dropped considerably since we moved to having blocked projectiles consume the deployable’s health. This change nudges the APS’s power slightly, hopefully making it a slightly more popular choice than it is today
Data Reshaper
Decreased ammo count from 3 to 2
Dev Note: In the last round of buffs for the Data Reshaper, it became a very effective counter to Specializations like the Guardian Turret and other long cooldown deployables due to its improved usability. The cost of using the Reshaper’s ammo, versus how long it could make the opponent’s Turret unavailable due to cooldown, didn’t feel balanced With that new usage, the cost to use the Reshaper (up to the full duration) was minimal. By lowering the maximum ammo count we’re hoping to even things out.
Glitch Grenade
Decreased the fuse time from 1.8s to 1.5s
Dev Note: This change should help Glitch Grenade feel more responsive, and slightly more desirable to use.
Gravity Vortex
Increased the maximum duration of the vortex from 8s to 10s
Increased the minimum duration of the vortex from 5s to 7s
Decreased throw velocity from 16.5m/s to 15m/s
Increased projectile gravity modifier from 1 to 1.7, giving the projectile a steeper arc
Therefore, maximum throw distance decreased from around 29m to around 15m
Dev Note: We’ve felt the Gravity Vortex has been a little underused versus what we would expect, these changes aim to buff its impact slightly while avoiding scenarios where it might be thrown as a longer ranged ‘grenade’ rather than be used as a trap.
Tracking Dart
Increased tracking duration on targets from 10s to 13s
Dev Note: This is a small buff for the Tracking Dart to hopefully make it slightly more desirable as a Gadget pick
Arena Canisters
Explosive Canisters
Reduced the fuse time of the Explosive Canisters, so they will detonate sooner and more reliably
Dev Note: The previous fuse time for Explosive Canisters was set a long time ago, in part because the canisters did more damage back then and also because we liked some of the random impact we’d get from them bouncing off of walls. Today though, with their lower damage, we feel the longer fuse time was just hurting usability and reliability, especially for new players.
Specializations
Cloaking Device
Increased ‘Cloak Max Blend’ from 1.5 to 1.75, making cloaked players slightly more visible to others
Increased ‘Delay Before Transitioning Into Cloak’ from 0 to 0.5s, increasing the time it takes to for a player to disappear
Increased the ‘First Person Cloak Multiplier’ from 0.9 to 1.0, meaning the cloaking effect in first-person view will more accurately represent the cloaking effect seen in third-person view
Dev Note: We know that some players find the Cloaking Device very frustrating to face since we increased its duration, but we really like that the previous changes to it pushed it more towards giving players a sneaky style of play, rather than using it for straight-up evasion in combat. To try and address player feedback, while retaining this playstyle, these changes have been made to make Cloaked players more visible when moving, hopefully nudging them to use it even more as a ‘hide and seek’ style of play, rather than something more run-and-gun.
Winch Claw
Increased max range from 10m to 12m
Added scaling of the stun duration versus Weapons and Gadgets, based on the distance to the target player, meaning long range hooks stun for slightly longer than short range hits
Increased the maximum Weapon/Gadget stun duration on targets hit at max range from 0.55s to 0.65s
Added minimum Weapon/Gadget stun duration on targets hit at min range (3m or less) of 0.3s
The Winch Claw stun effect changes described here impact Weapons and Gadgets only. Specializations are always impacted for a fixed stun duration, which is a different value. That value is unchanged from what it was before.
Dev Note: We feel the last round of changes we made to the Winch Claw were maybe a little too aggressive and limited the use cases for it, as a result, we’ve buffed the ranged capability this time around. To offset this, we’ve made the micro stun duration for the Winch Claw more dynamic, adjusting its duration based on the range of the pull. We think this will make the Claw slightly less frustrating for players hit by it, while at the same time buffing the range for Winch Claw players.
Weapons
AKM
Improved recoil interpolation, making the weapon feel slightly smoother when it recoils. This does not change the underlying recoil pattern, only some of the first-person camera movement
Dev Note: This is purely a quality of life change to make the weapon feel nicer to use.
CL-40
Increased the size of the inner blast radius radius from 30cm to 60cm, meaning it should now be easier to do maximum damage
Increased the speed of the grenade projectile from 35m/s to 42m/s
Decreased the projectile gravity modifier from 1 to 0.9, giving projectiles a slightly flatter arc
Dev Note: The CL-40 feels slightly underused to us compared to other weapons, so this is a small buff in its effectiveness to try and make it more desirable.
Dagger
Increased damage of regular attacks from 50 to 60
Increased the damage of non-backstab secondary attacks from 50 to 75
Damage with backstab secondary attacks remains at 320 damage
Dev Note: This small buff to base damage is intended to make the weapon’s attacks, other than backstab, slightly more viable for combat in certain situations.
FAMAS
Improved recoil interpolation, making the weapon feel slightly smoother when it recoils. This does not change the underlying recoil pattern, only some of the first-person camera movement
Dev Note: This is purely a quality of life change to make the weapon feel nicer to use.
FCAR
Decreased recoil intensity for bullets 5-7 in the firing sequence, making the weapon slightly more stable
Dev Note: This is a very small improvement to the FCAR’s recoil pattern, without changing the overall pattern, with the goal of making the weapon slightly more steady and easier to use early in the firing sequence.
KS-23
Decreased pump-action duration from 0.82s to 0.7s, allowing the gun to fire faster.
This change effectively increases the KS-23’s fire rate from 73RPM to 85RPM
Dev Note: This small buff is aimed at improving the usability and competitiveness of the weapon.
LH1
Decreased damage from 46 to 40
Dev Note: The LH1 has been a very strong performer this season, even at closer ranges, which we didn’t fully intend it to be. This change to its damage is aimed at addressing that and also bringing it more in line with other weapons’ performance.
M11
Increased damage falloff max range from 15m to 17.5m, giving the weapon a slightly longer effective range
Decreased damage falloff multiplier from 0.62 to 0.52, meaning the weapon now does slightly less damage at range
Dev Note: The M11 has been outperforming a number of longer ranged weapons, which was not intended. This small adjustment should make it slightly less effective at longer ranges, but increase the ‘effective range’ slightly.
M60
Increased damage from 19 to 20
Increased damage falloff max range from 32m to 35m, giving the weapon a slightly longer effective range
Increased damage falloff multiplier from 0.4 to 0.5, meaning the weapon now does slightly more damage at range
Dev Note: Compared to the Lewis Gun and ShAK-50, the M60 has been underperforming. These buffs aim to hopefully bring it closer to those weapons in its effectiveness.
Pike-556
Decreased damage falloff minimum range from 50m to 45m, giving the weapon a slightly shorter effective range
Decreased damage falloff max range from 55m to 50m, giving the weapon a slightly shorter effective range
Decreased damage falloff multiplier from 0.85 to 0.75, meaning the weapon now does slightly less damage at range
Significantly reduced the amount of visual recoil experienced when aiming-down-sights, causing the bullets to land closer to where your reticle indicates
Dev Note: We want to bring it back in line with other weapons and we feel these reductions to its effective range should help achieve that. We also noticed it had a stronger visual recoil than other weapons, which has been reduced to make playing the weapon feel slightly nicer.
SA1216
Decreased pellet count from 13 to 12
Therefore, total damage per shot decreased from 78 to 72 (due to pellet count change)
Increased damage falloff minimum range from 10m to 12.5m, giving the weapon a slightly longer effective range
Increased damage falloff max range from 15m to 20m, giving the weapon a slightly longer effective range
Pellet pattern has been adjusted, to move it towards a better closer-range role after the removal of a pellet
Added a new element to the ammunition HUD that shows the number of ‘feed modules’ the weapon has and how many have been used, to make it clearer when the player has rotated the magazine. This same HUD element is also used for the new ARN-220 with its dual magazines.
Dev Note: The SA1216 has been a strong performer for some time now, including being effective at slightly longer ranges than we’d intended. This changes lower the overall damage potential of the weapon, especially at range, but to preserve some of the feel of the weapon we’ve slightly extended the effective range to somewhat offset the damage reduction
XP-54
Increased damage from 16 to 17
Increased damage falloff minimum range from 20m to 22.5m, giving the weapon a slightly longer effective range
Increased damage falloff max range from 30m to 32.5m, giving the weapon a slightly longer effective range
Decreased damage falloff multiplier from 0.62 to 0.52, meaning the weapon now does slightly less damage at range
Dev Notes: In Season 5 the XP-54 has underperformed compared to weapons like the M11, this change aims to address that.
Content and Bug Fixes
Animation
Made all transitions to aim down sight while sprinting feel much smoother
Quick Melee animations now show properly while vaulting
Fixed an issue where melee animations could be missing or look incorrect while attacking during the motion of swapping to an item
Fixed an animation issue when reloading prior to interacting with Cashouts and statues
Fixed an issue that caused reload animations to continue while being pulled by the Winch Claw
Fixed an animation issue that could occur when players are pulled by the Winch Claw while vaulting
Fixed an issue where interrupting looped reload animations could look incorrect
Fixed an issue where the spawn animation would sometimes not trigger when spawning
Fixed an animation issue when deploying weapons after performing a ledge catch motion
Throwing knives will now always play the standard deploy animation in between shots to avoid disorienting motions
Added animations to several primary weapons available for purchase in the customization menu
Fixed an animation blend issue when transitioning from a ladder straight to vaulting
Fixed an animation issue which made the player’s arms look strange while throwing a Goo Grenade with certain skins equipped
Fixed an issue where players would see static legs in first person or other players stuck in a ""death pose""
Fixed an issue with single fire weapons that could lead to being stuck in infinite reload animations
Fixed an issue with the Recurve Bow clipping into the camera when vaulting on objects
Fixed an issue where the character’s fingers could blend badly during the slow motion sequence in the end of a round
Fixed an issue where the player’s animations could freeze when trying to interact with something immediately after a successful interaction was just completed
Made animations flow more smoothly when going from a vaulting animation to a firing sequence or aiming down sights
Audio
Reset the player’s Music Playlist to play the Season 6 Soundtrack, for a fresh introduction to the new theme and vibe.  Players can easily turn it back to their preferences again through the Playlist menu
Controller
Fixed ""Unbound"" text that was shown in the inventory HUD when the ""Equipment Cycling"" gamepad preset was being used
Gadgets
APS
Fixed an issue where, if the APS Turret was attached to a liftable object and was being carried by a player, a sphere of invisible collision would block all bullets being fired near the APS
Dev Note:This change is a bug fix to collision and will not affect the gameplay of the APS
Gravity Vortex
Custom skins now stay applied when thrown
Gameplay
Interactions with statues and Cashouts should now be much less likely to be incorrectly interrupted at the start of the interaction
Added ‘Sorry’ as an emote option
Dev Note: Sorry for taking so long!
Free-fly camera now ignores camera direction, meaning pressing the spacebar will always make the camera ascend vertically relative to the map
Fixed carried objects sometimes incorrectly clipping into the player head when held above the player
Fixed issue where the player’s held weapon was slow to start firing after dropping an object
Players using invisibility will now be uncloaked when directly hit by the flamethrower
Fixed a rare issue where players would lose respawn tokens when being revived
Fixed issues with enemy outlines sometimes not having the correct color
Fixed an issue where players could enter a “flying mode” after a ladder interaction
Fixed an issue with autosprint not triggering after respawning
Crosshair is now disabled correctly when emoting
Fixed a rare bug where outlines would show up as friendly on enemy contestants
Grenade throwing is now properly canceled when interacting with items
Fixed issue where using the last ammo of an item and picking up an object directly after would always make it drop again
Potential fix for a stubborn issue where Aim Down Sight suddenly stopped working
Fixed an issue where players could have the wrong item equipped when respawning
Game Modes
General
Gameshow Event duration is now shown in the HUD
Fixed a bug where players would not be able to pick their full loadout selection when backfilling into a match
Resolved issues where vaults spawning mid-game would not be highlighted
Bank It
Removed Bank It from the Quick Play menu for now as TDM takes its place. Bank It will still be available in Private Matches
Dev Note: Bank It is unfortunately our least played mode and often struggles with a very small population of players due to that lack of popularity. With the addition of TDM to the game, which has similar gameplay but has proven to be much more popular, we feel now is the right time to take Bank It out of rotation, to make sure we don’t split the playerbase between too many modes. Bank It will remain available in Private Matches and may return for events in future, but to ensure the best quality matches across our modes, it will no longer be a base game mode.
Ranked Cashout
Updates the scoreboard and Tournament overview screen in Ranked Tournaments. Previously shown information such as the seeding of other teams, other players Rank Score, or other players gameplay scores (such as combat score) will not be presented to players before or during the match. This change is intended to prevent previously-seen behaviours where teams would use this information to target/avoid specific opponents, and would monitor the status of opposing players through the leaderboard instead of scouting physically. And so, players will now need to use scouting or learn from past encounters to gain more information about opposing teams, as originally intended. Ranks and seedings will be shown to players after they are eliminated from the tournament.
TDM
TDM added to the Quick Play menu as a base mode
Now available on
Fortune Stadium
Seoul
SYS$HORIZON
Las Vegas
Kyoto
Skyway Stadium
Revamped visuals for the HUD
Players are now forced to spawn after being dead for an extended period of time, to prevent griefing
Cashout
Fixed an issue that could occasionally cause teams to respawn too close to objectives
Power Shift
Goo no longer slows down the platform
Slightly adjusted the speed at which the platform moves based on the amount of players on it
1 player: 8.33% faster
2 players: 3.33% faster
3 players: same speed
Dev note: Goo slowing down the platform in Power Shift was a mechanic that a lot of players didn't know about and could inadvertently hinder you and your team. The concept of ""weighing down the platform"" could potentially be an interesting dynamic element, but we feel it’s more important that the platform and its locomotion are more reliable and intuitive than anything else, hence the removal of this mechanic.
We see that quite a lot of Power Shift matches get ""stuck"" near the middle of the platform’s route. By slightly increasing the speed for 1 and 2 players on the platform, we hope to see a more dynamic back-and-forth along more sections of the path.
Slightly adjusted the path in Skyway Stadium near the Medical Center so the bridge no longer clips with the platform when open
Maps
Terminal Attack Tutorial
Fixed issue where players could throw the goo barrel out of bounds and brick the tutorial
General
Updated the collision of industrial beams to better match their visuals
Made it possible to vault on and have Goo interacting with the pillars of outdoor lifts
Elevator doors are now able to be destroyed
Slightly increased the distance that the map border effect becomes visible, making it easier to see to players approaching the edge of the playable space
Fixed issue where doors could be opened by walking backwards into them
Bernal
Fixed visible seam in landscape
Fixed a gap in one of the roads for better traversal
Fixed issue where gadgets could be moved underground when attached to the corkscrew platform
Kyoto
Performance improvements
Fixed an issue where players could get stuck between a rock and a hard place (a wooden beam) below the Cliffside building
Las Vegas Stadium
This new version of Las Vegas comes with a total rework of destruction to help optimize the map further
SYS$Horizon
Fixed shadow rendering issues on buildings for improved visual clarity
Made minor adjustments to the voxel bridge connecting the Art Gallery and Library so players can smoothly walk up the steps
Fixed an issue where the glitched visuals around trees would block projectiles
Skyway Stadium
Fixed a floating sign
Fixed an issue with flashing lights under an elevator
Player Customization
The Multi-Mood Mask and Affection Display cosmetics now work with body paint
The Wise-Wing Jumper poncho now has cloth-like properties
Fixed an issue where the character’s hands and props in the Player Card would misalign
Slight visual improvements to Player Card
Added new weapon animations in the customization screen
Fixed weapon inspects and deploy animations that would occasionally reset to default after being customized
Private Matches & Spectator
Added the ability to manually configure team compositions in the lobby
Added the ability to change Arena even after the lobby has been created
Private matches no longer wait for spectators to successfully connect to the match before starting
Added the ability to choose map condition, map variant, and mid-round event from the private lobby menu
Added Team Deathmatch
The info bar at the bottom of the screen for dedicated spectator in private matches has had a facelift with some QoL changes
Fixed an issue where squad names were not being randomised properly
Rendering
Fixed an issue that caused distant contestants to appear blurry and smear in movement
Speculative fix for missing gas from gas grenades and mines after being out of view
Fixed the look of the sniper bullet trail to be less thick and bright,returning to the original and intended look.
Settings
Added a separate category for spectator keybinds in the Settings menu
Specializations
Blocked the ability to pick up objects during the slam in Charge'N'Slam
Fixed an issue where an excessive amount of “healing completed” sounds would play when swapping targets
Stability & Performance
Fixed many of the most common crashes
Added GPU Utilization to the in-game performance overlay
UI
Added the ability to inspect weapon skin animations in the store and weapons customization screen
Removed Ranked Score from the Player Card
Improved and expanded Rich Presence in the Friends list to better display the current status of friends and the status of their party
VoIP now correctly displays the player’s name next to the speaker icon while talking
Build number now displays in uppercase monospace font for better clarity and separation of letters
Fixed double notifications when someone is kicked from a private match lobby
Fixed issues where the player would lose input focus when exiting out of the settings menu after being respawned
Resolved issues where progression on items would incorrectly show that they were leveling up in the end-of-round screen even when they had already reached max level
Fixed the club tag appearing in the wrong color in the event log
Fixed an issue where rewards could remain on the screen until the end of the reward summary sequence
Fixed an issue where the wrong items and characters could appear in the main lobby screen
VFX
Made the spawn sequence shorter and less intrusive to reduce the time when running blind
Weapons
General
Updated many of the weapon overview statistics to improve consistency of stats across weapon types.
Flamethrower
Fixed issue where Flamethrower would sometimes visually merge together with other items, making both unusable
Sights
Holographic:
ARN-220
AKM
Famas
CB-01
LH1
M60
Lewis Gun
M11
XP-54
Matter
Looking Glass:
ShAK
ARN-220
AKM
Famas
FCAR
CB-01
LH1
M60
Lewis Gun
XP-54
Matter
Model 1887
Adder Reflex:
ShAK
ARN-220
AKM
Famas
FCAR
CB-01
LH1
M60
Lewis Gun
XP-54
Matter
Compact Reflector:
ShAK
ARN-220
Famas
FCAR
CB-01
XP-54
Security and Anti-cheat
Improved messaging for AHK violations
Refined detection systems
Implemented hardware bans

THE FINALS © 2022-2026 Embark Studios AB. THE FINALS and EMBARK trademarks and logos are trademarks or registered trademarks of Embark Studios AB. NEXON trademark and logo are trademarks or registered trademarks of NXC Corporation. © 2026 Sony Interactive Entertainment LLC. PlayStation, the PlayStation Family Mark, PS5, the PS5 logo, PS4 and the PS4 logo are registered trademarks or trademarks of Sony Interactive Entertainment Inc. Microsoft, the Xbox Sphere mark and Xbox Series X|S are trademarks of the Microsoft group of companies. © 2026 Valve Corporation. Steam and the Steam logo are trademarks and/or registered trademarks of Valve Corporation in the U.S. and/or other countries. © 2026 Epic Games, Inc. All rights reserved. Unreal, Unreal Engine and their respective logos are trademarks or registered trademarks of Epic Games, Inc. in the U.S. Patent and Trademark Office and elsewhere. NVIDIA, the NVIDIA logo and the GeForce Now logo are trademarks and/or registered trademarks of NVIDIA Corporation in the U.S. and/or other countries."
SEASON 6: RISING STARS,2025.03.10,https://www.reachthefinals.com/patchnotes/s6teaser,"DAY 1
| THE COUNTDOWN BEGINS
The official Season 6 Teaser Premiere! The countdown officially starts now:

THE COUNTDOWN BEGINS
The Arena never waits. The Contestants never sleep. And right now, the gears of Season 6 are spooling up as we get ready to rapid-fire all the new and exciting content coming to THE FINALS in Season 6!
Over the next ten days, we’re lifting the curtain on the newest, most electrifying content.
The countdown starts now, and trust us, you don’t want to miss a second of what’s coming next.
READY? SET? LET’S GO.
From now until the Season 6 launch date,
every single day
will bring fresh reveals, big and small, and it all kicks off today: Check out our Youtube channel, where the
Premiere chat of the
Official Season 6 Teaser
is open! Whether you’re here for the theories, the overanalyzing, or just the thrill of it all, this Teaser is where it begins.
The reveals will come fast  and the excitement is only going up from here. The countdown is on for launch!
WHAT’S COMING? EVERYTHING.
This season is packed with game-changers, so let’s talk spoilers. Not all of them, of course. But just enough to get your heart racing.
As usual, we’ve got new sponsors stepping into the spotlight, some familiar, some fresh, and all of them ready to shake things up! Of course, the Season 6 soundtrack is bringing absolute heat, and we can’t wait to share a part of that early, too!
We’re bringing in brand-new weapons because what’s a new season without a few more ways to make an impact? There are changes and additions to game modes, a remixed version of a classic map that will have you seeing an old favorite in a whole new way, and of course, ways to take your style to the next level. If you thought your drip was maxed out,
think again
.
THE FINAL SHOWDOWN BEFORE LAUNCH
The countdown doesn’t stop at reveals. Before launch, we’re inviting some of our content creators to go hands-on with Season 6 in an exclusive preview event. This is where you’ll get to see it all in action before you jump in yourself! It all goes down the day before the official release – tune in!
RISING STARS
We’re on the road to a brand new Season! As you scramble for rank and fit those last World Tour sessions of Season 5 to snag those Emerald prizes, you can check back here, keep an eye on our socials, and even join the conversation in
Discord
so when Season 6 hits, you are ready for the stadium lights!
March 20th is coming fast!
Stay locked in. Stay ready. THE FINALS Season 6 is about to begin!

DAY 2
| TEASER
Watch the official Teaser of Season 6 here:

DAY 3
| MORE FIREPOWER TO YA!
Today’s drop is all about the new Weapons entering into play in Season 6! This time around, every build gets a new toy, so let’s unwrap them and see what’s in store:

LIGHT
| ARN-220
The lightweight contender’s best friend! This zippy assault rifle keeps you in the fight with lightning-fast reloads thanks to its secondary magazine. With a smooth recoil and a blistering fire rate, it’s built to shred mid-range targets before they know what hit ‘em!
MEDIUM
| CB-01 Repeater
This hard-hitting lever-action rifle is built for precision. Empty the clip, snap in a speed-loader, and get back to landing high-caliber shots in no time! High risk, high reward!
HEAVY
|  M134 Minigun
A bullet-spewing beast with an insane fire rate and massive ammo reserves. Hold down the fort, spin up the barrel, and let it rip. Just don’t expect to run anywhere fast!

DAY 4
| Meet the Sponsors

Today we introduce you to some new and familiar faces as we celebrate the Sponsors of Season 6: OSPUZE, ALFA ACTA, and ENGIMO!
These powerhouses are determined to make every contestant a RISING STAR! All you need to do is sign on the contract and all your gameplay and fans will soar under their banner. You’ll be backed by their brand, geared up, decked out, and completely loyal for the entire season!
Let’s meet the CEOs!

DAY 5
|
Las Vegas Stadium
Season 6 comes with a new twist on an old favorite! Las Vegas Stadium is a full-scale transformation of the original Las Vegas map. Reimagined as a championship arena, with our seasonal Sponsors taking over the casinos and turning them into massive, branded venues. We also took the opportunity to refine gameplay by reducing visual clutter,  especially in interior spaces, making main routes cleaner and more readable, enhancing navigation and flow.
Let’s take a closer look:

Brought to you by…
Las Vegas Stadium is all about style, identity, and competition. This time around, the Sponsors have claimed their territory! Each one has taken over a casino, influencing it  with their own unique architectural twist:
ALFA ACTA
Brutalist and stark, the weapons defense company has chosen concrete and wooden elements to fortify and strengthen their fortress.
OSPUZE
Drink in the ambiance of this energy drink powerhouse while you fight in their modern playground of plastics, neon signs, and animated billboards.
ENGIMO
This cutting-edge communications company introduces pulsing cables and pipes that run through hallways, adding an electrifying atmosphere.
Time to traverse!
Fast, fluid movement is key in THE FINALS, and this Arena was revamped with the Contestant in mind. We’ve removed unnecessary clutter to optimize key areas and keep combat snappy and the fights more readable.
Expect:
Cleaner routes
More obvious entry and exit points to help you navigate
Better interior flow
No more getting stuck on excess objects or tight spaces
Polished design
A refined feel that makes every match smoother and more engaging
Try it soon!
We can’t wait to see how you impress the Sponsors and make your mark on this all-new take on Vegas in Season 6 of THE FINALS!
Join the Preview Event on the 19th for a chance to knock it all down a day early.
Sign up here!
And don’t worry, the original Las Vegas Arena isn’t gone forever, it will return!
(Edit: Las Vegas Sandstorm will remain in the game!)
SEE YOU IN THE ARENA!

DAY 6
| POWER SHIFT

Today we are happy to announce the expansion of Power Shift, with two new maps added to the rotation:
Bernal and Las Vegas Stadium!
We can’t wait to see you push the platform through these new locations starting on March 20th when the RISING STARS season drops…or a day early if you make it to the preview event!
Enjoy the routes!
See you back here tomorrow for another weekend reveal!

DAY 7
| Meet the Music
Today we’re debuting
Into The Unknown
, a song from the Season 6 Soundtrack for THE FINALS!
This season, Carl Strandberg, Olof Strömqvist, Ed Hargrave and Christopher Peduru-Aratchi worked together to bring you six tracks designed to ready you for the bright lights of the Arena by infusing attitude, glamour and destruction. You’ll find a blend of fast and brutal beats along with slow and gentle moments that should give you all THE FINALS feels!

Here are the tracks:
Introducing
A True Competitor
Star Player
Into The Unknown
Gold Standard
Tides Of Fortune
The music genres that inspire THE FINALS have a lot in common with its worldbuilding. This season, you’ll find throwbacks to disco with a dark twist, along with more modern sounds. The gameshow often honors the past with various locations and looks to capture the feeling through music, architecture, and style.
Season 6 also comes with a sporty vibe, so expect luscious pads, fat distorted basses, key raises, drum solos, guitar solos, synth solos and all of those extravagant, fun, and groovy parts!
Have a listen to this track and keep an eye out for the full OST to drop alongside the season!

DAY 8
| Team Deathmatch
Team Deathmatch is here to stay! This 5v5 coinbath is making a return in Season 6, a perfect playground to impress the Sponsors!

You’ll be able to play TDM in Quick Play all season long, fight for a spot on the leaderboard, and it will also be included in our Quick Play progression…more on that later!
We’re expanding the mode to include four new maps, so you can bring the carnage and the coinage to more Arenas than ever before!
Arenas:
Fortune Stadium
Seoul
SYS$HORIZON
Las Vegas
Kyoto
Skyway Stadium
Let the coins fly!

DAY 9
| The Battle Pass

Step into the Arena and listen for the roar of the crowd! This season, THE FINALS presents a Battle Pass for RISING STARS, inspired by the golden era of sports entertainment.
These rewards will help players climb from unknown contenders to legendary champions, decked out in bold, high-energy styles that bring back the best looks of a bygone era!
The Aesthetic
Every great athlete starts as an underdog. This Battle Pass reflects that journey, taking players from fresh-faced hopefuls to esports icons, with a style harkens back to the golden age of sports entertainment!
This season’s aesthetic draws heavy influence from the 80s and 90s sports entertainment world, an era when competition was larger than life.
What to Expect
106 Rewards and 1575 Multibucks up for grabs when you purchase the Premium Battle Pass! That’s enough Multibucks to buy the next one and something shiny to show off in the Arena!
Want to keep it free? You’ll still be able to unlock 26 rewards, including outfits!
Bonus for today
If you missed it, check out Oscar’s Community update video discussing more changes coming with Season 6:

See you tomorrow for the Preview Event?

DAY 10
| Seasonal Vignette

Today we are debuting the Seasonal Vignette! Scotty and June are here to walk you through everything coming to Season 6 and to welcome you officially to the season of RISING STARS!
Season 6 starts tomorrow!
But in the meantime,
Tune in today, March 19, at 17:45 CET
to join Gustav Tilleby and Oscar Lundberg live on
Youtube
and
Twitch
to talk about the road to Season 6, followed by our 2 hour live preview event where Oscar and THiiXY will play the new season and show you everything that awaits.

NEXT |
SEASON 6 IS HERE!
Thank you for following this blog and coming along with us on this journey to Season 6!

THE FINALS © 2022-2026 Embark Studios AB. THE FINALS and EMBARK trademarks and logos are trademarks or registered trademarks of Embark Studios AB. NEXON trademark and logo are trademarks or registered trademarks of NXC Corporation. © 2026 Sony Interactive Entertainment LLC. PlayStation, the PlayStation Family Mark, PS5, the PS5 logo, PS4 and the PS4 logo are registered trademarks or trademarks of Sony Interactive Entertainment Inc. Microsoft, the Xbox Sphere mark and Xbox Series X|S are trademarks of the Microsoft group of companies. © 2026 Valve Corporation. Steam and the Steam logo are trademarks and/or registered trademarks of Valve Corporation in the U.S. and/or other countries. © 2026 Epic Games, Inc. All rights reserved. Unreal, Unreal Engine and their respective logos are trademarks or registered trademarks of Epic Games, Inc. in the U.S. Patent and Trademark Office and elsewhere. NVIDIA, the NVIDIA logo and the GeForce Now logo are trademarks and/or registered trademarks of NVIDIA Corporation in the U.S. and/or other countries."
Store Update 5.13.0,2025.03.12,https://www.reachthefinals.com/patchnotes/5130,"Store Update 5.13.0
While we ready the Arena for a brand new season, the show much go on! Enjoy this week’s store update!
Sorry for the corny puns…

THE FINALS © 2022-2026 Embark Studios AB. THE FINALS and EMBARK trademarks and logos are trademarks or registered trademarks of Embark Studios AB. NEXON trademark and logo are trademarks or registered trademarks of NXC Corporation. © 2026 Sony Interactive Entertainment LLC. PlayStation, the PlayStation Family Mark, PS5, the PS5 logo, PS4 and the PS4 logo are registered trademarks or trademarks of Sony Interactive Entertainment Inc. Microsoft, the Xbox Sphere mark and Xbox Series X|S are trademarks of the Microsoft group of companies. © 2026 Valve Corporation. Steam and the Steam logo are trademarks and/or registered trademarks of Valve Corporation in the U.S. and/or other countries. © 2026 Epic Games, Inc. All rights reserved. Unreal, Unreal Engine and their respective logos are trademarks or registered trademarks of Epic Games, Inc. in the U.S. Patent and Trademark Office and elsewhere. NVIDIA, the NVIDIA logo and the GeForce Now logo are trademarks and/or registered trademarks of NVIDIA Corporation in the U.S. and/or other countries."
Hotfix 5.12.1,2025.03.06,https://www.reachthefinals.com/patchnotes/5121,"We’ve pushed a patch for PC players only, that will fix a rare but game-breaking crash for select players. Hopefully, with this small update, anyone affected should be able to play again now!

THE FINALS © 2022-2026 Embark Studios AB. THE FINALS and EMBARK trademarks and logos are trademarks or registered trademarks of Embark Studios AB. NEXON trademark and logo are trademarks or registered trademarks of NXC Corporation. © 2026 Sony Interactive Entertainment LLC. PlayStation, the PlayStation Family Mark, PS5, the PS5 logo, PS4 and the PS4 logo are registered trademarks or trademarks of Sony Interactive Entertainment Inc. Microsoft, the Xbox Sphere mark and Xbox Series X|S are trademarks of the Microsoft group of companies. © 2026 Valve Corporation. Steam and the Steam logo are trademarks and/or registered trademarks of Valve Corporation in the U.S. and/or other countries. © 2026 Epic Games, Inc. All rights reserved. Unreal, Unreal Engine and their respective logos are trademarks or registered trademarks of Epic Games, Inc. in the U.S. Patent and Trademark Office and elsewhere. NVIDIA, the NVIDIA logo and the GeForce Now logo are trademarks and/or registered trademarks of NVIDIA Corporation in the U.S. and/or other countries."
World Tour: Sponsor Showdown,2025.03.06,https://www.reachthefinals.com/patchnotes/wt5120,"SPONSOR SHOWDOWN
The CNS situation has finally been handled and it’s time for our Sponsor Showdown!
During these last two weeks of the Season our sponsors will be fighting for control of our Arenas, map by map, hour by hour!
You’ll earn championship points for your sponsor by earning Fans for each game you play, across all game modes, and the look and branding of each map will change based on the outcome of your matches.
Will The Arena’s be painted in VAIIYA White, DISSUN Red or ISEUL-T Blue? It’s all up to you and how well you fare against the competition, Contestants!
Remember, the Sponsors are counting on you!

HOW IT WORKS
The Sponsor battle that has been raging all season has determined the starting points for the Showdown Standings:
VAIIYA takes the lead with 80 points to start
DISSUN in second place with 40 points
ISEUL-T in third place starts at 20 points
Each day, in each Arena, sponsors compete to earn the most Fans. The Fan Score displayed is the total Fans earned per Sponsor per round played by the sponsor's contestants, with the score being calculated and updated each hour.
At the end of every 24-hour period, sponsors will add points to their Showdown Standings based on their performance in each Arena location. For every map, the Fponsor with the most earned Fans will get 3 points, followed by 2 points for second place, and 1 point for third.
All game modes count, so you can add to your sponsor's Standing by playing any mode, not just the World Tour.
All Arenas are in play!
REWARDS
All players who competed in Season 5 will receive a reward at the start of Season 6 from the sponsor who wins the Sponsor Showdown.
Whether you’re a believer in VAIIYA’s top of the line security system, a DISSUN-fueled powerhouse contestant, or ISEUL-T’s most fashionable - this is your time to make your sponsor proud!

THE FINALS © 2022-2026 Embark Studios AB. THE FINALS and EMBARK trademarks and logos are trademarks or registered trademarks of Embark Studios AB. NEXON trademark and logo are trademarks or registered trademarks of NXC Corporation. © 2026 Sony Interactive Entertainment LLC. PlayStation, the PlayStation Family Mark, PS5, the PS5 logo, PS4 and the PS4 logo are registered trademarks or trademarks of Sony Interactive Entertainment Inc. Microsoft, the Xbox Sphere mark and Xbox Series X|S are trademarks of the Microsoft group of companies. © 2026 Valve Corporation. Steam and the Steam logo are trademarks and/or registered trademarks of Valve Corporation in the U.S. and/or other countries. © 2026 Epic Games, Inc. All rights reserved. Unreal, Unreal Engine and their respective logos are trademarks or registered trademarks of Epic Games, Inc. in the U.S. Patent and Trademark Office and elsewhere. NVIDIA, the NVIDIA logo and the GeForce Now logo are trademarks and/or registered trademarks of NVIDIA Corporation in the U.S. and/or other countries."
Update 5.12.0,2025.03.06,https://www.reachthefinals.com/patchnotes/5120,"Update 5.12.0
After a short delay this week…
It’s time to say goodbye to the TDM event but today we say hello to the
Bonus XP Fiesta
! From now until the end of the season, you’ll rack up 200% XP for Daily Contracts and up to 150% XP and Fans earned for gameplay!
This week we have a few balance changes and bug fixes to check out below! Finally, the store has a fresh new update:

Balance Changes
Weapons
Model 1887
Increased damage from 11 to 12 per pellet
Decreased the duration of the lever-action animation from 0.85s to 0.8s, effectively increasing the weapon’s fire rate from 70RPM to 75RPM
Dev Note: Having now had time to analyse the Model’s performance on live, following our last round of balance changes, we feel we’ve maybe weakened the weapon a little too much. These changes should nudge it back to a better place.
Recurve Bow
Increased damage per shot, when the bow is at max draw, from 120 to 124. The base damage per shot remains at 60 damage
Content and Bug Fixes
Animation
Fixed an issue where the Spear’s secondary animation wouldn’t play if activated right after using up all the charges of the previously equipped item
Fixed an issue where the impact animation would continuously play after blocking a shot with the Riot Shield
Cosmetics
Victory Shade Set
Now loops and overwrites colors continuously instead of stopping after 10 eliminations
Fixed an issue where team colors wouldn’t update when changing colorblindness settings or toggling Use Enemy Color
Concrete Smoke Model 1887 Skin
Fixed an issue where the left hand would remain static in mid-air when playing the Prairie Twirl Deploy Animation
Gameplay
Fixed an issue that could cause objects to have collision and be invisible if they were destroyed and dematerialized during the same frame
Fixed a bug where the wrong item would be equipped after getting glitched and the item would be unusable
Fixed an issue where attempting to use a Weapon or Gadget immediately after swapping could activate the previously equipped item instead
Fixed an issue where swapping to your Specialization would immediately switch back to your Weapon
Fixed issue where ADS would stop working
Maps
Kyoto
Small Kyoto destruction tweak to enhance server performance
Lowered bamboo stump heights when broken to help with traversal
Fixed an issue where vaults could continuously fall through floor due to the inability to find a solid surface to rest on
Bernal
Updated the thickness of cinder block walls for smoother traversal
Fortune Stadium
Adjusted collision on beams in the Mall to prevent players from getting stuck in wedge-shaped collisions
Practice Range
Fixed an issue where the trophies were incorrectly labeled
Fixed an issue where all bots could incorrectly appear as friendlies or enemies
Skyway Stadium
Fixed an issue where players could walk on invisible collision underneath the ground in the Hotels area
Las Vegas
Slightly adjusted the jump pad and a player spawn between Glamora and Eastwood casinos for improved flow
Performance & Stability
Fixed a rare crash in the animation system
Added support for AMD Anti-Lag 2
Improved performance for players experiencing issues due to large friend lists
Rendering
Enhanced high and epic-quality reflections in game intro sequences
Fixed an issue where an unintended post-process effect could sometimes appear on player cards
Settings
Added a ""No AA"" resolution scaling option that completely disables anti-aliasing and temporal resolution scaling
Fixed an issue where certain video options, including 120Hz mode, would reset to default on Xbox after restarting the game
Fixed an issue where certain input devices or buttons could cause duplicated inputs, preventing players from equipping their specialization by triggering the swap function twice
Security and Anti-cheat
Improved detections
Store
In addition to this week's store rotation, we’ve added a .50 Akimbo skin, Monochrome Edge, to the customization menu
UI
Fixed a rare issue where squad members would sometimes not appear in the bottom-left widget and scoreboard during a match

THE FINALS © 2022-2026 Embark Studios AB. THE FINALS and EMBARK trademarks and logos are trademarks or registered trademarks of Embark Studios AB. NEXON trademark and logo are trademarks or registered trademarks of NXC Corporation. © 2026 Sony Interactive Entertainment LLC. PlayStation, the PlayStation Family Mark, PS5, the PS5 logo, PS4 and the PS4 logo are registered trademarks or trademarks of Sony Interactive Entertainment Inc. Microsoft, the Xbox Sphere mark and Xbox Series X|S are trademarks of the Microsoft group of companies. © 2026 Valve Corporation. Steam and the Steam logo are trademarks and/or registered trademarks of Valve Corporation in the U.S. and/or other countries. © 2026 Epic Games, Inc. All rights reserved. Unreal, Unreal Engine and their respective logos are trademarks or registered trademarks of Epic Games, Inc. in the U.S. Patent and Trademark Office and elsewhere. NVIDIA, the NVIDIA logo and the GeForce Now logo are trademarks and/or registered trademarks of NVIDIA Corporation in the U.S. and/or other countries."
THE FINALS: THE ROAD TO ESPORTS,"THE FINALS © 2022-2026 Embark Studios AB. THE FINALS and EMBARK trademarks and logos are trademarks or registered trademarks of Embark Studios AB. NEXON trademark and logo are trademarks or registered trademarks of NXC Corporation. © 2026 Sony Interactive Entertainment LLC. PlayStation, the PlayStation Family Mark, PS5, the PS5 logo, PS4 and the PS4 logo are registered trademarks or trademarks of Sony Interactive Entertainment Inc. Microsoft, the Xbox Sphere mark and Xbox Series X|S are trademarks of the Microsoft group of companies. © 2026 Valve Corporation. Steam and the Steam logo are trademarks and/or registered trademarks of Valve Corporation in the U.S. and/or other countries. © 2026 Epic Games, Inc. All rights reserved. Unreal, Unreal Engine and their respective logos are trademarks or registered trademarks of Epic Games, Inc. in the U.S. Patent and Trademark Office and elsewhere. NVIDIA, the NVIDIA logo and the GeForce Now logo are trademarks and/or registered trademarks of NVIDIA Corporation in the U.S. and/or other countries.",https://www.reachthefinals.com/patchnotes/rte1,"By Oscar Lundberg

Hey Contestants,
Following our announcement in December: THE FINALS is officially on the road to esports!
It’s time to get serious!

THE MAJOR: WHAT YOU NEED TO KNOW
$100,000 Prize Pool
Q4 2025
Open Qualifiers –
Anyone Can Compete!
In-Person LAN Event
We’re ready to start sharing the journey ahead!
WHAT’S NEXT?
Esports has always been a natural fit for THE FINALS. It’s the
World’s Greatest Combat Entertainment Gameshow
, after all. We’re in the process of ensuring the game is
ready
to support high-level competition.
Coming during Season 6:
Enhanced Private Match Experience
:  More control for players and organizers
Upgraded Spectator Mode
: A better viewing experience for fans and analysts
Ranked Tournament Privacy Settings
: UI and HUD adjustments for fairer and more balanced matches, seeding and rank concealed until the end of match
These updates are just the beginning. We’re finalizing details on the competitive format, qualifier structure, and more. So stay tuned for the next edition of this
Road to Esports
blog series with the next big reveals.
GET READY TO COMPETE!
It's time to get your team together!
It's time to practice!
It's time to get excited!
THE FINALS is on the Road to esports - SEE YOU IN THE MAJOR!
~Oscar

THE FINALS © 2022-2026 Embark Studios AB. THE FINALS and EMBARK trademarks and logos are trademarks or registered trademarks of Embark Studios AB. NEXON trademark and logo are trademarks or registered trademarks of NXC Corporation. © 2026 Sony Interactive Entertainment LLC. PlayStation, the PlayStation Family Mark, PS5, the PS5 logo, PS4 and the PS4 logo are registered trademarks or trademarks of Sony Interactive Entertainment Inc. Microsoft, the Xbox Sphere mark and Xbox Series X|S are trademarks of the Microsoft group of companies. © 2026 Valve Corporation. Steam and the Steam logo are trademarks and/or registered trademarks of Valve Corporation in the U.S. and/or other countries. © 2026 Epic Games, Inc. All rights reserved. Unreal, Unreal Engine and their respective logos are trademarks or registered trademarks of Epic Games, Inc. in the U.S. Patent and Trademark Office and elsewhere. NVIDIA, the NVIDIA logo and the GeForce Now logo are trademarks and/or registered trademarks of NVIDIA Corporation in the U.S. and/or other countries."
..::S::..,2025.02.27,https://www.reachthefinals.com/patchnotes/wt5110,"oVERRIDE cOMPLETE . . .

2025.02.27

THE FINALS © 2022-2026 Embark Studios AB. THE FINALS and EMBARK trademarks and logos are trademarks or registered trademarks of Embark Studios AB. NEXON trademark and logo are trademarks or registered trademarks of NXC Corporation. © 2026 Sony Interactive Entertainment LLC. PlayStation, the PlayStation Family Mark, PS5, the PS5 logo, PS4 and the PS4 logo are registered trademarks or trademarks of Sony Interactive Entertainment Inc. Microsoft, the Xbox Sphere mark and Xbox Series X|S are trademarks of the Microsoft group of companies. © 2026 Valve Corporation. Steam and the Steam logo are trademarks and/or registered trademarks of Valve Corporation in the U.S. and/or other countries. © 2026 Epic Games, Inc. All rights reserved. Unreal, Unreal Engine and their respective logos are trademarks or registered trademarks of Epic Games, Inc. in the U.S. Patent and Trademark Office and elsewhere. NVIDIA, the NVIDIA logo and the GeForce Now logo are trademarks and/or registered trademarks of NVIDIA Corporation in the U.S. and/or other countries."
Store Update 5.11.0,2025.02.26,https://www.reachthefinals.com/patchnotes/5110,"Store Update 5.11.0
Look the part while you climb the ranks! This week’s Store Update is ready for you!

THE FINALS © 2022-2026 Embark Studios AB. THE FINALS and EMBARK trademarks and logos are trademarks or registered trademarks of Embark Studios AB. NEXON trademark and logo are trademarks or registered trademarks of NXC Corporation. © 2026 Sony Interactive Entertainment LLC. PlayStation, the PlayStation Family Mark, PS5, the PS5 logo, PS4 and the PS4 logo are registered trademarks or trademarks of Sony Interactive Entertainment Inc. Microsoft, the Xbox Sphere mark and Xbox Series X|S are trademarks of the Microsoft group of companies. © 2026 Valve Corporation. Steam and the Steam logo are trademarks and/or registered trademarks of Valve Corporation in the U.S. and/or other countries. © 2026 Epic Games, Inc. All rights reserved. Unreal, Unreal Engine and their respective logos are trademarks or registered trademarks of Epic Games, Inc. in the U.S. Patent and Trademark Office and elsewhere. NVIDIA, the NVIDIA logo and the GeForce Now logo are trademarks and/or registered trademarks of NVIDIA Corporation in the U.S. and/or other countries."
..::N::..,2025.02.20,https://www.reachthefinals.com/patchnotes/wt5100,"THE FINALS © 2022-2026 Embark Studios AB. THE FINALS and EMBARK trademarks and logos are trademarks or registered trademarks of Embark Studios AB. NEXON trademark and logo are trademarks or registered trademarks of NXC Corporation. © 2026 Sony Interactive Entertainment LLC. PlayStation, the PlayStation Family Mark, PS5, the PS5 logo, PS4 and the PS4 logo are registered trademarks or trademarks of Sony Interactive Entertainment Inc. Microsoft, the Xbox Sphere mark and Xbox Series X|S are trademarks of the Microsoft group of companies. © 2026 Valve Corporation. Steam and the Steam logo are trademarks and/or registered trademarks of Valve Corporation in the U.S. and/or other countries. © 2026 Epic Games, Inc. All rights reserved. Unreal, Unreal Engine and their respective logos are trademarks or registered trademarks of Epic Games, Inc. in the U.S. Patent and Trademark Office and elsewhere. NVIDIA, the NVIDIA logo and the GeForce Now logo are trademarks and/or registered trademarks of NVIDIA Corporation in the U.S. and/or other countries."
Update 5.10.0,2025.02.19,https://www.reachthefinals.com/patchnotes/5100,"Balance changes and an AMA
In this update, the Stun Gun has been temporarily removed as we begin a full rework to refine its role as a true crowd control tool. This change is aimed at improving gameplay balance, especially for new players. Check the attached dev note for more details!
Also of note, we’ve been closely investigating server performance for some time, recognizing that it hasn’t been meeting expectations. After thorough analysis, we believe we’ve identified a key issue, and this fix should significantly improve the experience for a large number of players.
That said, our work isn’t done. We’re committed to making ongoing improvements and will continue rolling out fixes as we identify further opportunities for optimization.
Thank you for your feedback and reports, community input has been invaluable in helping us refine the experience. Please keep sharing your observations, and let us know if you experience a difference after this update.
Join Our AMA!
If you’re looking for real-time interaction with the devs, we’ll be hosting an AMA over on r/thefinals tonight, where some of our directors will be answering your burning questions. Drop by live or
post your questions now
and check back later to see if you got an answer!
And of course, this update comes with fresh new items in the store. Go check them out!

Balance Changes
Gadgets
Breach Charge
Decreased priming time from 1.9s to 1.5s
Dev Note: With the change to three ammo, the Charge's priming time now feels a bit slow for its projectile count. This adjustment aims to improve that.
Frag Grenade
Decreased ammo from 2 to 1
Decreased damage from 150 to 140
Increased environmental damage from 600 to 900
Dev Note: Frag Grenades have been outperforming the RPG-7 in damage, ammo, and cooldown, which isn’t ideal. We also recognize that grenades can be a pain point for players. These adjustments aim to bring grenades more in line with other explosives while slightly buffing their impact on the environment.
Additionally, our goal is to increase the readability of grenades in the future, which should help alleviate some of the frustration. When that update arrives, we’ll revisit these changes and make any necessary adjustments.
Stun Gun
Temporarily disabled the Stun Gun’, pending a re-work that will release some time during season 6
Dev Note: The Stun Gun has long been a major pain point for players. Despite multiple adjustments, it remains overly punishing for those on the receiving end.
The gadget was always intended to be primarily for crowd control. However, it instead functions too often as a tool to secure a kill, leaving little room for counterplay. This is especially problematic for new players, as early encounters with the Stun Gun can be frustrating enough to impact their experience and desire to continue playing. To keep the game engaging and fair for all, we need to fix this.
After careful evaluation, we’ve made the call to fully rework the Stun Gun. Our goal is to refine its mechanics, visuals, and overall clarity so that when encountered in the Arena, its role is clear, fair, and impactful. To do this properly, we’re temporarily removing the Stun Gun while we work on delivering a better version that matches our vision.
All progression, skins and unlocks will carry over to the new version of the Stun Gun when it returns
. For now, the gadget will be unavailable while we build a true crowd control tool that benefits the whole team and enables clutch plays, without the frustrations that held it back.
We hope to be able to put an improved Stun Gun back into your hands as soon as possible.
Weapons
General
We’ve improved animation timing so that manual actions (such as lever-action or pump-action sequences) now play more quickly after a quick melee attack, reducing dead time between actions. The impact of this change varies depending on the weapon’s specific animation set
Dev Note: Our fix for the manual action cancel exploit unintentionally made these weapons feel less responsive. This update should help improve that. We’re still reviewing manual actions and looking for ways to make them smoother while keeping them balanced.
Content and Bug Fixes
Animation
Fixed a rare case where contestants would be stuck in a T-pose when emoting
Audio
Added headshot elimination sound
Characters
We've updated the hand model to a new, improved version that looks significantly more realistic and detailed, enhancing the overall immersion
Controller
Fixed an issue where controller navigation would stop working in the main menu for party members who were not the party leader
Fixed an issue where controller navigation was broken in the Recently Played With tab
Cosmetics
Fixed hairstyle compatibility with the following cosmetics
Cabalgata Bolero
Ballad Brim Headwear
Multi-Mood Mask
Gameplay
Fixed an issue where destroying certain friendly gadgets incorrectly granted combat score
Resolved issues preventing item use, including weapons not dealing damage and grenades failing to explode
Doors now open automatically at lower sprint speeds, making movement smoother
Cashouts can now be vaulted and climbed on
Fixed an issue where some grenades and projectiles (e.g., Dome Shield, Anti-Gravity Grenade, Goo Projectiles) were larger than intended
Fixed a bug that could cause extreme respawn timer values for teams
Tournament modes
Fixed an issue where, upon elimination in later tournament rounds, loadout changes could sometimes be overwritten
Bernal
Fixed dark reflections in the foggy weather setting
Adjusted the angle of a rooftop tile that appeared walkable but was too steep to climb
Fixed two instances where multiple doors were overlapping in the same location
Kyoto
Kyoto destruction fix. Increased the floor’s resistance to impulse damage
Power Shift: Fixed an issue where players on the Bamboo Forest side would sometimes spawn in the wrong location at the start of the round
Skyway Stadium
Fixed the floating props in the market
Settings
Updated AMD FSR resolution scaling method to version 3.1.3 (not including Frame Generation which is still being worked on)
Specializations
Winch Claw
Updated the underlying physics of pulled objects, which should make their behaviour more consistent when dragged by the Winch Claw
Reduced the amount of physics force-pulled objects can apply to world objects, preventing them from launching items like Cashout Stations across long distances
Dev Note: We've seen players creatively using the Winch Claw to launch objects, sometimes sending Cashout Stations hundreds of meters across the map. While we love the ingenuity, this can disrupt game pacing and make stealing nearly impossible. These changes retain the core gameplay but limit how far objectives can be launched, keeping the flow of the game mode balanced.
Stability & Performance
Fixed a case where some world textures would remain blurry even though there was enough video memory to stream in higher quality
Server performance enhancement
UI
Fixed an issue where some elements of the player cards were not rendered correctly
Fixed an issue where chat messages from club members displayed with double brackets
Updated the gamepad inventory layout for the following presets: Equipment Wheel, Modifier Button Equipping, and Directional Equipping. The new layout better matches the actual gamepad controls. If customized bindings no longer align with the new layout, it will revert to the previous horizontal layout
Fixed an issue where the Play button incorrectly displayed ""World Tour"" when matchmaking into a different mode
VFX
Fixed an issue where particle effects such as masks could persist on the ground after a contestant was eliminated
Fixed an issue where indestructible objects did not display a visual effect on melee impact to indicate their indestructibility
Security and Anti-cheat
Resolved EAC and OBS incompatibility issue for versions 30.1 and above
Resolved EAC and Windows 24H2 incompatibility
General improvements and detections enhancements

THE FINALS © 2022-2026 Embark Studios AB. THE FINALS and EMBARK trademarks and logos are trademarks or registered trademarks of Embark Studios AB. NEXON trademark and logo are trademarks or registered trademarks of NXC Corporation. © 2026 Sony Interactive Entertainment LLC. PlayStation, the PlayStation Family Mark, PS5, the PS5 logo, PS4 and the PS4 logo are registered trademarks or trademarks of Sony Interactive Entertainment Inc. Microsoft, the Xbox Sphere mark and Xbox Series X|S are trademarks of the Microsoft group of companies. © 2026 Valve Corporation. Steam and the Steam logo are trademarks and/or registered trademarks of Valve Corporation in the U.S. and/or other countries. © 2026 Epic Games, Inc. All rights reserved. Unreal, Unreal Engine and their respective logos are trademarks or registered trademarks of Epic Games, Inc. in the U.S. Patent and Trademark Office and elsewhere. NVIDIA, the NVIDIA logo and the GeForce Now logo are trademarks and/or registered trademarks of NVIDIA Corporation in the U.S. and/or other countries."
.W.O.R.L.D..T.O.U.R..A.N.D..T.D.M.,2025.02.14,https://www.reachthefinals.com/patchnotes/wt590,"THE FINALS © 2022-2026 Embark Studios AB. THE FINALS and EMBARK trademarks and logos are trademarks or registered trademarks of Embark Studios AB. NEXON trademark and logo are trademarks or registered trademarks of NXC Corporation. © 2026 Sony Interactive Entertainment LLC. PlayStation, the PlayStation Family Mark, PS5, the PS5 logo, PS4 and the PS4 logo are registered trademarks or trademarks of Sony Interactive Entertainment Inc. Microsoft, the Xbox Sphere mark and Xbox Series X|S are trademarks of the Microsoft group of companies. © 2026 Valve Corporation. Steam and the Steam logo are trademarks and/or registered trademarks of Valve Corporation in the U.S. and/or other countries. © 2026 Epic Games, Inc. All rights reserved. Unreal, Unreal Engine and their respective logos are trademarks or registered trademarks of Epic Games, Inc. in the U.S. Patent and Trademark Office and elsewhere. NVIDIA, the NVIDIA logo and the GeForce Now logo are trademarks and/or registered trademarks of NVIDIA Corporation in the U.S. and/or other countries."
Update 5.9.0,2025.02.12,https://www.reachthefinals.com/patchnotes/590,"A New Balance Cadence and Store Update
This week, we have a store update and a special message about balance changes and our new goal. Make sure to check it out below, along with a few tweaks to weapons in this update!

Balance Changes
We want to take a moment to acknowledge some of the recent frustrations around the frequency of balance changes. At the end of Season 3, we adjusted our balance cadence from a demanding weekly schedule to a more structured approach, aligning the majority of balance changes with the start and middle of each season. Our goal was to create a more stable experience for players while also giving our dev team the time needed to properly assess and test changes before making adjustments.
That said, the current pace feels a bit too slow, and we understand how a lack of iteration has been frustrating.
Starting with Season 6, we’re shifting to a
roughly 3-week balance update schedule
. This should create a better experience for both players and our dev team, allowing for more consistent refinements. Major balance shifts will still happen at the start of each season, but balance tweaks will now be more frequent throughout.
Expect smaller, more frequent updates for the rest of Season 5 as we transition to this new approach. We appreciate your patience and feedback, it helps us continue improving the game for everyone.
With that, let’s get a head start with a few small changes in this update:
Weapons
Dagger
Decreased the backstab angle on the Dagger’s secondary attack from 180 degrees to 150
Dev Note: This change addresses concerns about the Dagger's backstab being inaccurate and the frustration around how easily it can land backstabs, seemingly from the side. With this change, this should be less of an issue.
On a related note
, we've noticed some community members testing melee mechanics in the Practice Range using target dummies. However, these dummies use slightly different hit detection logic compared to real players, making them an unreliable test for certain interactions. For example, we've seen reports of players landing melee hits on dummies while facing away from them. This is a quirk of the dummies and does not apply to actual players.
To improve testing accuracy, we plan to replace the current target dummies with updated versions soon. This will ensure that the dummies provide more reliable feedback, especially for testing certain Gadgets. However, this change will take some time and testing before it is ready to deploy.
KS-23
Increased min damage falloff multiplier from 0.6 to 0.7, meaning the weapon now does slightly more damage at long-range
Decreased bullet dispersion when aiming down sights to increase accuracy in the majority of different stances (such as crouching, running, etc.)
Dev Notes: The KS-23 has been struggling after the recent fixes to ‘manual actions’ in Update 5.8. We recognize that these changes had an unintended negative impact on its performance, and we want to make sure it feels more viable in gameplay.
With this update, we’re making some adjustments to help the KS-23 get back on track. This isn’t the last step; we’ll continue monitoring its performance and exploring additional ways to improve if needed.

THE FINALS © 2022-2026 Embark Studios AB. THE FINALS and EMBARK trademarks and logos are trademarks or registered trademarks of Embark Studios AB. NEXON trademark and logo are trademarks or registered trademarks of NXC Corporation. © 2026 Sony Interactive Entertainment LLC. PlayStation, the PlayStation Family Mark, PS5, the PS5 logo, PS4 and the PS4 logo are registered trademarks or trademarks of Sony Interactive Entertainment Inc. Microsoft, the Xbox Sphere mark and Xbox Series X|S are trademarks of the Microsoft group of companies. © 2026 Valve Corporation. Steam and the Steam logo are trademarks and/or registered trademarks of Valve Corporation in the U.S. and/or other countries. © 2026 Epic Games, Inc. All rights reserved. Unreal, Unreal Engine and their respective logos are trademarks or registered trademarks of Epic Games, Inc. in the U.S. Patent and Trademark Office and elsewhere. NVIDIA, the NVIDIA logo and the GeForce Now logo are trademarks and/or registered trademarks of NVIDIA Corporation in the U.S. and/or other countries."
Hotfix 5.8.1,2025.02.07,https://www.reachthefinals.com/patchnotes/581,"Stupid Cupid!
We’ve just pushed a hotfix in order to correct an error in the Wheel of Love daily contracts, which were not giving the same amount of daily XP.
Bug Fixes:
Increased XP given for daily contracts from 2500 to 5000 for the remainder of the Wheel of Love event
Fixed a bug where players would sometimes end up in the wrong server region

THE FINALS © 2022-2026 Embark Studios AB. THE FINALS and EMBARK trademarks and logos are trademarks or registered trademarks of Embark Studios AB. NEXON trademark and logo are trademarks or registered trademarks of NXC Corporation. © 2026 Sony Interactive Entertainment LLC. PlayStation, the PlayStation Family Mark, PS5, the PS5 logo, PS4 and the PS4 logo are registered trademarks or trademarks of Sony Interactive Entertainment Inc. Microsoft, the Xbox Sphere mark and Xbox Series X|S are trademarks of the Microsoft group of companies. © 2026 Valve Corporation. Steam and the Steam logo are trademarks and/or registered trademarks of Valve Corporation in the U.S. and/or other countries. © 2026 Epic Games, Inc. All rights reserved. Unreal, Unreal Engine and their respective logos are trademarks or registered trademarks of Epic Games, Inc. in the U.S. Patent and Trademark Office and elsewhere. NVIDIA, the NVIDIA logo and the GeForce Now logo are trademarks and/or registered trademarks of NVIDIA Corporation in the U.S. and/or other countries."
World Tour: Love Hurts,2025.02.06,https://www.reachthefinals.com/patchnotes/wt580,"Roses are red, violets are blue, get eliminated and drop a bomb or two!
This week, DISSUN is celebrating Valentine’s Day with an explosive twist because nothing says love like an explosion! During this stop, eliminated contestants will leave behind a heart-shaped bomb, ready to be scooped up and sent flying. Toss it quickly before it detonates and let your opponents feel the heartbreak!
Whether you’re spreading the love or dodging it, one thing’s for sure: heartbreak hits harder this Valentine’s!

ARENAS:
Kyoto Wintery Valentine’s Day
Seoul Valentine's Day
Skyway Stadium Valentine's Day
Las Vegas Valentine's Day
DISSUN: FUEL. FIRE. POWER.
Bug Fixes
Along with this Word Tour update, we also have two bug fixes to add:
Fixed a bug where players would sometimes end up in the wrong server region
Removed the ‘Eliminate 5 opponents from 30 meters or more using gadgets’ contract, as it is not working

THE FINALS © 2022-2026 Embark Studios AB. THE FINALS and EMBARK trademarks and logos are trademarks or registered trademarks of Embark Studios AB. NEXON trademark and logo are trademarks or registered trademarks of NXC Corporation. © 2026 Sony Interactive Entertainment LLC. PlayStation, the PlayStation Family Mark, PS5, the PS5 logo, PS4 and the PS4 logo are registered trademarks or trademarks of Sony Interactive Entertainment Inc. Microsoft, the Xbox Sphere mark and Xbox Series X|S are trademarks of the Microsoft group of companies. © 2026 Valve Corporation. Steam and the Steam logo are trademarks and/or registered trademarks of Valve Corporation in the U.S. and/or other countries. © 2026 Epic Games, Inc. All rights reserved. Unreal, Unreal Engine and their respective logos are trademarks or registered trademarks of Epic Games, Inc. in the U.S. Patent and Trademark Office and elsewhere. NVIDIA, the NVIDIA logo and the GeForce Now logo are trademarks and/or registered trademarks of NVIDIA Corporation in the U.S. and/or other countries."
Mid-Season Update 5.8.0,2025.02.05,https://www.reachthefinals.com/patchnotes/580,"The Season 5 Mid-Season Update is here!
Love is in the air, Contestants! As we hit the heart of the season, there are some exciting events kicking off, plus a whole slew of balance changes and fixes to keep your matches fresh, fierce, and fun.
Valentine’s Event: Spin the Wheel of Love!
Cupid's not the only one shooting arrows this season! Our Valentine’s event is live, and the
Wheel of Love
is here to steal your heart (and maybe a few wins). Earn tickets by completing daily contracts, spinning the wheel, and unlocking up to
20 charming rewards
. If you snag them all, you’ll also win the final prize: the
Heads Over Heels Set
! Not totally in love with your daily contract? Re-roll with VRs!
This time around, when you land on a duplicate item, you’ll receive a ticket part. Collect four parts to craft a new ticket for another spin! You’ll also start off with a ticket to ensure everyone gets lucky this Valentine’s Day!

Stay tuned tomorrow for the Love Hurts World Tour event for another week of heart-pounding action, with an explosive touch!
Reddit AMA Incoming!
Got burning questions about THE FINALS? Join
Rob
and the team for an
AMA on r/thefinals,
the fan-run Reddit on
February 19
. It’s your chance to dive deep, get insights, and maybe even drop that meme you’ve been saving. Please come and join us for a few hours of questions!
Stun Gun Rework on the Horizon
We hear you loud and clear: the
Stun Gun
needs some love (the other kind, not the Valentine’s kind). We’re got some plans for this gadget and will give you more insight about the road ahead in
Update 5.10.0
Patch Highlights:
Alongside the fun, we're rolling out a hefty batch of
balance changes
,
weapon tweaks
, and
bug fixes
. From adjustments to the
Lockbolt Launcher
and
Cashout mechanics
to performance boosts and UI improvements, there's something for everyone. Dive into the full notes to see how your favorite gear and strategies might shift.
Finally, check out this week’s store update full of sweet surprises to heartfelt treasures!

So, suit up, spin that Wheel of Love, and we’ll see you in the arena!
Balance Changes
Gadgets
Breach Charge
Decreased the delay between throwing multiple Breach Charges from 0.9s to 0.6s
Lockbolt Launcher
Re-enabled the ability for the Lockbolt to attach to objectives
Increased activation grace period from 0.8s to 1s, making it slightly easier to lock on to targets
Decreased the minimum pull distance from 8m to 6m, giving locked players slightly less room to maneuver
Decreased the maximum pull distance from 10m to 6m, giving locked players less room to maneuver
Increased the pull force of the Lockbolt by 50%, making it slightly harder for players to move beyond the radius of the lock’s chains
Increased the damage the Lockbolt applies to targets from 0 to 5
Added functionality that will disable the Lockbolt’s tethers if the Lockbolt is carried through a Gateway that is outside the maximum pull distance (6m)
Game Modes
Dev Note: Since our changes to deposit values in Cashout in Season 3, we’ve noticed an increasing number of teams adopting the ‘plug meta,’ where teams primarily focus on depositing Cash Boxes in World Tour and Ranked Tournaments to increase their chances of winning. While we wanted to encourage teams to focus on depositing and protecting cashouts, rather than third-partying already active cashouts, the ‘plug meta’ has become a little too common and leads to a bad teamplay experience. The changes to team wipes and deposit values, listed below, aim to nudge teams away from focusing entirely on plugging, while still reducing the incentives for third-partying.
Cashout
Decreased the percentage of cash in a Cashbox that is awarded for depositing it at the Cashout Station from ~30% to ~20%
Increased the percentage of cash in a Cashbox that is awarded for completing a cashout  from ~70% to ~80% of the Cashbox’s value
Ranked Tournament (Cashout)
Increased the amount of cash lost from a team’s total for a team wipe from 10% to 15%
Specializations
Charge N’ Slam
Decreased the damage done by the initial impact on enemies from 130 to 100
Decreased the damage done by subsequent hits on enemies from 50 to 40
Decreased the minimum damage of the ground slam, based on fall height from 80 to 50
Dev Note: The damage applied by Charge N’ Slam has been quite high for some time and is especially punishing for Light players, especially when repeatedly hit by the charge. We feel these new values offer a fairer experience
Dematerializer
Decreased the duration of dematerialized objects from 30s to 15s, causing objects to rematerialize sooner
Added the ability for the Dematerializer to remove props attached to wall segments
Dev Note: This change should mean that the Dematerializer now makes clearer holes in the environment that are easier to move through
Guardian Turret
Decreased the cooldown from 8s to 3s when manually picking up the Guardian Turret
Winch Claw
Decreased the range of the Winch Claw from 12m to 10m
Weapons
Cerberus
Increased damage from 9 to 10 per pellet
Slightly decreased the size of the pellet distribution, making the weapon more accurate
Decreased the reload time for reloading one cartridge from 2.2s to 2.1s
Decreased the reload time for reloading two cartridges from 2.4s to 2.25s
Decreased the reload time for reloading three cartridges from 2.6s to 2.45s
CL-40
Decreased the radius of the weapon’s projectile from 10cm to 5cm, making it easier to avoid accidentally hitting nearby surfaces
Decreased self-damage multiplier from 1.6 to 1.25, meaning it will now do less damage to the player using it should they accidentally hit themselves
Dev Note: While the CL-40 has been in a much better place recently than in the past, we feel these small ‘quality of life’ changes will improve the experience of using it
Dagger
Added a slight adjustment to FoV when charging up for a secondary attack, to make it clearer when the attack is at maximum charge
FAMAS
Decreased the fire rate from 230 RPM to 220 RPM
Decreased damage per bullet from 24 to 23
LH1
Decreased damage from 48 to 46
Decreased rate of fire from 280 RPM to 270 RPM
Model 1887
Decreased damage from 13 to 11 per pellet
Increased min damage falloff multiplier from 0.6 to 0.7, meaning the Model 1887 retains the same damage at max range as in update 5.7
Pike-556
Increased damage from 47 to 50
SR-84
Decreased the bolt action animation duration from 1.25s to 1.05s, slightly increasing the SR-84’s rate of fire
Increased damage from 115 to 118
Sword
Increased the length of the Sword’s secondary attack hit sweep by 55cm
Dev Note: This change reverts the change made in 4.6 and should mean the primary and secondary attacks of the Sword now have a more consistent length
Content and Bug Fixes
Animation
Fixed a bug where player animations would stutter in the intro and celebration sequences
Fixed clipping issues on ShAK-50 inspects
Fixed an issue where the character's hands looked broken after throwing the Gravity Vortex
Fixed an issue where the red dot sight for the Horizon Hammer R .357 skin wasn't aligned properly when aiming down sights
Characters & Cosmetics
Fixed the Mirrorball Mood helmet so it would not clip with facewears
Fixed the hologram effect for ISEUL-T Escape Pants and ISEUL-T Lifestyle Coat
Fixed visual fidelity of the Final Toss cosmetics
Contracts
Fixed ""Blind 2 opponents with a Flashbang"" so it would not count for teammates
Fixed an issue where some contracts were able to progress inside Private Matches
Gadgets
Lockbolt Launcher
It will deactivate if carried through a teleporter outside of the max pull range
Removed the ability for objects to be attached to the Lockbolt
Removed the ability to tether to the same object it is attached to
C4, Breach Charge, Gravity Vortex
Fixed an issue where the light indicator on the detonators was not visible on consoles
Gameplay
Improved stuttery movement on elevators and elevator doors
Fixed draw bridges to prevent stuttering when moving
Fixed an issue that allowed players to vault while being revived by Defibrillator
Improved the visual effect during respawn invulnerability to be more prominent
Fixed issue where grenades with certain skins would visually go through walls and floors
Removed the ability to bypass manual action animations (such as using a bolt action or pump-action) by interrupting them
Fixed an issue where players could get stuck between objects while falling
Fixed issue making it so that any secondary melee ability would retrigger when held
Fixed the Sword lunge not charging after a vault when holding the button down
Fixed an issue where Cashout Stations could launch way beyond their intended range when interacting with Jump Pads
Game Modes
General
Fixed a rare issue that could lead to locked black screen when reconnecting to a tournament match that just finished
Fixed an issue that prevented equipment or customization changes from appearing in-game unless the user navigated away from the screen before the match started
Fixing bug where squad respawns would ignore enemy proximity when there are no active objectives on the map
Quick Cash
Fixed an issue where you could sometimes respawn instantly
PowerShift
Fixed an issue where the wrong loadout icons could be displayed if revived while changing characters
Maps
General
Fixed an issue with billboard text looking stretched
Fixed several floating assets, clipping, and faulty collisions across all maps
Bernal
Improved fog rendering
Kyoto
Upgraded the destruction from the ground up
Each building will collapse more easily, with destruction happening on a more granular scale
Debris from collapsed structures will behave more naturally and add to the terrain
Monaco
Fixed one of the issues that could make the Cashbox fall through the ground
Fixed collision issues with some walls in the park area
Upgraded terrain to improve performance
Practice Range
Updated the trophy room to include the trophies from Season 4
Skyway Stadium
Fixed one of the issues that could make the Cashbox fall through the ground
Improved general traversal by fixing collision issues
SYS$Horizon
Fixed an issue where some pieCes of the map could be left haNging in the air when deStroyed
Fixed incorrect health value on one of the big metal apples in the Art Gallery building so it can be destructed as intended
Added some extra cover in front of and behind the Museum building
Stability & Performance
Optimized GPU load when there are a lot of effects onscreen
Resizing the game window by dragging its borders now works better and doesn't constrain it to its previous aspect ratio
Improvements to destruction performance on Monaco
Minor GPU optimizations for Low and Medium ‘Post-Processing’ Quality
Upgraded XeSS SDK to version 1.3.1
Settings
Fixed an issue with preview resolution in the video settings for Borderless Fullscreen on non-primary monitors
Fixed an issue where tooltips would not show for settings in the general options tab
Added an option to Video settings that enables an overlay with performance metrics during gameplay. Previously this overlay was only shown in the in-game video settings menu
Improved the list of available resolutions in Windowed mode. This included fixing a rounding error that resulted in odd resolutions and making sure standard 16:9 resolutions were added to the list
Specializations
Healing Beam
Added a sound to indicate the target is completely healed
UI
New loading screens!
Fixed an issue where loading screens could appear stretched when using an ultra wide monitor
Add a cooldown to the Play button to avoid matchmaking start/cancel spamming
Fixed an issue that would result in player cards not rendering for some users
Fixed an issue where players could temporarily be named PlayerName and have a partially incomplete scoreboard before the match started
Increased the number of emotes you can equip to 8
Security and Anti-Cheat
UI updates for a more transparent player messaging when using prohibited software
Use of NVIDIA Profile Inspector is no longer allowed
Improvements to anti-cheat performance and reliability

THE FINALS © 2022-2026 Embark Studios AB. THE FINALS and EMBARK trademarks and logos are trademarks or registered trademarks of Embark Studios AB. NEXON trademark and logo are trademarks or registered trademarks of NXC Corporation. © 2026 Sony Interactive Entertainment LLC. PlayStation, the PlayStation Family Mark, PS5, the PS5 logo, PS4 and the PS4 logo are registered trademarks or trademarks of Sony Interactive Entertainment Inc. Microsoft, the Xbox Sphere mark and Xbox Series X|S are trademarks of the Microsoft group of companies. © 2026 Valve Corporation. Steam and the Steam logo are trademarks and/or registered trademarks of Valve Corporation in the U.S. and/or other countries. © 2026 Epic Games, Inc. All rights reserved. Unreal, Unreal Engine and their respective logos are trademarks or registered trademarks of Epic Games, Inc. in the U.S. Patent and Trademark Office and elsewhere. NVIDIA, the NVIDIA logo and the GeForce Now logo are trademarks and/or registered trademarks of NVIDIA Corporation in the U.S. and/or other countries."
World Tour: Classic Cashout,2025.01.30,https://www.reachthefinals.com/patchnotes/wt570,"No twists. No tricks. Just pure, unfiltered competition.
DISSUN continues on the World Tour, and this week, they want to see raw skill on full display! No special modifiers this time. Just you, your squad, and the standard tournament rules. It’s time to prove who truly reigns supreme when the playing field is level.
The spotlight is on. The stakes are high. Are you ready to impress?

ARENAS:
Kyoto (Winter)
Seoul
Monaco (Winter)
Las Vegas
DISSUN: FUEL. FIRE. POWER.

THE FINALS © 2022-2026 Embark Studios AB. THE FINALS and EMBARK trademarks and logos are trademarks or registered trademarks of Embark Studios AB. NEXON trademark and logo are trademarks or registered trademarks of NXC Corporation. © 2026 Sony Interactive Entertainment LLC. PlayStation, the PlayStation Family Mark, PS5, the PS5 logo, PS4 and the PS4 logo are registered trademarks or trademarks of Sony Interactive Entertainment Inc. Microsoft, the Xbox Sphere mark and Xbox Series X|S are trademarks of the Microsoft group of companies. © 2026 Valve Corporation. Steam and the Steam logo are trademarks and/or registered trademarks of Valve Corporation in the U.S. and/or other countries. © 2026 Epic Games, Inc. All rights reserved. Unreal, Unreal Engine and their respective logos are trademarks or registered trademarks of Epic Games, Inc. in the U.S. Patent and Trademark Office and elsewhere. NVIDIA, the NVIDIA logo and the GeForce Now logo are trademarks and/or registered trademarks of NVIDIA Corporation in the U.S. and/or other countries."
Store Update 5.7.0,2025.01.29,https://www.reachthefinals.com/patchnotes/570,"Legends, Relics, and a Fixed Contract!
Update 5.7 is here, bringing legendary looks, treasure-worthy firepower, and a small but welcome contract fix. Looking ahead, Update 5.8 will be our mid-season balance patch complete with key adjustments to the overall game balance.
In the meantime, a certain hairy legend has entered the Arena! The Hairy Hiker Set lets you become the myth itself, complete with a full outfit, a beastly gun charm and sticker, plus an emote that’ll have you striking a familiar, shadowy pose. If you prefer something with ancient power (and maybe some mold), the Sunstone Set transforms your weapons into relics of a lost civilization. Weathered stone, creeping vines, and golden emblems hold together firepower that looks like it’s been unearthed straight from a forgotten temple.

On the fixes side, we’ve removed the ‘Eliminate 5 opponents from 30 meters or more using gadgets’ contract, as it wasn’t tracking properly. Players who had this contract have been assigned a new one!
That’s all for this one, let’s suit up and get back in The Arena!
Content and Bug Fixes
Contracts
Removed ‘Eliminate 5 opponents from 30 meters or more using gadgets,’ as it was not tracking properly

THE FINALS © 2022-2026 Embark Studios AB. THE FINALS and EMBARK trademarks and logos are trademarks or registered trademarks of Embark Studios AB. NEXON trademark and logo are trademarks or registered trademarks of NXC Corporation. © 2026 Sony Interactive Entertainment LLC. PlayStation, the PlayStation Family Mark, PS5, the PS5 logo, PS4 and the PS4 logo are registered trademarks or trademarks of Sony Interactive Entertainment Inc. Microsoft, the Xbox Sphere mark and Xbox Series X|S are trademarks of the Microsoft group of companies. © 2026 Valve Corporation. Steam and the Steam logo are trademarks and/or registered trademarks of Valve Corporation in the U.S. and/or other countries. © 2026 Epic Games, Inc. All rights reserved. Unreal, Unreal Engine and their respective logos are trademarks or registered trademarks of Epic Games, Inc. in the U.S. Patent and Trademark Office and elsewhere. NVIDIA, the NVIDIA logo and the GeForce Now logo are trademarks and/or registered trademarks of NVIDIA Corporation in the U.S. and/or other countries."
World Tour: Light the Way,2025.01.23,https://www.reachthefinals.com/patchnotes/wt560,"Happy Lunar Year!
The DISSUN Challenge starts with a BANG! The sponsor has decked out the Arena for Lunar New Year and has introduced an all-new throwable - the Healing Lantern! Throw it at your allies for a burst of healing, and leave behind a cloud that heals over time.
The impact of the lantern and the lingering healing mist can affect both allies and foes, so make sure to pick your targets and moments carefully!
It’s time for the year of the Snake! New year - new tactics!

ARENAS:
Lunar New Year - Seoul
Lunar New Year - Fortune Stadium
Lunar New Year - Las Vegas
Lunar New Year - Monaco
Don’t forget to check out the Snake Charmer Set in the store, as well!

DISSUN: FUEL. FIRE. POWER.

THE FINALS © 2022-2026 Embark Studios AB. THE FINALS and EMBARK trademarks and logos are trademarks or registered trademarks of Embark Studios AB. NEXON trademark and logo are trademarks or registered trademarks of NXC Corporation. © 2026 Sony Interactive Entertainment LLC. PlayStation, the PlayStation Family Mark, PS5, the PS5 logo, PS4 and the PS4 logo are registered trademarks or trademarks of Sony Interactive Entertainment Inc. Microsoft, the Xbox Sphere mark and Xbox Series X|S are trademarks of the Microsoft group of companies. © 2026 Valve Corporation. Steam and the Steam logo are trademarks and/or registered trademarks of Valve Corporation in the U.S. and/or other countries. © 2026 Epic Games, Inc. All rights reserved. Unreal, Unreal Engine and their respective logos are trademarks or registered trademarks of Epic Games, Inc. in the U.S. Patent and Trademark Office and elsewhere. NVIDIA, the NVIDIA logo and the GeForce Now logo are trademarks and/or registered trademarks of NVIDIA Corporation in the U.S. and/or other countries."
Hotfix 5.6.1,2025.01.22,https://www.reachthefinals.com/patchnotes/561,"Hotfix 5.6.1
We’re pushing a PC-only hotfix to fix an issue in which players with an outdated driver could not play the game.
PC players will need to update their game.
Thank you for your patience while we solved this issue!

THE FINALS © 2022-2026 Embark Studios AB. THE FINALS and EMBARK trademarks and logos are trademarks or registered trademarks of Embark Studios AB. NEXON trademark and logo are trademarks or registered trademarks of NXC Corporation. © 2026 Sony Interactive Entertainment LLC. PlayStation, the PlayStation Family Mark, PS5, the PS5 logo, PS4 and the PS4 logo are registered trademarks or trademarks of Sony Interactive Entertainment Inc. Microsoft, the Xbox Sphere mark and Xbox Series X|S are trademarks of the Microsoft group of companies. © 2026 Valve Corporation. Steam and the Steam logo are trademarks and/or registered trademarks of Valve Corporation in the U.S. and/or other countries. © 2026 Epic Games, Inc. All rights reserved. Unreal, Unreal Engine and their respective logos are trademarks or registered trademarks of Epic Games, Inc. in the U.S. Patent and Trademark Office and elsewhere. NVIDIA, the NVIDIA logo and the GeForce Now logo are trademarks and/or registered trademarks of NVIDIA Corporation in the U.S. and/or other countries."
Update 5.6.0,2025.01.22,https://www.reachthefinals.com/patchnotes/560,"POWER IS POWER
The power levels are at an all-time high in The Arena this week as DISSUN unveils its newest advertisement in preparation for its takeover of the World Tour starting tomorrow. The fuel company has a lot in store for you, so get ready to celebrate Lunar New Year in a powerful way, as a brand-new throwable takes center stage in the festively decorated Arena!

For all DISSUN enthusiasts out there, you’re in luck! DISSUN has also taken over the store update!

DISSUN: FUEL. FIRE. POWER
And finally, you should check out the
IVADA Cataclysm Set
, now available in the shop! The bundle comes with +2400 Multibucks!
We have a patch full of bug fixes as well as some changes to spawns in both Quick Cash and Cashout. Check out the content and balance changes here:
Balance Changes
Quick Cash
Increased the max duration of respawn waves from 25s to 30s
Increased the respawn wave timer increment for players who die just before a new wave spawns from 5s to 7s
Dev Note: The changes we made to Quick Cash spawning increased the pace of the mode. These two changes should slow the pace down a little, similar to what we had previously, while maintaining the benefits of spawn waves keeping teams together. We’ll monitor how these perform and continue to adjust as needed.
Changed spawn behavior to prevent teams from spawning very close to enemy players
Cashout
Changed spawn behavior to prevent teams from respawning very far away or far too close to objectives
Changed spawn behavior to prevent teams from spawning very close to enemy players
Content and Bug Fixes
Animation
Very small reduction to visual recoil on Lewis and M60 Red Dots sights to keep the experience in line with other weapons
Fixed a rare issue where eliminated players would get frozen and not turn into coins
Clothing will now move correctly when spinning your character in the menus
Fixed an issue where inspecting and throwing grenade-type gadgets simultaneously could make character animations look broken
Clubs
Added a Club page quick navigation icon to the top of the menu
Party-up requests from Clubs will now show in the event log and prompt a new marker when available
Contracts
Fix some occurrences of contract tracking for Goo Barrel and Fire Extinguisher
Fixed inconsistencies in the ""Eliminate 5 opponents from 30 meters or more using gadgets"" contract
Gameplay
Fixed an issue with Goo being able to launch players and objects in rare cases
Jump Pads will now correctly launch players traveling on ziplines rather than detach and drop them
Fixed various issues when hold interactions would sporadically cancel
Gifting
Players can now gift full outfits to friends
Performance & Stability
Fixed a rare crash related to the lockbolt
Private Matches
We now allow spectators to reconnect even when a private match is paused
Fixed an issue where input was not working when reconnecting as a spectator
Retain camera rotation when moving from a player to the freefly cam in spectator mode
Settings
VOIP
Added the ability to toggle the automatic gain control of the microphone volume to the settings
Specializations
Winch Claw
Will now cancel and block vaulting for opponents on successful hits
UI
Fixed an issue with scrollbars not being consistent and overlapping in some situations throughout menus
Weapons
Spear
Fixed an issue where you could start or continue sliding while performing the secondary spin attack
Sword
Using the secondary attack at the same time as activating a Jump Pad will now launch players to the intended (longer) distance
Duel Blades
Fixed an issue when swapping back from a deployable like the Jump Pad would cause the Dual Blades to get stuck swinging only once
Dagger
Fixed an issue where the backstab wouldn’t re-trigger the charge up after a vault if the input was held down
Security and Anti-Cheat
Refined and updated several detection rules to improve the precision and effectiveness of identifying players exploiting unfair advantages
Updated anti-cheat methods

THE FINALS © 2022-2026 Embark Studios AB. THE FINALS and EMBARK trademarks and logos are trademarks or registered trademarks of Embark Studios AB. NEXON trademark and logo are trademarks or registered trademarks of NXC Corporation. © 2026 Sony Interactive Entertainment LLC. PlayStation, the PlayStation Family Mark, PS5, the PS5 logo, PS4 and the PS4 logo are registered trademarks or trademarks of Sony Interactive Entertainment Inc. Microsoft, the Xbox Sphere mark and Xbox Series X|S are trademarks of the Microsoft group of companies. © 2026 Valve Corporation. Steam and the Steam logo are trademarks and/or registered trademarks of Valve Corporation in the U.S. and/or other countries. © 2026 Epic Games, Inc. All rights reserved. Unreal, Unreal Engine and their respective logos are trademarks or registered trademarks of Epic Games, Inc. in the U.S. Patent and Trademark Office and elsewhere. NVIDIA, the NVIDIA logo and the GeForce Now logo are trademarks and/or registered trademarks of NVIDIA Corporation in the U.S. and/or other countries."
World Tour: Strike a Pose,2025.01.16,https://www.reachthefinals.com/patchnotes/wt550,"Get ready to show off!
As ISEUL-T’s generous sponsorship comes to an end they want to see your flashiest moves! This week, your team will be rewarded with some extra cash for showing off by emoting near a cashout that your team starts, steals, or completes!
A dance floor appears whenever a player opens a vault, starts a cashout, steals a cashout or completes a cashout. When the dance floor appears you have 5 seconds to strike a pose, and hold that pose for at least 2 seconds - doing so awards your team with $1000. Everyone in your team can do it - so make sure to coordinate your best moves and maximize that cash!
Let’s get ready to strike our boldest poses, and rack up that bonus cash!

ARENAS:
Kyoto (Winter EC)
Bernal
Skyway Stadium
Fortune Stadium

THE FINALS © 2022-2026 Embark Studios AB. THE FINALS and EMBARK trademarks and logos are trademarks or registered trademarks of Embark Studios AB. NEXON trademark and logo are trademarks or registered trademarks of NXC Corporation. © 2026 Sony Interactive Entertainment LLC. PlayStation, the PlayStation Family Mark, PS5, the PS5 logo, PS4 and the PS4 logo are registered trademarks or trademarks of Sony Interactive Entertainment Inc. Microsoft, the Xbox Sphere mark and Xbox Series X|S are trademarks of the Microsoft group of companies. © 2026 Valve Corporation. Steam and the Steam logo are trademarks and/or registered trademarks of Valve Corporation in the U.S. and/or other countries. © 2026 Epic Games, Inc. All rights reserved. Unreal, Unreal Engine and their respective logos are trademarks or registered trademarks of Epic Games, Inc. in the U.S. Patent and Trademark Office and elsewhere. NVIDIA, the NVIDIA logo and the GeForce Now logo are trademarks and/or registered trademarks of NVIDIA Corporation in the U.S. and/or other countries."
Store Update 5.5.0,2025.01.15,https://www.reachthefinals.com/patchnotes/550,"Store Update 5.5.0
Be the life of the party with this week’s store update!

Content and Bug Fixes
Contracts
We have implemented additional fixes for the following contracts as they have not been working correctly:
Hit opponents [x] times with arena carriables, cash boxes or the decryption key
Earn 20,000 cash in one round, 4 times in Cashout Modes
Play 3 matches of World Tour or Bank It

THE FINALS © 2022-2026 Embark Studios AB. THE FINALS and EMBARK trademarks and logos are trademarks or registered trademarks of Embark Studios AB. NEXON trademark and logo are trademarks or registered trademarks of NXC Corporation. © 2026 Sony Interactive Entertainment LLC. PlayStation, the PlayStation Family Mark, PS5, the PS5 logo, PS4 and the PS4 logo are registered trademarks or trademarks of Sony Interactive Entertainment Inc. Microsoft, the Xbox Sphere mark and Xbox Series X|S are trademarks of the Microsoft group of companies. © 2026 Valve Corporation. Steam and the Steam logo are trademarks and/or registered trademarks of Valve Corporation in the U.S. and/or other countries. © 2026 Epic Games, Inc. All rights reserved. Unreal, Unreal Engine and their respective logos are trademarks or registered trademarks of Epic Games, Inc. in the U.S. Patent and Trademark Office and elsewhere. NVIDIA, the NVIDIA logo and the GeForce Now logo are trademarks and/or registered trademarks of NVIDIA Corporation in the U.S. and/or other countries."
Update 5.4.0,2025.01.09,https://www.reachthefinals.com/patchnotes/540,"Time to Shine!
Welcome back, Contestants! This week we have a plethora of bug fixes, an updated store, and a new stop on the World Tour!
This is the second week of the ISEUL-T Cup and our sponsors are illuminating the Arena with spotlights that shine bright over every active Cashout Station! Bask in the glow of this light to earn additional fans while you defend, attack, or just strike a pose! Your time in the limelight will be rewarding!

This week the Arenas will be:
Seoul
Fortune Stadium
Horizon
Las Vegas
Finally, check out the new store before heading down to read the bullets:

Content and Bug Fixes
Animation
Fixed an issue where sights on the Cerberus shotgun could misalign and feel intrusive when aiming down sights
Fixed a bug where reload animations on the Cerberus could intersect
Fixed an animation error that could occur when swapping between items while vaulting
Fixed an issue where the red dot sight on the M26 Matter could move out of the sight window when reloading
Contracts
Earnings in Powershift will now count towards the total cash earned on some Contracts
Gadgets
Gravity Vortex
The Gravity Vortex’s particle effect, prior to activation, will now be visible to teammates
Zipline
Fixed a rare issue where the zipline Gadget would not connect to some surfaces
Game Modes
Quick Cash
Fixed an issue that could occasionally cause respawning teams to be placed too close to already spawned enemy teams
Maps
Bernal
Improved traversal in some areas that caused issues when using Charge ‘n’ Slam
VFX polish and additions across multiple Bernal assets that previously had missing effects
Player Cards
Fixed an issue causing facemasks to clip on player cards
Private Matches
Fixed an issue where the HUD could sometimes not be visible for spectators in private matches
Rendering
Fixed an issue with the APS Turret and Guardian Turret that caused them to stop rendering at shorter distances than they should, when using Low graphics settings
Settings
Added a new secondary scaling option named ""Upscaled Resolution”
Reworked the naming and description texts of existing resolution-related options to give more information on how various resolutions are used
Resolution scaling sliders are now showing the scaled resolutions in pixels as well as the scaling percentage
Specializations
Change ‘n Slam
Fixed an issue where the Gravity Vortex could essentially capture players using the Charge ‘n’ Slam, rather than letting them pass through it
Fixed a rare issue where sprinting could desync between client and server, causing issues where it looks like you are sprinting but you are not. This happened most frequently after performing Charge ‘n’ Slam
Dematerializer
Fixed an issue that sometimes made it impossible to re-materialize walls that are close to a Cashout Station
UI
Fixed an issue with Player Cards that could sometimes make them too bright
Fixed an issue that caused player names to flicker in the recently played with section of the Social menu
Fixed an issue within messages in the eliminations log Club tags to have the wrong color
Fixed an issue where the character could sometimes perform the wrong emote
Fixed an issue with the reload duration stat for the KS-23 shotgun on the Equipment screen, as it didn’t match the current balance
VFX
Added the light visual indicator to the ‘Blast Back’ C4 skin, so players can tell when a deployed charge is primed and ready to detonate
Added missing destruction state effects on multiple objects across all maps

THE FINALS © 2022-2026 Embark Studios AB. THE FINALS and EMBARK trademarks and logos are trademarks or registered trademarks of Embark Studios AB. NEXON trademark and logo are trademarks or registered trademarks of NXC Corporation. © 2026 Sony Interactive Entertainment LLC. PlayStation, the PlayStation Family Mark, PS5, the PS5 logo, PS4 and the PS4 logo are registered trademarks or trademarks of Sony Interactive Entertainment Inc. Microsoft, the Xbox Sphere mark and Xbox Series X|S are trademarks of the Microsoft group of companies. © 2026 Valve Corporation. Steam and the Steam logo are trademarks and/or registered trademarks of Valve Corporation in the U.S. and/or other countries. © 2026 Epic Games, Inc. All rights reserved. Unreal, Unreal Engine and their respective logos are trademarks or registered trademarks of Epic Games, Inc. in the U.S. Patent and Trademark Office and elsewhere. NVIDIA, the NVIDIA logo and the GeForce Now logo are trademarks and/or registered trademarks of NVIDIA Corporation in the U.S. and/or other countries."
Update 5.3.0,2025.01.02,https://www.reachthefinals.com/patchnotes/530,"HAPPY 2025
We’re closing up the holiday season with a new store and a new World Tour Stop!
Thank you to everyone who joined our snowball fight. Snowball Blitz has come to an end, but playing in the snow with you has warmed our hearts!

World Tour:
ISEUL-T Opening Week
The VAIIYA International has concluded and we’ve readied the Arena for the ISEUL-T Cup!

This week, you can show up fashionably late to the Cashout Tournaments in the following Arenas:
Las Vegas
Seoul
Bernal
Skyway Stadium
be ANYBODY. be EVERYBODY. be ISEUL-T.

THE FINALS © 2022-2026 Embark Studios AB. THE FINALS and EMBARK trademarks and logos are trademarks or registered trademarks of Embark Studios AB. NEXON trademark and logo are trademarks or registered trademarks of NXC Corporation. © 2026 Sony Interactive Entertainment LLC. PlayStation, the PlayStation Family Mark, PS5, the PS5 logo, PS4 and the PS4 logo are registered trademarks or trademarks of Sony Interactive Entertainment Inc. Microsoft, the Xbox Sphere mark and Xbox Series X|S are trademarks of the Microsoft group of companies. © 2026 Valve Corporation. Steam and the Steam logo are trademarks and/or registered trademarks of Valve Corporation in the U.S. and/or other countries. © 2026 Epic Games, Inc. All rights reserved. Unreal, Unreal Engine and their respective logos are trademarks or registered trademarks of Epic Games, Inc. in the U.S. Patent and Trademark Office and elsewhere. NVIDIA, the NVIDIA logo and the GeForce Now logo are trademarks and/or registered trademarks of NVIDIA Corporation in the U.S. and/or other countries."
Update 5.2.0,2024.12.26,https://www.reachthefinals.com/patchnotes/520,"HAPPY NEW YEAR
2025 is right around the corner! We’re excited about all the plans we have for this new year, and to celebrate, we’ve added some shiny new things to the shop:

We’re also happy to introduce a new World Tour stop: Boost Protocol! This is the final stop of the VAIIYA International, and to make it pop, our generous sponsor is offering an additional boost to XP when you party up in the Arena!

Maps:
SYS$Horizon Sponsored by VAIIYA
Jultide Bernal
Jultide Kyoto
Jultide Monaco
Get in there and start racking up the XP!
Finally, we have a few urgent fixes for this update to read about below:
Content and Bug Fixes
Audio
Fixed an issue where an experimental voice line featuring player names played far too often and only mentioned a single name
(sorry, TTV.Scruy!)
. This feature needs some fine-tuning, but for now, you should at least not hear the same voiceline over and over again
Contracts
Temporarily removed two contracts that were not functioning as intended

THE FINALS © 2022-2026 Embark Studios AB. THE FINALS and EMBARK trademarks and logos are trademarks or registered trademarks of Embark Studios AB. NEXON trademark and logo are trademarks or registered trademarks of NXC Corporation. © 2026 Sony Interactive Entertainment LLC. PlayStation, the PlayStation Family Mark, PS5, the PS5 logo, PS4 and the PS4 logo are registered trademarks or trademarks of Sony Interactive Entertainment Inc. Microsoft, the Xbox Sphere mark and Xbox Series X|S are trademarks of the Microsoft group of companies. © 2026 Valve Corporation. Steam and the Steam logo are trademarks and/or registered trademarks of Valve Corporation in the U.S. and/or other countries. © 2026 Epic Games, Inc. All rights reserved. Unreal, Unreal Engine and their respective logos are trademarks or registered trademarks of Epic Games, Inc. in the U.S. Patent and Trademark Office and elsewhere. NVIDIA, the NVIDIA logo and the GeForce Now logo are trademarks and/or registered trademarks of NVIDIA Corporation in the U.S. and/or other countries."
World Tour: Merry Mayhem!,2024.12.19,https://www.reachthefinals.com/patchnotes/wt510,"VAIIYA International
Merry Mayhem!
With the generosity of VAIIYA, we’ve secured an appropriately regulated amount of Yuletide cheer in the World Tour stop for this week! Dash through the snow and deck the competition with strategically placed snowballs (packed with an extra bit of stopping power)! Get cozy with your team in our fully decorated Jultide Arenas! We’ve been told that our sponsor has connections in high places, so hop into World Tour or VAIIYA might make sure you get put on the naughty list!

ARENAS:
Juletide Las Vegas
Juletide Bernal
Juletide Kyoto
Juletide Monaco
VAIIYA — We. As One.

THE FINALS © 2022-2026 Embark Studios AB. THE FINALS and EMBARK trademarks and logos are trademarks or registered trademarks of Embark Studios AB. NEXON trademark and logo are trademarks or registered trademarks of NXC Corporation. © 2026 Sony Interactive Entertainment LLC. PlayStation, the PlayStation Family Mark, PS5, the PS5 logo, PS4 and the PS4 logo are registered trademarks or trademarks of Sony Interactive Entertainment Inc. Microsoft, the Xbox Sphere mark and Xbox Series X|S are trademarks of the Microsoft group of companies. © 2026 Valve Corporation. Steam and the Steam logo are trademarks and/or registered trademarks of Valve Corporation in the U.S. and/or other countries. © 2026 Epic Games, Inc. All rights reserved. Unreal, Unreal Engine and their respective logos are trademarks or registered trademarks of Epic Games, Inc. in the U.S. Patent and Trademark Office and elsewhere. NVIDIA, the NVIDIA logo and the GeForce Now logo are trademarks and/or registered trademarks of NVIDIA Corporation in the U.S. and/or other countries."
Update 5.1.0,2024.12.18,https://www.reachthefinals.com/patchnotes/510,"’TIS THE SEASON

We’re sliding into the holiday season with a brand new holiday event: Snowball Blitz!
Get your mittens on contestants, it’s going to be frosty in Snowy Monaco! You’ll be taking part in a good ol’ fashioned Snowball Fight! Team up for a head-to-head snow brawl in this 5v5 TDM-style fight for victory. The first team to reach 30K wins and the only way to earn cash is through eliminations!
Everyone goes in with a fixed loadout, but the weapon of choice for every build is snowballs! Rewards are on the line, so join the skirmish and complete your contracts to earn all the spoils of wintery wartime! Snowball Blitz will be around for the next two weeks!
Let’s keep this fight clean and fun: no rocks, no ice, no telling mom, and don’t aim for the eyes!
We’ve also got some bug fixes and balances coming your way this week! Most notably, we’ve removed the Lockbolt Launcher’s ability to latch onto objectives, for now. We’ve had a lot of fun this week launching the Cashbox into outer space and dragging the Cashout Station through the streets of Bernal, but we think this functionality might be a bit too OP. We’ll send it back to Santa’s workshop and see if he can fix it up.
Not festive enough for you? Check out this week’s Store:

Balance Changes
Gadgets
Lockbolt
Disabled the ability for the Lockbolt to attach to objectives, such as the Cashbox and Cashout Station
Dev Note: We love how creative you’ve already gotten with using the Lockbolt since it launched, but we feel some of the use cases discovered are a little too impactful when it comes to game mode pacing and defending objectives. As a result, we’re temporarily disabling the Lockbolt’s ability to latch on to objectives, while we spend some time to make sure they behave more appropriately when attached. Hopefully, we can turn this functionality back on later in the season, that is our plan at least.
Specializations
Cloaking Device
Decreased the max duration of invisibility when fully stationary from 133s to 27s
Content and Bug Fixes
Audio
General
Fixed an issue where Dede would sometimes not choose the correct voice lines
Re-enabled the missing “click” sound when selecting the matchmaking button
Jukebox
Fixed an issue where the jukebox would not always continue to the new track if the current track ended when going into a map load
Characters
Fixed an issue where some contestants’ heads could occasionally become invisible
Clubs
Fixed an issue where the member list would be unsorted when you first enter the Club screen
Fixed an issue that allowed players to send or join Club party requests while matchmaking or waiting in a private lobby
Added functionality that makes the Club requests/invites list scrollable
Added Club tags in leaderboards
Contracts
Fixed an issue with the 'Play 2 Rounds of Quick Cash' contract not progressing correctly
PS4
Fixed an issue where players could appear in a T-pose at the start of the round on PlayStation 4
Gadgets
Lockbolt
Fixed an issue where the Gravity Vortex and Anti-Gravity Cube could break the chains connecting players to the Lockbolt, freeing them early
Game Modes
Fixed an issue where Cashout Stations would sometimes not accept Cashboxes and where the second Vault would sometimes fail to appear
Fixed an issue where the respawn timer could sometimes show the wrong numbers
Fixed an issue where the HUD would occasionally disappear after reconnecting
Gifting
Added gifting for bundles and single items inside bundles
Dev Note: We have noticed that some bundles are not showing up as giftable within the outfit customization screen. We’re looking into a fix for this.
Maps
General
Fixed an issue that caused large amounts of smoke to appear on maps
Updated and polished the highlighted players hologram image
Fixed various issues where the images of players featured on a billboard could be clipped or stretched
Bernal
Fixed issue where the VAIIYA Suspended Structure wouldn't fall even when enough hooks were destroyed
Fixed issue where the lights in the DISSUN Suspended Structure were too bright around smoke/fog
Adjusted the height of the planters in Small Park (DISSUN) sector for smoother traversal
Fixed an issue where the corkscrew platform in the Theater sector could desync
Fixed an issue where a wall of the dome on top of the Chapel was missing collision
Fixed gaps between railings blocking bullets
Fixed various issues with ‘level of detail’ assets around the map
Practice Range
Fixed a collision issue allowing contestants to escape the practice area
Sights & Optics
Fixed an issue where the size of crosshairs in red dot and holographic sights would not be respected for certain aspect ratios and FOV settings
Stability & Performance
Fixed a crash that could occur on PlayStation 5 when loading into a round
UI
Fixed an issue where players could become unable to respond to any pings
Added a backplate to the chat in the main menu to make it easier to read
VFX
Added VFX to prop destruction for multiple objects on Bernal
Reworked tree destruction on Bernal

THE FINALS © 2022-2026 Embark Studios AB. THE FINALS and EMBARK trademarks and logos are trademarks or registered trademarks of Embark Studios AB. NEXON trademark and logo are trademarks or registered trademarks of NXC Corporation. © 2026 Sony Interactive Entertainment LLC. PlayStation, the PlayStation Family Mark, PS5, the PS5 logo, PS4 and the PS4 logo are registered trademarks or trademarks of Sony Interactive Entertainment Inc. Microsoft, the Xbox Sphere mark and Xbox Series X|S are trademarks of the Microsoft group of companies. © 2026 Valve Corporation. Steam and the Steam logo are trademarks and/or registered trademarks of Valve Corporation in the U.S. and/or other countries. © 2026 Epic Games, Inc. All rights reserved. Unreal, Unreal Engine and their respective logos are trademarks or registered trademarks of Epic Games, Inc. in the U.S. Patent and Trademark Office and elsewhere. NVIDIA, the NVIDIA logo and the GeForce Now logo are trademarks and/or registered trademarks of NVIDIA Corporation in the U.S. and/or other countries."
SEASON 5: NEXT STAGE STARTS NOW,2024.12.12,https://www.reachthefinals.com/patchnotes/500,"The spotlight is on, and Season 5 of THE FINALS begins
right now
! This isn’t just another season—it’s a celebration of an unforgettable year since THE FINALS launched! Over four thrilling seasons, we’ve redefined competition in the ultimate game show. Now, it’s time for the Next Stage.
Season 4 honored our amazing community by bringing back the thrill of Ranked Tournaments, unveiling the vibrant Fortune Stadium, and amplifying everything that makes THE FINALS extraordinary. But this new season isn’t just about looking back, it’s about blazing forward with exciting surprises, groundbreaking features, and a breathtaking new arena.
Get ready to dive into Season 5, the most exhilarating chapter of THE FINALS yet!

New Map: Bernal

As you explore what this season has to offer, your first stop has got to be Bernal, the sprawling new map! Set beneath the imposing Peña de Bernal, one of the largest monoliths in the world, this vibrant town captures the magic and historic charm of Mexico while unleashing the high-octane action of THE FINALS.
This map pulses with energy, inviting you to join in rooftop skirmishes, defend suspended sponsor structures, and conquer the spinning platform that transforms the vibrant colonial plaza into a grand Arena of legendary proportions. Each corner teems with opportunity, offering a stage where the daring and the bold can carve their path to glory.

Game-Changing Firepower: New Weapons in Season 5
Season 5 raises the stakes with two powerful additions to your arsenal, each designed to reshape the battlefield and your strategies. Prepare to dominate with these innovative tools of destruction:

Whether you prefer precision or pyrotechnics, these tools ensure no moment in the Arena is ever dull.
Innovative New Gadgets in Season 5
We’ve also introduced two groundbreaking gadgets that redefine how you control the battlefield.

These tools are designed to give you the upper hand, whether through clever tactics or sheer domination.
New Sights & Reduced Visual Recoil:
With the release of Season 5 more items will be able to equip alternative sights. Additionally, we’ve significantly reduced the amount of Visual Recoil experienced when aiming-down-sights, causing the bullets to land closer to where your reticle indicates.
The following weapons will be receiving sights in S5:
M26 Matter
Cerberus 12GA
ShAK-50
93R
Lewis Gun
Model 1887
LH1

New Season, New Sponsors: Who Will You Choose?
THE FINALS is made possible through the generosity of our sponsors! For Season 5, you can choose to sign your allegiance to either ISEUL-T, VAIIYA or DISSUN. Your pledge lasts the entire season, so choose carefully.
Here’s what’s in store:
ISEUL-T
be ANYONE. be EVERYONE. be ISEUL-T.

Returning for a second season, ISEUL-T invites you to transcend the ordinary with their signature fashion. CEO Yun Beom-seok encourages contestants to push beyond the limits with bold, boundary-breaking style. For those of you signing with ISEUL-T for a second season there’s a brand new Loyalty tier filled with rewards, to help redefine your identity.

VAIIYA
VAIIYA - We. As One.

VAIIYA isn’t exactly a newcomer to THE FINALS, but this is their first time offering sponsorship to contestants as one of the main sponsors of Season 5! VAIIYA brings security and solidarity to every match. CEO Sal Scoria promises protection like no other: ""We deliver confidence. We protect you from everyone. Including yourself.”

DISSUN
Power is power, and you want it.

Introducing DISSUN, the sponsor for those who crave power. CEO Damien Vossler doesn’t mince words about what they offer: ""Raw power that makes you unstoppable and undeniable, keeping you at the center of any action.""
With DISSUN backing you, you’ll claim The Arena with unmatched intensity with a brand new powerful look to boot.

Each sponsor brings their own set of cosmetic rewards for you to stand out and show off your allegiance as you dominate in The Arena. Whether you’re drawn to ISEUL-T’s cutting-edge elegance, VAIIYA’s unwavering protection, or DISSUN’s undeniable strength, the choice is yours. Who will you sign with this season?

Introducing Clubs: Your Team, Your Rules
Welcome to
Clubs,
the new social system for contestants to team up, dominate, and redefine what it means to play together. Whether you’re a solo star seeking camaraderie or a die-hard team player, Clubs offer a fresh way to connect, collaborate, and crush the competition.
This first version of Clubs comes with:
Club Bonus
: Earn extra XP and Fans by competing as a team
Club Wall
: Stay in the loop with your Club’s latest activities and keep the conversation alive in the chat (PC only at this time)
Team-Up Requests
: Easily find teammates to join you in your favorite modes
Daily Club Contracts
: Select
two contracts per day
, complete them, and boost your individual
Club Rank
. These contracts are a great way to show your loyalty and dedication to your club!
Every Club can have up to
50 members
and features a
unique name and tag
to stand out in The Arena. Get organized with roles:
The
Owner
leads the Club and sets its direction and information
The
Manager
helps coordinate members
The
Scout
handles recruitment, bringing in new talent to strengthen the team
This is just the beginning. Team up and show the world what your Club is made of!

THE FINALS Greatest Hits
This Season will feature an all-new, banging soundtrack from our maestros on the 3rd floor – it sets the stage for heart-pounding action in Bernal! But we have a whole year of hits under our belt, so the highly-requested
Jukebox
feature has been added. It will allow you to pick your vibe, so you can experience something new or take a trip down memory lane!
Here’s how it works:
Choose Your Soundtracks
: Pick from a curated selection of albums, each representing the music of a specific season of
THE FINALS
Mix It Up
: Select multiple albums to create your own playlist experience. The Jukebox will randomly play a track from any of the seasons you’ve chosen, keeping the audio fresh and exciting every time you log in
Music has always been part of the magic of
THE FINALS
, and now, you’re in control of the soundtrack to your journey!

An Upgraded Console Experience
Season 5 of THE FINALS brings the destructive mayhem and game show extravaganza to the PlayStation 4 for the very first time, expanding the arenas to a much larger audience!
For players on newer-generation consoles, Season 5 also introduces 120Hz mode to the PS5, PS5 Pro and Xbox Series X. All you need is a 120Hz compatible TV or monitor, and you’ll be able to immerse yourself in THE FINALS’ high-octane competition like never before.

Time to Play Santa Claus
We’re introducing
Gifting,
a whole new way to spread the love in
THE FINALS
! Rewarding your friends has never been easier or more fun. Whether it’s a sleek cosmetic item, an exciting piece of gear, or even the
Premium Battle Pass
, you can now share the thrill of unlocking something special with your team.
How it Works:
Gift Limits
: Players can send up to
5 gifts per day
, giving you multiple chances to brighten someone’s day.
Premium Battle Pass Gifting
: Want to gift the Premium Battle Pass? There’s just one rule—you’ll need to own it yourself first.
Why Gifting?
With Gifting, you can celebrate milestones, share your style, and make sure your team looks as sharp as they play. Whether it’s for a birthday, a victory celebration, or just because, Gifting lets you make every moment even more memorable.

And There's Even More to Explore!
Season 5 is packed with exciting updates that make the experience bigger and better than ever. We’ve added a 3v3 Final Round cashout mode to
Private matches
and fine-tuned the
QuickCash
and
Ranked modes
. We added
optimizations
for the Kyoto map and more. And you might just spot your name on the
Billboards
! Plus, we’ve introduced 30 new
Career Levels
and an additional level of
Item Progression
. Don’t forget to check your
Inbox
for all the latest updates. With so much to discover, Season 5 is ready for you to jump in!
Finally, if you played in Season 4, Ranked and World Tour rewards are already waiting for you, so you’ll be able to storm Bernal with your hard-earned weapon skins! You can be on the lookout for your Multibucks from World Tour and the Season 4 gift from the winning sponsor coming to you soon!
Now, what you really came here to see, the Season 5 notes:
Balance Changes
General
Updated the hit sweeps for quick melee attacks, making them much more reliable when trying to hit targets
Gadgets
Defibrillator
Added ‘revive sickness’ to players revived by the Defibrillator, causing their Specializations and Gadgets to be placed on a five-second cooldown
Dev Note: A recurring piece of feedback we receive from players is how frustrating chained Defibrillator revives can be. This change aims to insert a short barrier for such gameplay.
Jump Pad
Increased cooldown from 30s to 40s
Proximity Sensor
Added the ability for Medium contestants to equip the Proximity Sensor
Smoke Grenade
Added the ability for Medium contestants to equip Smoke Grenades
Added the ability for Heavy contestants to equip Smoke Grenades
Sonar Grenade
Decreased active duration from 7.52 to 5.25s
Decreased time between sonar pulses from 2.5s to 1.75s
Zipline
Increased cooldown from 30s to 37s
Game Modes
Quick Cash
Updated the respawn system to be wave-based
When the first player on a team is eliminated, a respawn timer for the entire team starts to count down. Any other teammates eliminated after this point will join the same respawn timer. When the timer hits 0, the eliminated players can spend a coin to respawn or, if all three team members have been eliminated, the full team will respawn with no additional time added for a team wipe. Any players who die in the last 5 seconds before the timer hits zero will set the timer back to 5 seconds remaining, to avoid immediate re-spawns which can feel jarring
Dev Note: This change is an update that aims to reduce the number of ‘long spawns,’ where a team wipe adds extra time until respawning just before a player is about to spend a coin to respawn. We believe this will lead to more fun matches with less downtime and the spawn waves will also help keep teams closer together, aiding teamplay
Added the ability to swap your contestant between team wipes in Quick Cash mode
Dev Note: We’ve made this adjustment to bring Quick Cash in line with Power Shift mode. Both modes are aimed at more casual play and we believe this change increases the fun by lowering some of the risk/reward elements better suited for competitive modes
Updated some of the spawn point selection rules for when teams wipe. These should place teams at a more consistent and reliable distance from the objective
Maps
Kyoto
Adjusted the map border to improve the flow in the Hillside area
Redesigned the Bamboo Forest to improve readability and flow, while reducing visual noise
Dev Note: One of our main goals when creating Kyoto was to explore how we could bring more natural environments to THE FINALS. Since its launch, we’ve had recurring gameplay feedback for Kyoto around the readability and density of the Bamboo Forest. To improve on this, we have reduced the amount of bamboo trees and vegetation, and increased the amount of hard-cover in that part of the map. Please give it a shot and let us know what you think.
Specializations
Cloaking Device
Updated the Cloaking Device to consume energy based on the player’s current movement speed while cloaked, meaning that standing still drains energy much more slowly than running or sprinting
Dev Note: Our aim for the Cloaking Device has always been to encourage a different style of play, one where players could be sneaky and outsmart opponents. However, previous iterations of the device put the focus on using cloaking to ambush or evade enemies in combat, rather than play more stealthily. We believe this change encourages players to avoid and outwit opponents with the Cloaking Device.
Removed the ability for burning damage to break the cloaking effect
Removed the ability for poison damage to break the cloaking effect
Dev Note: Any regular damage or impact damage from fire-based weapons will still remove the effect
Mesh Shield
Reworked the Mesh Shield to make it energy based. The shield has 750 energy in total and loses energy each time it takes damage. A sum of 225 energy is also lost each time the player lowers the shield, with energy only being regenerated when the Mesh Shield has not taken damage for a short time. The Mesh Shield no longer has a cooldown, with energy management replacing it
Dev Note: We previously added longer cooldowns to the Mesh Shield to stop ‘juggling’ of the shield (rapid raising and lowering of it) as players reported this was not fun to play against. After some time with the new shield live, we felt these cooldowns were too long and too limiting, reducing player interest in using the Mesh Shield. This change allows ‘juggling’ again, but limits how often the player can raise/lower the shield via the energy cost. We feel this system works much better than earlier versions, in that it encourages more ‘tanking’ behavior but still gives the player some flexibility to juggle the shield in duels.
Weapons
93R
Increased damage from 24 to 26
Decreased horizontal recoil after the third burst, making the gun easier to control
Decreased vertical recoil slightly, to make the gun easier to control
Increased the damage fall-off start range from 23m to 28m
Increased the damage fall-off multiplier at max range from 45% to 55%, meaning the weapon will do more damage at a longer range
Dev Note: After being somewhat cautious in our buffs of the 93R in previous releases due to some earlier internal testing of higher damage values, we’ve decided to go for a more ‘nuclear’ buff. We hope this finally brings the 93R into the meta in a good way, but we’ll be keeping a close eye on it.
KS-23
Reduced reload duration of full tactical reload from 4.6s to 3.85s (roughly 16%)
Reduced reload duration of full empty reload from 5.13s to 4.36s (roughly 15%)
Dual Blades
Basic attack
Increased the speed and duration of the lunge for each attack animation, making it easier to reach targets that are just out of range
Deflect
Decreased the dispersion angle of deflected bullets from 2.5 to 1, meaning deflected bullets are now more accurate
Decreased the damage modifier for direct hits from enemy bullets from 0.2 to 0.1, meaning players will now take less damage when deflecting hits at the center of the Blades' deflection angle
Decreased the damage modifier for glancing hits from enemy bullets from 0.4 to 0.3, meaning players will now take less damage when deflecting hits at the edge of the Blades’ deflection angle
Increased deflection angle from 25 degrees to 35 degrees, making it easier to block and deflect bullets
Decreased incoming melee damage modifier from 0.33 to 0.25, meaning players will take less damage from melee attacks when trying to deflect
R .357 Revolver
Decreased bullet dispersion when firing from the hip by approximately 20%, making the weapon more accurate
Spear
Basic attack
Increased the lunge distance from 6m to 7.5m on basic attacks, making it easier to hit enemies
Increased the lunge speed by approximately 15%
Increased the lunge cancel on basic attacks, causing the player to come to rest earlier once they hit the target
Secondary attack
Increased the damage of each swing from 100 to 105
XP-54
Increased ammo count from 30 to 34
Weapon Optics
Decreased the amount of animated “visual recoil” significantly on all red dot optics, across all weapons that can equip them, making those weapons easier to aim

Content and Bug Fixes
Animation
Fixed an issue where the player’s character could deform when respawning
Fixed an issue where the player could ride ziplines while emoting at the same time
Fixed an issue where the player would trigger multiple pickup animations when attaching to a zipline while picking up a deployable item
Improved first-person animations when running with a charged throwable such as a grenade
Cleaned up some visual noise that could occur in first-person animations when sliding and aiming down sight
Fixed a minor clipping issue on SR-84
Fixed an issue where hand gesture animations could play while blocking with the Dual Blades
Audio
Fixed an issue where some player sounds could persist after they are eliminated
Added an entirely new voice to Dede's face. Keep up, or stay out of the way!
Career Rank
Added 30 additional career ranks
Contracts & Achievements
Fixed an issue that could cause any Contracts that required headshots to complete to progress via backstabs with the Dagger by mistake
Fixed an issue that caused interrupted decryptions in Terminal Attack mode to not count towards the ""As a team, steal a cashout or interrupt a decryption N times"" contract
Fixed an issue where the ""Finish the tutorial"" achievement would fail to trigger when completing the Cashout Tutorial
Controller
Increased default horizontal sensitivity from 160 to 200
Increased default vertical sensitivity from 130 to 170
Dev Note: The two changes above are based on an analysis we did of current controller players’ settings. We feel these new values will give new players a better experience. Current players will maintain their previous settings.
Increased max horizontal and vertical sensitivity from 500 to 750, giving players more flexibility on what sensitivity they’d like to play with
Gadgets
Gateway
Gateways will now destroy surrounding goo when activated
Gravity Vortex
Deployable, remote-triggered localized singularity added to the Light class
Jump Pad
Fixed an issue where players could use and pick up the Jump Pad at the same time
Lockbolt Launcher
An anchor that latches onto up to three targets added to the Heavy class
Thermal Vision
Fixed an issue causing cloaked characters to be overly bright for players using Thermal Vision on the PS5 Pro and on PC, when the TSR Resolution Scaling Method was selected
Game Modes
General
Added a warning timer, with a five second wait time, before allowing the player to exit an ongoing match early. Our goal is to reduce disconnect rates, which can ruin matches for other players
Fixed an issue where the UI would not behave as expected when backfilling into a match
Fixed a rare issue where players would be unable to spawn when backfilled into a match
Bank It
Fixed an issue that caused Coins to block projectiles
Power Shift
Fixed an issue where weapon customization would not get updated when the player swapped contestant in Power Shift mode
Private Matches
Added Cashout ‘Final Round’ to private matches. This is the 3v3 format from the final round of tournaments
Gameplay
Fixed an issue that caused players on ziplines to not be detached when hitting goo blobs
Fixed an issue where poisonous gas could wrongly block various interactions and projectiles
Fixed an issue that allowed players to pick up objects while emoting
Maps
General
Fixed various behavior issues with doors and how they function
Added two new visual variants of destroyed walls and improved material coverage where buildings have been fractured or destroyed
Kyoto
Made various optimizations to client performance when playing Kyoto
Performance & Stability
Fixed an issue on the client side that could cause performance issues
Fixed an issue where volumetric fog could cause ‘ghosting’ around the edges of the screen on Xbox Series S and on PCs with Shadow Quality set to Medium
Many optimizations for the PS4 and the 120Hz console mode
Settings
Added a new graphics quality setting for Reflections
Dev Note: This allows players to tweak the quality of reflection effects separately.
Added 120Hz mode for Xbox Series X, PS5 and PS5 Pro
Dev Note: The option will show up in the Video Settings if you have a 120Hz capable display connected to your console
Social
Added ‘Incognito Mode’ for players who want to protect themselves when streaming. This feature randomizes the player’s matchmaking queue time to help avoid ‘stream snipers’ and will also hide identifying features such as Rank Score on the player’s own screen
Clubs feature added, allowing players to form clubs with up to 50 members, complete daily club contracts, and more
Added the Inbox, accessible in the top right of the main menu. This feature allows us to send players direct messages about important things happening in the game and in individual accounts
Specializations
Evasive Dash
Fixed an issue where Glitch effects could interrupt an Evasive Dash that was already in progress, changing the length of the dash
Grappling Hook
Fixed an issue introduced in 4.8 that accidentally caused the Grappling Hook to break glass surfaces rather than stick to them
UI
Updated the ‘Play’ button, making it easier to understand where to queue and where to switch modes
Fixed an issue in the inventory HUD that caused it to look like the player could equip an item when they could not
Fixed an issue that could sometimes cause the player to be stuck with Nama Tama hints on the main menu every time they returned to that screen
Updated the “new” label shown in front-end menus to make it less intrusive
VOIP
Overhauled the VOIP system to make it more consistent and reliable, including some fixes to ensure it better respects player settings
Weapons
Cerberus 12GA
New triple-barrel, break action shotgun for the Medium Class
General
Fixed several issues where weapons could end up in a locked state, unable to fire or attack
Glitch Grenade
Fixed an issue that caused Glitch Grenades to not detonate on impact with Dome Shields and Mesh Shields
ShAK-50
New assault rifle for the Heavy Class
Spear
Fixed an issue with the secondary attack which could cause players within range of the swing not to be hit

Security
Hardware restriction capabilities will now be implemented
New and enhanced Aimbot detection
New detection rules for unfair gameplay added
Added additional levels of game (binary) obfuscation

THE FINALS © 2022-2026 Embark Studios AB. THE FINALS and EMBARK trademarks and logos are trademarks or registered trademarks of Embark Studios AB. NEXON trademark and logo are trademarks or registered trademarks of NXC Corporation. © 2026 Sony Interactive Entertainment LLC. PlayStation, the PlayStation Family Mark, PS5, the PS5 logo, PS4 and the PS4 logo are registered trademarks or trademarks of Sony Interactive Entertainment Inc. Microsoft, the Xbox Sphere mark and Xbox Series X|S are trademarks of the Microsoft group of companies. © 2026 Valve Corporation. Steam and the Steam logo are trademarks and/or registered trademarks of Valve Corporation in the U.S. and/or other countries. © 2026 Epic Games, Inc. All rights reserved. Unreal, Unreal Engine and their respective logos are trademarks or registered trademarks of Epic Games, Inc. in the U.S. Patent and Trademark Office and elsewhere. NVIDIA, the NVIDIA logo and the GeForce Now logo are trademarks and/or registered trademarks of NVIDIA Corporation in the U.S. and/or other countries."
Update 4.10.0,2024.12.04,https://www.reachthefinals.com/patchnotes/4100,"Season 4’s Finale!!
As we bid farewell to Season 4 of
THE FINALS
, we want to take a moment to thank each and every one of you for making this season unforgettable. Your creativity, competitive spirit, continuous support and constant feedback has not only filled the Arenas with incredible gameplay, but have also made THE FINALS the world’s greatest game show! This is the last update of Season 4, and while it’s bittersweet to see it go, we couldn’t be more excited for what’s coming next. Make sure to head over to our
Season 5 blog
to learn more about the NEXT STAGE!
To celebrate the incredible journey we’ve shared, we’re gearing up for an unforgettable event – the
Anniversary Showdown
, a live-streamed extravaganza happening on
December 7th
. Mark your calendars and join us as we reflect on the season’s highlights, showcase epic gameplay, and maybe even drop a few surprises!

Looking ahead, Season 5 is shaping up to be something truly special, and we can’t wait to share it with you. If you’re as eager as we are, head over to our latest blog post, where we’ve teased some of the thrilling updates, fresh features, and innovative changes coming your way. Whether you’re a returning competitor or a newcomer ready to step into the action, Season 5 promises to set the stage for even more heart-pounding moments and unforgettable battles.
For those of you currently fighting your way through ranked, the ranked season will end at 8:30 a.m. CET on Thursday the 12th of December. An in-game timer has been added today to reflect that, as well.
Before we leap into the future, don’t miss out on the
last store update of Season 4
, featuring glistening items to commemorate this amazing chapter. Thank you for being an integral part of
THE FINALS
community – we can’t wait to see you in the Anniversary Showdown and beyond!

THE FINALS © 2022-2026 Embark Studios AB. THE FINALS and EMBARK trademarks and logos are trademarks or registered trademarks of Embark Studios AB. NEXON trademark and logo are trademarks or registered trademarks of NXC Corporation. © 2026 Sony Interactive Entertainment LLC. PlayStation, the PlayStation Family Mark, PS5, the PS5 logo, PS4 and the PS4 logo are registered trademarks or trademarks of Sony Interactive Entertainment Inc. Microsoft, the Xbox Sphere mark and Xbox Series X|S are trademarks of the Microsoft group of companies. © 2026 Valve Corporation. Steam and the Steam logo are trademarks and/or registered trademarks of Valve Corporation in the U.S. and/or other countries. © 2026 Epic Games, Inc. All rights reserved. Unreal, Unreal Engine and their respective logos are trademarks or registered trademarks of Epic Games, Inc. in the U.S. Patent and Trademark Office and elsewhere. NVIDIA, the NVIDIA logo and the GeForce Now logo are trademarks and/or registered trademarks of NVIDIA Corporation in the U.S. and/or other countries."
Introducing Season 5,2024.12.03,https://www.reachthefinals.com/patchnotes/s5teaser,"NEXT STAGE: SEASON 5
The curtain rises on
Season 5 of THE FINALS
this December 12th, and this time, it’s not just about new maps, modes, and mayhem. It’s also a milestone—
celebrating one incredible year
since the launch of THE FINALS! For four seasons, we’ve been redefining what it means to compete in the world’s greatest game show. Now, it’s time for the
Next Stage
.
Season 4 was a love letter to the community, bringing back the soul of Ranked Tournaments, launching the vibrant Fortune Stadium, and doubling down on everything that makes THE FINALS unique. But as we look to the future, the next year will be packed with fresh surprises, innovative features, and brand-new destinations.
Without further ado, let’s dive into what makes
Season 5
the most exciting season yet!

BIENVENIDOS A BERNAL

Welcome to Bernal, the stunning new map for Season 5, brought to you by our generous sponsors! This magical town is set in the shadow of the awe-inspiring Peña de Bernal, one of the largest monoliths in the world. The Arena blends rich culture with the showstopping dynamism of THE FINALS. Traverse the narrow, cobblestone streets of its colorful colonial plaza which serves as the map’s heart, leap from rooftop to rooftop, or carve your own path right through the walls. With destructible environments, turn Bernal’s historic charm into the Arena of your dreams. Will you uncover its secrets or leave it in ruins? The choice is yours!

A DEADLY EXPANDED ARSENAL
Season 5 introduces two game-changing weapons that are sure to leave their mark:
ShAK-50
: A heavy-hitting rifle for the Heavy that fires two bullets per shot, delivering immense stopping power with each pull of the trigger.
Cerberus 12GA
: A break-action triple shotgun for the Medium loaded with incendiary shells that can set both contestants and the environment ablaze.
Along with two powerful new gadgets:
Gravity Vortex
: a deployable gadget for the Light with a remote trigger that creates a local singularity that pulls in everything around it, including objectives, players and objects.
Lockbolt Launcher
: a gadget for the Heavy that shoots an anchor into the environment that captures and holds up to three targets. Players are still able to move when anchored but they won’t get far.

WELCOME TO THE CLUB

Season 5 introduces
Clubs
, our new social system where contestants can form groups and play together. Whether you’re a solo star or a party animal, Clubs give you a new way to connect, collaborate, and compete and beat the solo-queue-blues!
Club features include:
Club Bonus
: Earn extra XP and Fans by competing as a team.
Club Wall
: Stay informed about your Club’s latest activities and join the chat.
Team-Up Requests
: Find teammates for your favorite modes more easily.
This is just the beginning—we can’t wait to see how you and your Club work together to make your mark on THE FINALS.

NEW SPONSORS, NEW LOOKS
Sponsors are taking center stage!  You’ll be able to sign with just one sponsor who will support you through the entire season, so choose wisely!
This time, we have one returning sponsor and two new ones!  You’ll be able to pledge your loyalty to VAIIYA, DISSUN, or ISEUL-T! If you’re signing up with ISEUL-T for the second time, you’ll have access to a second tier of their high fashion reward track!

MORE WAYS TO PLAY
Snowball Blitz
: Celebrate the holidays with this limited-time event—a 5v5 snowball fight TDM in Monaco featuring festive contracts and rewards.
Updates to Quick Cash
: We’re introducing wave respawns to reduce long respawn times and keep teams together, as well as in-round loadout swapping inspired by Power Shift.
Meta Overhaul
: A significant balance update ensures fresh strategies and dynamic gameplay.
We’re also adding new ways to experience THE FINALS:
For those with
PS5, PS5 Pro, or Xbox Series X
connected to a
120Hz capable TV
, Season 5 will introduce
120Hz mode
for a smoother, faster gameplay experience targeting 120hz! It’s perfect for players who want to immerse themselves in THE FINALS’ high-octane competition.
Last but not least, we are launching on
Playstation 4!
You will be able to compete in the World’s greatest gameshow on more platforms than ever before!

HIT THE JUKEBOX
Finally, we’re commemorating THE FINALS’ first anniversary with the
Jukebox
, a playlist feature where you can enjoy all the music released throughout Year 1. Whether you’re gearing up for a match or reliving your favorite moments, let the music set the tone.

Clubs are forming. The jukebox is playing. Bernal is loading in…
December 12th
can’t come soon enough.
It’s time for the…
NEXT STAGE!

THE FINALS © 2022-2026 Embark Studios AB. THE FINALS and EMBARK trademarks and logos are trademarks or registered trademarks of Embark Studios AB. NEXON trademark and logo are trademarks or registered trademarks of NXC Corporation. © 2026 Sony Interactive Entertainment LLC. PlayStation, the PlayStation Family Mark, PS5, the PS5 logo, PS4 and the PS4 logo are registered trademarks or trademarks of Sony Interactive Entertainment Inc. Microsoft, the Xbox Sphere mark and Xbox Series X|S are trademarks of the Microsoft group of companies. © 2026 Valve Corporation. Steam and the Steam logo are trademarks and/or registered trademarks of Valve Corporation in the U.S. and/or other countries. © 2026 Epic Games, Inc. All rights reserved. Unreal, Unreal Engine and their respective logos are trademarks or registered trademarks of Epic Games, Inc. in the U.S. Patent and Trademark Office and elsewhere. NVIDIA, the NVIDIA logo and the GeForce Now logo are trademarks and/or registered trademarks of NVIDIA Corporation in the U.S. and/or other countries."
World Tour: Sponsor Showdown,2024.11.28,https://www.reachthefinals.com/patchnotes/wt490,"SPONSOR SHOWDOWN
It’s the last two weeks of the Season and our sponsors are battling it out to see who can control the Arena, map by map!
Contribute to the battle and promote your Sponsor by earning fans in the Sponsor Showdown! Any map you play across all modes will help your sponsor earn more ad space in the Arena. The look and branding of each map can be altered, based on the outcome of your matches.
Time to paint the town blue, green, or orange! The Sponsors are counting on you!
HOW IT WORKS
The Sponsor battle that has been raging all season has determined the starting points for the Showdown Standings:
HOLTOW takes the lead with 80 points to start
ISEUL-T in second place with 40 points
ENGIMO in third place starts at 20 points
Each map will have a daily competition to see which sponsor is dominating the Arena by ranking them based on the average fans earned per contestant for each sponsor.
At the end of every 24-hour period, sponsors will add points to their Showdown Standings based on their performance in each Arena location. For every map, the sponsor with the most earned Fans will get 3 points, followed by 2 points for second place, and 1 point for third.
You can add to your sponsor's Standing by playing any mode, not just the World Tour

REWARDS
All players who competed in Season 4 will receive a reward at the start of Season 5 from the sponsor with the highest Showdown Standing at the end of the Sponsor Showdown

THE FINALS © 2022-2026 Embark Studios AB. THE FINALS and EMBARK trademarks and logos are trademarks or registered trademarks of Embark Studios AB. NEXON trademark and logo are trademarks or registered trademarks of NXC Corporation. © 2026 Sony Interactive Entertainment LLC. PlayStation, the PlayStation Family Mark, PS5, the PS5 logo, PS4 and the PS4 logo are registered trademarks or trademarks of Sony Interactive Entertainment Inc. Microsoft, the Xbox Sphere mark and Xbox Series X|S are trademarks of the Microsoft group of companies. © 2026 Valve Corporation. Steam and the Steam logo are trademarks and/or registered trademarks of Valve Corporation in the U.S. and/or other countries. © 2026 Epic Games, Inc. All rights reserved. Unreal, Unreal Engine and their respective logos are trademarks or registered trademarks of Epic Games, Inc. in the U.S. Patent and Trademark Office and elsewhere. NVIDIA, the NVIDIA logo and the GeForce Now logo are trademarks and/or registered trademarks of NVIDIA Corporation in the U.S. and/or other countries."
Update 4.9.0,2024.11.27,https://www.reachthefinals.com/patchnotes/490,"Roll, rumble, and rise!
This week’s update cranks up the action with FANFARE: enjoy 200% XP for Daily Contracts and up to 150% bonus XP and Fans earned for gameplay until the end of Season 4! Whether you're chasing victories or grinding out those last rewards, now’s the time to shine.
Suit up with the Smashquaker Set for roller derby dominance, channel primal energy with the Savage Spots Set, or stay sleek and fast in the Swift Stripes Set. Prefer a cooler approach? The Eclipse Shade adds a shadowy edge to every encounter.
On the technical side, we’ve reshaped the Model 1887, boosting its pellet count and tightening its spread while reducing the damage for more precision-packed shots. Customization fixes polish up fan favorites like The Synthsprawler and Darque Mood, and performance tweaks should give your HUD a smoother shine.

Stay sharp, and keep your aim true. Now, let’s dive into the full patch notes!
Balance Changes
Weapons
Model 1887
Increased pellet count from 8 to 9, by adding a center pellet
Decreased damage from 16 to 13 per pellet
Updated pellet dispersion pattern, reducing the outer radius slightly
Content and Bug Fixes
Customization
Fixed an issue that would cause the ‘Dye Job’ skin on the SR-84 to look different between the menus and in-game
Fixed interaction between 'Gaucho Bolero's' Black&White effect and 'The Synthsprawler' Hairstyle
Fixed missing pink streak in 'Darque Mood' Hairstyle
Game Modes
Ranked Tournaments
Fixed an issue where a team’s score would not immediately update in the ‘Squad Wipe’ announcement on the HUD
Performance
Made various optimizations to the in-game HUD that should improve client performance for some players
Weapons
Fixed an issue where the Recurve Bow and Throwing Knives could stop sending updates to the server, causing them to look like they were firing when they actually were not

THE FINALS © 2022-2026 Embark Studios AB. THE FINALS and EMBARK trademarks and logos are trademarks or registered trademarks of Embark Studios AB. NEXON trademark and logo are trademarks or registered trademarks of NXC Corporation. © 2026 Sony Interactive Entertainment LLC. PlayStation, the PlayStation Family Mark, PS5, the PS5 logo, PS4 and the PS4 logo are registered trademarks or trademarks of Sony Interactive Entertainment Inc. Microsoft, the Xbox Sphere mark and Xbox Series X|S are trademarks of the Microsoft group of companies. © 2026 Valve Corporation. Steam and the Steam logo are trademarks and/or registered trademarks of Valve Corporation in the U.S. and/or other countries. © 2026 Epic Games, Inc. All rights reserved. Unreal, Unreal Engine and their respective logos are trademarks or registered trademarks of Epic Games, Inc. in the U.S. Patent and Trademark Office and elsewhere. NVIDIA, the NVIDIA logo and the GeForce Now logo are trademarks and/or registered trademarks of NVIDIA Corporation in the U.S. and/or other countries."
World Tour: High-Fashion Havoc,2024.11.14,https://www.reachthefinals.com/patchnotes/wt480,"ISEUL-T Cup
Week 9: High-Fashion Havoc
High-Fashion has never soared this high!
ISEUL-T are rounding out their sponsorship for this season by raising the
stakes
cashouts to brand new heights! This week our arenas are painted in ISEUL-T’s signature colors and will feature Suspended Structures and Moving Platforms!
Additionally we’re kicking off a brand new community event where we’re challenging all of you to successfully steal 600.000 cashouts within the last minute of a match! The intensity has never been higher in The Arena.

Get ready to show off your style and stylish plays in these Arenas;
Monaco
Skyway Stadium
Kyoto
Seoul
ISEUL-T – be ANYONE. be EVERYONE. be ISEUL-T.

THE FINALS © 2022-2026 Embark Studios AB. THE FINALS and EMBARK trademarks and logos are trademarks or registered trademarks of Embark Studios AB. NEXON trademark and logo are trademarks or registered trademarks of NXC Corporation. © 2026 Sony Interactive Entertainment LLC. PlayStation, the PlayStation Family Mark, PS5, the PS5 logo, PS4 and the PS4 logo are registered trademarks or trademarks of Sony Interactive Entertainment Inc. Microsoft, the Xbox Sphere mark and Xbox Series X|S are trademarks of the Microsoft group of companies. © 2026 Valve Corporation. Steam and the Steam logo are trademarks and/or registered trademarks of Valve Corporation in the U.S. and/or other countries. © 2026 Epic Games, Inc. All rights reserved. Unreal, Unreal Engine and their respective logos are trademarks or registered trademarks of Epic Games, Inc. in the U.S. Patent and Trademark Office and elsewhere. NVIDIA, the NVIDIA logo and the GeForce Now logo are trademarks and/or registered trademarks of NVIDIA Corporation in the U.S. and/or other countries."
Update 4.8.0,2024.11.20,https://www.reachthefinals.com/patchnotes/480,"Shred, forge, and fix!
This week’s update cranks the volume to 11 with store items that bring the noise and some much-needed fixes to The Arena.
Take center stage with
Death by Rhodents
! Smash your foes in style with the Wrath of Rats Set, complete with a sledgehammer electric guitar that riffs on inspect, or embrace your inner fan with the Thrash Rat Bundle. Prefer a more refined edge? The Synthronium Forge Set lets you channel futuristic craftsmanship in every encounter.
On the technical side, we’ve tuned up a whole bunch of bugs and included some much-needed quality-of-life changes with everything from fixing the interrupt steal contract not rewarding players properly, to a new accessibility option that replaces flashbang whiteouts with blackouts.
Looking ahead: Tomorrow kicks off Week 3 of the ISEUL-T Cup, alongside a brand-new community event. Stay tuned for all the details in tomorrow’s notes!
Check out this week’s store update:

And now, let’s dig into the fixes!
Content and Bug Fixes
Animation
Fix for rare cases where animations could get stuck in the charge and slam pose
Fix for animations looking wrong when quickly inspecting after throwing a carriable
Audio
Added a potential fix to audio issues that caused weapon sounds to loop or not make any sounds
Contracts
Fixed a bug with the contract for interrupting steals that would sometimes not reward players properly
Game Modes
Cashout Gamemodes
The flashing indication on the cashout station marker now plays for everyone, regardless of which team is stealing the cashout
Fix for vaults no longer spawning when two cashouts are completed in the exact same frame
Gameplay
Fixed the bug that turned leaking gas canisters into shields when picked up
Fixed an issue that caused gamemode objects (Cashboxes, Transfer stations, etc.) to “bounce” up and down in situations where they think they are out of bounds
Maps
Monaco
Fixed an issue near the park shed that allowed the cashbox to fall out of the gameplay space
Kyoto
Re-fractured wall destruction into larger chunks to reduce the amount of small-scale debris and make destruction more consistent with other maps
Kyoto, Seoul & Skyway Stadium
Objective spawns have been added back to moving platforms and elevators
Movement
Fixed an issue where input could become locked when using the Mesh Shield and inverted vertical camera control
Performance & Stability
Fixed an issue that caused the contestant selection portion of the pre-round not to show
Security
Added a new cheating detection rule
Settings
Fixed characters being stretched in strange ways when using an aspect ratio narrower than 16:9
Added an accessibility option to make the flashbang blackout the screen,  instead of a whiteout
Added input hints to the settings menu
Specializations
Grapple Hook
Added improved targeting, to solve the recurring bug where the hook would hit invisible targets
Dash
Fixed an issue that allowed players to interrupt dashes by emoting, making them lunge further than intended
UI
Fixed an issue where explosive damage in the damage log would show the weapon that triggered the explosion instead of the explosion itself
Gameplay UI is hidden while in the settings menu so that it's not visible while in the Video settings
Made sure the Matchmaking information widget snaps to the correct location in ultra-wide resolutions
Added input hints to all items when equipping
Added the emerald rewards on the World Tour info screen
Fixed an issue where the wrong sponsor might be shown in the map introduction sequence

THE FINALS © 2022-2026 Embark Studios AB. THE FINALS and EMBARK trademarks and logos are trademarks or registered trademarks of Embark Studios AB. NEXON trademark and logo are trademarks or registered trademarks of NXC Corporation. © 2026 Sony Interactive Entertainment LLC. PlayStation, the PlayStation Family Mark, PS5, the PS5 logo, PS4 and the PS4 logo are registered trademarks or trademarks of Sony Interactive Entertainment Inc. Microsoft, the Xbox Sphere mark and Xbox Series X|S are trademarks of the Microsoft group of companies. © 2026 Valve Corporation. Steam and the Steam logo are trademarks and/or registered trademarks of Valve Corporation in the U.S. and/or other countries. © 2026 Epic Games, Inc. All rights reserved. Unreal, Unreal Engine and their respective logos are trademarks or registered trademarks of Epic Games, Inc. in the U.S. Patent and Trademark Office and elsewhere. NVIDIA, the NVIDIA logo and the GeForce Now logo are trademarks and/or registered trademarks of NVIDIA Corporation in the U.S. and/or other countries."
World Tour: Fashion Week,2024.11.14,https://www.reachthefinals.com/patchnotes/wt470,"ISEUL-T Cup
Week 8: Fashion Week
Hit the Runway!
Welcome to Fashion Week! The ISEUL-T Cup continues with a passion for fashion! Dress to impress this week and submit your best look for the chance to win a prize!
We’re partnering with THE FINALS Runway to pick the top 25 most head-turning looks! Head over to the fan-run subreddit,
r/TheFinalsRunway
, and read the rules to enter! Don’t forget to participate in the vote! May the most stylish contestant win!
Let’s start the festivities!

Stomp the catwalk in this week’s Arenas:
Fortune Stadium
Monaco
Skyway Stadium
Vegas
ISEUL-T – be ANYONE. be EVERYONE. be ISEUL-T.

THE FINALS © 2022-2026 Embark Studios AB. THE FINALS and EMBARK trademarks and logos are trademarks or registered trademarks of Embark Studios AB. NEXON trademark and logo are trademarks or registered trademarks of NXC Corporation. © 2026 Sony Interactive Entertainment LLC. PlayStation, the PlayStation Family Mark, PS5, the PS5 logo, PS4 and the PS4 logo are registered trademarks or trademarks of Sony Interactive Entertainment Inc. Microsoft, the Xbox Sphere mark and Xbox Series X|S are trademarks of the Microsoft group of companies. © 2026 Valve Corporation. Steam and the Steam logo are trademarks and/or registered trademarks of Valve Corporation in the U.S. and/or other countries. © 2026 Epic Games, Inc. All rights reserved. Unreal, Unreal Engine and their respective logos are trademarks or registered trademarks of Epic Games, Inc. in the U.S. Patent and Trademark Office and elsewhere. NVIDIA, the NVIDIA logo and the GeForce Now logo are trademarks and/or registered trademarks of NVIDIA Corporation in the U.S. and/or other countries."
Update 4.7.0,2024.11.13,https://www.reachthefinals.com/patchnotes/470,"Get in sync with the Synthsprawler and juggle your way to victory!
Get ready to turn heads in the Arena with Update 4.7!
Suit up with The Synthsprawler to bring futuristic flair to the Arena, or add a playful punch with the Playtime Payload Set for your .50 Akimbo. For those who love precision, Juggle Jam has you covered with timing-perfect animations.
Plus, we’re just a day away from Week 2 of the ISEUL-T Cup in the World Tour, and this week there’ll be a community focus on fashion! Keep an eye out for Thursday’s notes to catch all the info.
Now, let’s check out this week’s store update:

THE FINALS © 2022-2026 Embark Studios AB. THE FINALS and EMBARK trademarks and logos are trademarks or registered trademarks of Embark Studios AB. NEXON trademark and logo are trademarks or registered trademarks of NXC Corporation. © 2026 Sony Interactive Entertainment LLC. PlayStation, the PlayStation Family Mark, PS5, the PS5 logo, PS4 and the PS4 logo are registered trademarks or trademarks of Sony Interactive Entertainment Inc. Microsoft, the Xbox Sphere mark and Xbox Series X|S are trademarks of the Microsoft group of companies. © 2026 Valve Corporation. Steam and the Steam logo are trademarks and/or registered trademarks of Valve Corporation in the U.S. and/or other countries. © 2026 Epic Games, Inc. All rights reserved. Unreal, Unreal Engine and their respective logos are trademarks or registered trademarks of Epic Games, Inc. in the U.S. Patent and Trademark Office and elsewhere. NVIDIA, the NVIDIA logo and the GeForce Now logo are trademarks and/or registered trademarks of NVIDIA Corporation in the U.S. and/or other countries."
World Tour: OPENING WEEK,2024.11.07,https://www.reachthefinals.com/patchnotes/wt460,"ISEUL-T Cup
Week 7: Opening Week
Passion for Fashion?
Today we usher in the ISEUL-T Cup, a new leg of the World Tour sponsored by ISEUL-T!
They’ve cleaned up the arenas from last week's chaotic, frightful, spooky season and are offering us stylish arenas with standard cashout rules!

Here are this week’s Arenas:
Fortune Stadium
Monaco
Skyway Stadium
Vegas
ISEUL-T – be ANYONE. be EVERYONE. be ISEUL-T.

THE FINALS © 2022-2026 Embark Studios AB. THE FINALS and EMBARK trademarks and logos are trademarks or registered trademarks of Embark Studios AB. NEXON trademark and logo are trademarks or registered trademarks of NXC Corporation. © 2026 Sony Interactive Entertainment LLC. PlayStation, the PlayStation Family Mark, PS5, the PS5 logo, PS4 and the PS4 logo are registered trademarks or trademarks of Sony Interactive Entertainment Inc. Microsoft, the Xbox Sphere mark and Xbox Series X|S are trademarks of the Microsoft group of companies. © 2026 Valve Corporation. Steam and the Steam logo are trademarks and/or registered trademarks of Valve Corporation in the U.S. and/or other countries. © 2026 Epic Games, Inc. All rights reserved. Unreal, Unreal Engine and their respective logos are trademarks or registered trademarks of Epic Games, Inc. in the U.S. Patent and Trademark Office and elsewhere. NVIDIA, the NVIDIA logo and the GeForce Now logo are trademarks and/or registered trademarks of NVIDIA Corporation in the U.S. and/or other countries."
Update 4.6.0,2024.11.06,https://www.reachthefinals.com/patchnotes/460,"Mid-way through Season 4
It’s halftime in The Arena and we bid our second sponsor, HOLTOW, farewell and Thank You for the generous sponsorship this season! ISEUL-T are next in line and have some big shoes to fill following last week’s Trick or Treat event in the World Tour - but if anyone can do it, and in a grandiose fashion, it’s ISEUL-T.
Don't forget to keep spinning the wheel! Ticket drops end on the 13th but the event will stay live until the 15th, giving you time to spend your tickets and pick up a few last items in peace. Good luck!
This week we are bringing you some balance changes, reducing the effective range of both the Healing Beam and the Sword, while adjusting the Pike-556 to have a clearer ranged identity. There’s also a boatload of bug fixes and quality-of-life improvements coming your way, with everything from a fix for beards clipping through headwear to some much-needed performance improvements for XBOX.
Worried about what to do when the sun goes dark? Thanks to this week’s store update, and HOLTOW’s generous Insurance Set - you don’t need to worry.
Check it out here:

Now, let’s dig into the changes!
Balance Changes
Healing Beam
Decreased max target distance from 12m to 10m
Decreased  max healing distance from 15m to 13m
Decreased  time before we disconnect a blocked healing beam, from 1s to 0.75s
Dev Note: We felt the existing range of the Healing Beam was causing teams to benefit from healing in combat, without the associated risks of close proximity. We feel with this closer range we open up more opportunities to counter-play teams that are healing in combat, via various Gadgets. Wherever we can, we prefer to try and solve possible balance issues via counter-play, rather than straight-up nerfs, and we think this change should offer opportunities here, but as always we’ll monitor the impact of the change and adjust as needed.
Pike-556
Decreased damage from 52 to 47
Increased damage falloff multiplier at max range from 75% to 85%, increasing the damage at longer ranges
Dev Note: We felt the Pike-556 still remained too strong in close-range encounters despite the previous damage adjustments. With these changes we make the weapon less effective at closer ranges while maintaining its effectiveness at longer ranges
Pyro Grenade
Pyro Grenades will now deal damage to shields, such as the Dome Shield and Mesh Shield
Sword
Decreased  lunge duration of the secondary attack from 0.4 to 0.3 seconds, resulting in ~1m reduction in distance, from roughly 7m to 6m
Decreased  the length of the secondary attack’s hit sweep by 55cm
Dev Note: These changes should decrease the effective range of the lunge attack by ~1.5m, hopefully making the Sword slightly less oppressive for players facing it.
Content and Bug Fixes
Animation
Updated player card pose for the ‘Tripwire Tango’ Emote
Fixed an issue where the Winch Claw animation would not play when firing the main weapon
Fixed an issue with the Throwing Knives where the player’s arms could end up in a locked state after using the secondary attack
Made adjustments to how the sprint animations are triggered for the .50 Akimbo pistols. Previously when continuously pressing the assigned sprint button, animations would retrigger making the experience feel a bit clumsy. This should now feel smoother
Fixed an issue where you could enter a faulty movement state when detaching from a broken ladder in the practice range
Audio
Fixed an issue that could cause the commentators to mention it was the first team wipe when the second team wipe of a match happened
Fixed an issue where the Treat Hunt introduction video had the wrong audio file and incorrect subtitles
Added more line variations when new vaults spawn, 1 minute left and 30 seconds left
Improved delivery on June’s respawn lines
Contracts
Players can no longer progress healing-based Contracts by restoring teammates’ health that was lost due to self-damage. Only healing damage caused by enemy players will count
Players can now only progress revive-based Contracts by reviving teammates that were eliminated by opposing players. Reviving players who eliminated themselves will not be counted
Fixed an issue where kills caused by throwables were not granting combat score
Customization
Fixed an issue where beards would clip through some helmets
Made the Tacticool charm heavier, to prevent erratic movement
Added a leaderboard to the ÖRF backpack in-game (visible on the backpack!)
Fixed an issue where sometimes the wrong watch was displayed
Fixed an issue that caused many headwear items to not be displayed on characters at a distance
Fixed an issue where certain headwear would not fully dissolve when a contestant was eliminated
Fixed an issue that caused emote sound effects to be played when editing player cards
Improved the experience of equipping player card items in store bundles
Fixed an issue that caused some weapon skins to load incorrectly, glitch in the game, or not load at all on Xbox
Game Modes
Fixed multiple issues with outline colors on contestants
Fixed an issue where the ""being revived"" prompt could get stuck on screen
Fixed an issue where thrown Cash Boxes didn't get deposited if you died before they hit the Cashout Station
Improved the movement behaviors of the flying saucers in the Alien Invasion gameshow event
Maps
Kyoto
Improved collision on stepping stone paths to smooth out traversal over the available water crossings
Reduced and consolidated the amount of exposed objectives in the Villa Compound garden to make combat more directional and less chaotic
Small tweaks to the interior layouts of the Guest House, Training Quarters, and Residential zones with the aim of improving readability and reducing complexity
Practice Range
Re-introduced the suspended barrel bags
Seoul
Fixed an issue where several walkways in the Data Center were floating
Fixed an issue where some ladders on the billboards were floating
Fixed an issue where several railings in Seoul had more health than intended
General
Fixed an issue where cobwebs on some maps could block interactions
Performance & Stability
Added Temporal Super-Resolution (TSR) as a new Resolution Scaling Method in the Video Settings
Fixed an issue where large-scale destruction could lead to late-joining/reconnecting players having desynced debris on the map
Fixed an issue that would cause severe performance degradation on Xbox Series S
UI
Added an option to allow players to reset or turn off tutorial hints in the settings menu, resetting hints will return players to the main menu
New look for the matchmaking widget
Fixed an issue where the end-of-round progression screen for Sponsors would appear faulty for players who have reached the maximum Sponsor rank
Fixed an issue where the ‘Blinded Opponent’ score message wouldn’t disappear until the enemy was eliminated
Fixed an issue where environmental kills could result in a large negative score on Contracts (this issue only affected the UI, not the actual Contract progress)
Weapons
Riot Shield
Fixed an issue where the Riot Shield could catch on fire
Melee Attacks
Fixed an issue where the third-person visual and audio impact effects of a melee attack would be delayed

THE FINALS © 2022-2026 Embark Studios AB. THE FINALS and EMBARK trademarks and logos are trademarks or registered trademarks of Embark Studios AB. NEXON trademark and logo are trademarks or registered trademarks of NXC Corporation. © 2026 Sony Interactive Entertainment LLC. PlayStation, the PlayStation Family Mark, PS5, the PS5 logo, PS4 and the PS4 logo are registered trademarks or trademarks of Sony Interactive Entertainment Inc. Microsoft, the Xbox Sphere mark and Xbox Series X|S are trademarks of the Microsoft group of companies. © 2026 Valve Corporation. Steam and the Steam logo are trademarks and/or registered trademarks of Valve Corporation in the U.S. and/or other countries. © 2026 Epic Games, Inc. All rights reserved. Unreal, Unreal Engine and their respective logos are trademarks or registered trademarks of Epic Games, Inc. in the U.S. Patent and Trademark Office and elsewhere. NVIDIA, the NVIDIA logo and the GeForce Now logo are trademarks and/or registered trademarks of NVIDIA Corporation in the U.S. and/or other countries."
World Tour: Trick or Treat,2024.10.31,https://www.reachthefinals.com/patchnotes/wt450,"HOLTOW CLASSIC
Week 6: Trick or Treat
This week, HOLTOW has pulled out all the stops, dimmed the lights, and turned the Arena into a place where things go bump in the night…things like Pumpkins that explode on impact, so keep your gourd up!
We hope you’ll have a ghoulishly good time destroying the Arena and smashing pumpkins to delight the fans and take out the competition!

The Arena’s this week are waiting for you. Enter, if you dare:
Spooky Kyoto
Spooky Horizon
Spooky Monaco
Spooky Seoul
HOLTOW –
We know what you fear. But fear not.

THE FINALS © 2022-2026 Embark Studios AB. THE FINALS and EMBARK trademarks and logos are trademarks or registered trademarks of Embark Studios AB. NEXON trademark and logo are trademarks or registered trademarks of NXC Corporation. © 2026 Sony Interactive Entertainment LLC. PlayStation, the PlayStation Family Mark, PS5, the PS5 logo, PS4 and the PS4 logo are registered trademarks or trademarks of Sony Interactive Entertainment Inc. Microsoft, the Xbox Sphere mark and Xbox Series X|S are trademarks of the Microsoft group of companies. © 2026 Valve Corporation. Steam and the Steam logo are trademarks and/or registered trademarks of Valve Corporation in the U.S. and/or other countries. © 2026 Epic Games, Inc. All rights reserved. Unreal, Unreal Engine and their respective logos are trademarks or registered trademarks of Epic Games, Inc. in the U.S. Patent and Trademark Office and elsewhere. NVIDIA, the NVIDIA logo and the GeForce Now logo are trademarks and/or registered trademarks of NVIDIA Corporation in the U.S. and/or other countries."
Update 4.5.0,2024.10.30,https://www.reachthefinals.com/patchnotes/450,"Halloween is here!
We’ve got an all-new event with 27 collectible rewards and an explosive addition to the World Tour maps starting tomorrow, sponsored by HOLTOW, who reminds you to carve your pumpkins with extreme caution!
For today…
Join the Treat Hunt Collection Event
Feeling dizzy, Contestant? It might be the copious amounts of OSPUZE-flavored Halloween candy you’ve been eating, or it could be our brand new feature - the Wheel!
The Reward Wheel is something we’ve never seen before in THE FINALS! We realized that we could not be the World's greatest game show without a flashy wheel of amazing prizes!
This Halloween, instead of adding all of these amazing cosmetics to the store, we’ve added them to the Reward Wheel. In order to spin the wheel and win something, you must have a ticket, and you can earn up to three tickets per day by completing daily contracts!
There’s an equal chance of winning every item, and if there’s a specific item you want from the wheel you can buy it using either VR’s or Multibucks (depending on the item) - no luck needed! If you spend a ticket on a spin and wind up on a reward you already have, you’ll get some VR’s back - so every spin is a win!
If you collect all the rewards featured on the wheel, you’ll get the grand prize: the Stealth Specter Bundle, which is sure to make you stand out in The Arena!
The event goes live right now, and will be live for two full weeks - so make sure you hop in right now, work your way through those contracts, and…
SPIN.
THAT.
WHEEL!
Do you know what makes this Halloween event
extra
scary? We’ve never done anything like this before. We want to keep finding new ways to reward and amuse you while keeping the game new and fun! Because this is so new, we would love your feedback on this event. So when it’s over, we’ll ask you to fill out a short survey about your experience.
In this update, the store is Spookier than ever! If you’re still unsure about what to dress up as for Halloween the Seas The Day bundle has you covered, it even comes with a pirate’s booty worth of Multibucks!

For those of you fighting for the top 500, this week, we are introducing Ruby level to the leaderboards!
Check out this week’s balance changes and a longer dev note on how we approach balance changes this season:
Balance Changes
A note on balance changes–
Our approach to balancing the game has evolved since the first season of THE FINALS! In the beginning, we made a lot of changes because the game was brand new and we suddenly had a constant flow of players to provide feedback, telemetry, and information that we could use to calibrate and experiment with quickly.
As time marches on and we start to see this game reach a more stable state, we want to fall into a more sustainable and reliable rhythm that gives us time to plan larger and more meaningful shifts in balance based on how we see the community engage with the meta.
As such, our intent is to do those larger, meta-altering balance passes at the start of each new season, where we can introduce new strategies and ways to play. Then, as needed, we’ll perform another pass halfway through each season aimed at polishing the current meta and addressing major feedback points from our core without fully resetting the meta and causing confusion.
Between these two major balance passes, we’ll only perform smaller nudges to the balance that aim to smooth out the current experience when absolutely necessary.
We’re hopeful this approach will lead to a smoother and clearer experience for you and help set better expectations regarding the weekly game updates while being kinder to our players and to our team!
Weapons
Model 1887
Increased inner pellet radius from 0.45 to 0.65, making the weapon less accurate at longer ranges
Increased outer pellet radius from 1.3 to 1.7, making the weapon less accurate at longer ranges
Decreased damage falloff multiplier from 65% to 60%, causing the weapon to do less damage at range
Dev Note: One way we investigate the balance of weapons is to look at effectiveness in gameplay (i.e. stats like damage, kill rates, headshot rates, and accuracy), in addition to stats like usage and win rates. Looking at this data alone, the Model 1887 is good but not exceptional when it comes to effectiveness during play. However, we’ve seen a large uptick in usage, mostly in higher-skill tiers which has led to the gun being very prevalent in matches and leading to a somewhat stale meta. This ‘nudge’ to the effective range will hopefully disrupt this trend, without making the weapon weaker than its nearest competitors when it comes to effectiveness (i.e. the AKM, Famas and Pike-556).
XP-54
Increased damage falloff start distance from 15m to 20m, making the weapon more impactful at range
Increased damage falloff end distance from 25m to 30m, making the weapon more impactful at range
Decreased damage falloff multiplier from 65% to 62%
Content and Bug Fixes
Contracts
Added new Halloween Contracts as part of the Treat Hunt event
Fixed an issue where the damage values earned on Contracts could be broken, showing large negative scores
Specializations
Cloaking Device
Fixed an issue introduced in 4.4 that caused refraction effects like cloaking, and parts of the dematerialize effect, to not be visible when the effect quality is set to medium
Dematerializer
Fixed an issue where environmental kills were not detected when the dematerialized ‘floor’ was an air vent or other small prop
UI
Fixed an issue where players might not be able to equip an item immediately after purchasing it
Fixed various issues where player outlines could have the wrong color
Fixed an occasional issue where new players could become stuck in the account linking flow
Fixed an issue where the Contract screen would unlock at the wrong time for new players during the first-time user experience
Sponsors
Increased the number of Fans that can be earned by 50% to 100%, depending on the action type
Disabled the ability to earn Fans with the Healing Beam
Dev Note: We’ve disabled the earning of Fans via the Healing Beam as it was too easy for players to exploit this mechanic to farm Fans, at the cost of good, competitive matches. We only want Fans to be earnable for actions that can be completed regardless of the Contestant setup.
VRs
Increased the VR cap from 3000 to 5000
Weapons
Alternate Scopes
Fixed an issue where weapons with an attached sight could have a skewed pose when aiming down sights, causing the sight to be misaligned with where the weapon is aimed

THE FINALS © 2022-2026 Embark Studios AB. THE FINALS and EMBARK trademarks and logos are trademarks or registered trademarks of Embark Studios AB. NEXON trademark and logo are trademarks or registered trademarks of NXC Corporation. © 2026 Sony Interactive Entertainment LLC. PlayStation, the PlayStation Family Mark, PS5, the PS5 logo, PS4 and the PS4 logo are registered trademarks or trademarks of Sony Interactive Entertainment Inc. Microsoft, the Xbox Sphere mark and Xbox Series X|S are trademarks of the Microsoft group of companies. © 2026 Valve Corporation. Steam and the Steam logo are trademarks and/or registered trademarks of Valve Corporation in the U.S. and/or other countries. © 2026 Epic Games, Inc. All rights reserved. Unreal, Unreal Engine and their respective logos are trademarks or registered trademarks of Epic Games, Inc. in the U.S. Patent and Trademark Office and elsewhere. NVIDIA, the NVIDIA logo and the GeForce Now logo are trademarks and/or registered trademarks of NVIDIA Corporation in the U.S. and/or other countries."
World Tour: Cosmic Liability,2024.10.24,https://www.reachthefinals.com/patchnotes/wt440,"HOLTOW CLASSIC
Week 5: Cosmic Liability
HOLTOW invites you to experience the frightening possibility of an Alien Invasion in week 5 of the World Tour!

This week, you’ll have to cashout while avoiding enemy teams
and
a beefed-up threat from above! Aliens have descended upon the arena, and this time, they mean business! The UFOs’ anti-gravity beams will now be able to pick up contestants and — as a reminder to get your HOLTOW insurance — that beam hurts! Watch out for their super-charged lasers, too!
The arena rotation for this week includes the following arenas, some with Halloween-themed decor:
Skyway Stadium
Vegas
Spooky Monaco
Spooky Seoul
HOLTOW - Digitally Insured, Virtually Secured.

THE FINALS © 2022-2026 Embark Studios AB. THE FINALS and EMBARK trademarks and logos are trademarks or registered trademarks of Embark Studios AB. NEXON trademark and logo are trademarks or registered trademarks of NXC Corporation. © 2026 Sony Interactive Entertainment LLC. PlayStation, the PlayStation Family Mark, PS5, the PS5 logo, PS4 and the PS4 logo are registered trademarks or trademarks of Sony Interactive Entertainment Inc. Microsoft, the Xbox Sphere mark and Xbox Series X|S are trademarks of the Microsoft group of companies. © 2026 Valve Corporation. Steam and the Steam logo are trademarks and/or registered trademarks of Valve Corporation in the U.S. and/or other countries. © 2026 Epic Games, Inc. All rights reserved. Unreal, Unreal Engine and their respective logos are trademarks or registered trademarks of Epic Games, Inc. in the U.S. Patent and Trademark Office and elsewhere. NVIDIA, the NVIDIA logo and the GeForce Now logo are trademarks and/or registered trademarks of NVIDIA Corporation in the U.S. and/or other countries."
Update 4.4.0,2024.10.23,https://www.reachthefinals.com/patchnotes/440,"It’s getting spooky in The Arena!
With Halloween taking the spotlight next week, you might start seeing spooky changes around the Arena starting today! Dress up in your most ghoulish get-up, send shivers down enemy contestants' virtual spines as an Underworld Outcast, and get trick-or-treating before the season ends!

In this patch, you’ll find changes and fixes, including the introduction of a system to reward kills to players based on environmental kills that launch players off the map, among other things!
Check out the changes below and stay tuned for a World Tour update tomorrow that is out of this world, setting a spooky stage for things to come, and a new set of Twitch Drops to collect as we creep closer to Fright Night!
Balance Changes
Weapons
Sledgehammer
Decreased the sweep duration of the secondary attack by 25%
Decreased the sweep width of the secondary attack from 30cm to 25cm
Increased the sweep width of the primary attack from 12cm to 15cm
Dev Note: These changes make the Sledgehammer’s hit sweeps more accurately match the attack animations which hopefully makes the weapon feel more reliable for its victims. We noticed that in some cases players would be hit despite the Sledgehammer’s model not passing near to them at all, which could cause a lot of confusion.
Content and Bug Fixes
Animation
Fixed an issue where audio was looping when vaulting over certain obstacles
Audio
Replaced the Cl 40 grenade impact sound to lessen ear fatigue
Bugs
Fixed an issue that caused a hang for players using DX11
Fixed an issue where certain usage of goo could result in players bypassing collision
Potential fix for players becoming permanently invisible during a round
Fixed one of the issues which could cause destruction to appear out of sync
Cosmetics
Fixed an issue where the ""Stuck on you"" sticker on FCAR skin could be floating when using the Ironsight
Contracts
Re-balanced some of the distance-based Contracts to make achieving them a better experience
Environmental Eliminations
Updated the kill system to detect and reward players for ‘environmental kills’, i.e. kills where a player falls out of bounds and dies due to the actions of another player
Examples of the types of falling kills this system can now detect include:
Removing the floor from underneath a player (e.g. destroying Seoul’s sky bridge or removing it via the Dematerializer)
Blocking a player with Goo or a thrown carriables
Destroying ziplines carrying a player
Firing a player out of the level with a Jump Pad
Lifting a player out of the level with the Anti-Gravity Cube
Pulling a player out of the level with the Winch Claw
Knocking a player out of the level with Charge ‘n Slam
Causing a player to fall out of the level using the Gateway
Dev Note:  This is the first iteration of this system. There's quite a few knobs to turn since there's a huge amount of ways in which players can end up falling out of bounds. We can't track absolutely all types of interactions due to the infinite amount of possibilities, including exceptions such as physics-to-physics interactions (i.e. objects/building pieces pushing at each other), but we've tried to catch most of the common ones. We'll keep on iterating and try to address as much of the feedback as possible in coming releases!
Gadgets
Anti-Gravity Cube
Fixed various unintended bugs with the Anti-Gravity Cube
Dev Notes: Unfortunately folks, with these fixes the age of the “Goo plane” is over. We loved your imagination with these creations, but this is not a form of locomotion we ever intended for the game and, as well as being very counterintuitive for many players, they can also negatively impact pacing.
Glitch Trap
Added squad colors to the Glitch Trap
RPG-7
Fixed an issue where the RPG would restock ammo too early in the reload animation
Game Modes
Practice Range
Fixed an issue where practice dummies would block explosive damage
Maps
Monaco
Added additional exit point at the top of the alley zipline, allowing players to jump directly on the opposite rooftop.
Kyoto
Small flow improvements around the side of the Pavilion, preventing players from getting stuck between bamboos or get snagged on lanterns
Settings
Added a new option called ""Resolution Scale Mode"" when TAAU is the selected resolution scaling method. This new setting defaults to the ""Auto"" option, which selects resolution scaling automatically based on your screen resolution. The alternative ""Manual"" option allows adjusting the resolution scale value with the ""Resolution Scale"" slider, just like before
Adjusted the way the GPUs FSR2 and XeSS are selected by default. Both of these are high-quality techniques that are not suitable for low-end GPUs. For low-end GPUs, TAAU will be the default resolution scaling method from now on
Specializations
Goo Gun
Goo projectiles from the Goo Gun will now stick to the base of turrets in the same way as goo from barrels
UI
Fixed an issue where players moving from Platinum 1 to Diamond 4 in World Tour would see the wrong badge and progress bar on the World Tour screen
Fixed an issue where scoring events would show the score gained twice on the HUD, for example: “Vault Opened 500 +500”
Fixed an issue where the larger Battle Pass reward images didn’t cover the whole tile
Fixed an issue where Mouse and Keyboard users could only use the Mouse Wheel to zoom in/out on cosmetics on the Sponsor screen when the mouse was placed in the top part of the screen
Fixed an issue where game mode tiles could get stuck in the hover state
Fixed an issue where player names would not update immediately when using the ‘Hide Playernames’ option
Added friends filter to the leaderboard
Fixed an issue where friends’ names could show up incorrectly on leaderboards after toggling the friends filter
Adjusted healthbars back to intended height
VFX
Fixed an issue that caused the fog at the edge of the screen to flicker occasionally
VOIP
Fixed an issue on consoles where VOIP would stop working after entering the console overlay after launching the game
Weapons
Alternate Sights
Fixed an issue where the player’s gun could be offset when playing with a sight
AKM
Updated the ammo count on the item overview screen
CL-40
Updated the ammo count on the item overview screen

THE FINALS © 2022-2026 Embark Studios AB. THE FINALS and EMBARK trademarks and logos are trademarks or registered trademarks of Embark Studios AB. NEXON trademark and logo are trademarks or registered trademarks of NXC Corporation. © 2026 Sony Interactive Entertainment LLC. PlayStation, the PlayStation Family Mark, PS5, the PS5 logo, PS4 and the PS4 logo are registered trademarks or trademarks of Sony Interactive Entertainment Inc. Microsoft, the Xbox Sphere mark and Xbox Series X|S are trademarks of the Microsoft group of companies. © 2026 Valve Corporation. Steam and the Steam logo are trademarks and/or registered trademarks of Valve Corporation in the U.S. and/or other countries. © 2026 Epic Games, Inc. All rights reserved. Unreal, Unreal Engine and their respective logos are trademarks or registered trademarks of Epic Games, Inc. in the U.S. Patent and Trademark Office and elsewhere. NVIDIA, the NVIDIA logo and the GeForce Now logo are trademarks and/or registered trademarks of NVIDIA Corporation in the U.S. and/or other countries."
World Tour: HOLTOW CLASSIC,2024.10.03,https://www.reachthefinals.com/patchnotes/wt430,"Welcome to the First Stage of the HOLTOW CLASSIC!
This week the Arena is back to normal and HOLTOW are treating us to some normal, standard issue, Cashout Tournaments:

As we thank ENGIMO for their generous sponsorship so far this season, we welcome HOLTOW to take the stage for the next three weeks. With HOLTOW’s insurance packages we feel certain that the World Tour is in excellent hands.
The arena rotation for this week includes the following
Maps
;
Fortune Stadium
Skyway Stadium
SYS$HORIZON
Seoul
HOLTOW - Digitally Insured, Virtually Secured.

THE FINALS © 2022-2026 Embark Studios AB. THE FINALS and EMBARK trademarks and logos are trademarks or registered trademarks of Embark Studios AB. NEXON trademark and logo are trademarks or registered trademarks of NXC Corporation. © 2026 Sony Interactive Entertainment LLC. PlayStation, the PlayStation Family Mark, PS5, the PS5 logo, PS4 and the PS4 logo are registered trademarks or trademarks of Sony Interactive Entertainment Inc. Microsoft, the Xbox Sphere mark and Xbox Series X|S are trademarks of the Microsoft group of companies. © 2026 Valve Corporation. Steam and the Steam logo are trademarks and/or registered trademarks of Valve Corporation in the U.S. and/or other countries. © 2026 Epic Games, Inc. All rights reserved. Unreal, Unreal Engine and their respective logos are trademarks or registered trademarks of Epic Games, Inc. in the U.S. Patent and Trademark Office and elsewhere. NVIDIA, the NVIDIA logo and the GeForce Now logo are trademarks and/or registered trademarks of NVIDIA Corporation in the U.S. and/or other countries."
Update 4.3.0,2024.09.26,https://www.reachthefinals.com/patchnotes/430,"Store Update, Season 3 Rewards and Final Day for the Community Event
Let’s get ready to muck up the competition with the Green Gunk Set, or maybe climb your way to the top using the Mean Green Beanstalk Set - both featured in this week’s store update:

Season 3 Ranked Rewards
Following today’s update we will be sending out the missing Multibucks from the Season 3 World Tour. If you made it to Bronze 4 last season, 50 Multibucks will be coming your way shortly - and - if you made it all the way to Gold 1 you can expect 250 Multibucks to find its way to your account.
Alongside the Multibucks, we will also be publishing one final Ranked leaderboard for Season 3, and with it, also hand out the last few rewards which were missing from that leaderboard as well.
Community Event Update
The current Community Event is making good progress, but it’s not been completed yet! Less than 24 hours remain and there’s still a way to go. Make sure to equip any of the Season 4 weapons and head into The Arena! If the community makes it you’ll all receive the ENGIMO community-compliant .50 Akimbo’s!
Check the current progress on our leaderboard right here: https://id.embark.games/leaderboards/ce42

THE FINALS © 2022-2026 Embark Studios AB. THE FINALS and EMBARK trademarks and logos are trademarks or registered trademarks of Embark Studios AB. NEXON trademark and logo are trademarks or registered trademarks of NXC Corporation. © 2026 Sony Interactive Entertainment LLC. PlayStation, the PlayStation Family Mark, PS5, the PS5 logo, PS4 and the PS4 logo are registered trademarks or trademarks of Sony Interactive Entertainment Inc. Microsoft, the Xbox Sphere mark and Xbox Series X|S are trademarks of the Microsoft group of companies. © 2026 Valve Corporation. Steam and the Steam logo are trademarks and/or registered trademarks of Valve Corporation in the U.S. and/or other countries. © 2026 Epic Games, Inc. All rights reserved. Unreal, Unreal Engine and their respective logos are trademarks or registered trademarks of Epic Games, Inc. in the U.S. Patent and Trademark Office and elsewhere. NVIDIA, the NVIDIA logo and the GeForce Now logo are trademarks and/or registered trademarks of NVIDIA Corporation in the U.S. and/or other countries."
Update 4.2.0,2024.09.26,https://www.reachthefinals.com/patchnotes/420,"Welcome to Update 4.2!
This update comes jam-packed with changes, from a brand new event in the World Tour, ranked rewards, a brand new community event and balance changes!
First, let’s check out this week’s store update:

World Tour Event - Primetime Buff
Let’s jump into this week’s changes and start it off with a brand new event in the World Tour; “Primetime Buff”! Primetime Buff triggers when you or a teammate inserts a cash box into a cashout station, and it affects your whole team! When affected by Primetime Buff, you and your teammates receive +100 health over your typical max health (e.g. a Light player would go from a max of 150 to 250 health). Some notes about Primetime Buff;
If taking damage, the extra health does not replenish.
When the cashout is finished, the buff will disappear.
The buff cannot be stacked, but it can be replenished if your team deposits another cash box.
The buff does not apply to teammates that are eliminated when the cash box is inserted.
ENGIMO are truly treating us well on their last stop of the World Tour, which includes the following maps;
Fortune Stadium
Monaco
Kyoto
SYS$HORIZON
Season 3 Ranked Rewards
We said we'd deliver the post-Season 3 rewards with update 4.2, and we still intend to do that. However, given how important it is that this is handled correctly, we still want to do further testing before handing them out.
We are actively working on dotting the last i’s and crossing the final t’s before we can push the button to hand out the rewards, and our ambition is that this will still happen during update 4.2.
Make sure to stay tuned on our Discord server
https://www.discord.gg/thefinals
and on our website for more information about when the rewards are paid out.
Community Event!
Lastly we’re introducing the first Community Event of Season 4!
For this event we’re challenging all of you to eliminate 10.000.000 (TEN MILLION!) enemy contestants using the brand new weapons introduced in Season 4, before the time runs out. If you succeed, you’ll all be rewarded with the ENGIMO community-compliant .50 Akimbo’s! We’ll be monitoring your progress closely, best of luck contestants!
Now, let’s get into the Balance Changes and Fixes of this update:
Balance Changes
Gadgets
Data Reshaper
Added Glitch Barrels to the rotation of reshaped items the Data Reshaper can create
Smoke Grenade
Increased ‘smoke entity duration’ from 15s to 17.5s. This means enemy health bars and outlines will not show through the smoke until the effect properly begins to disappear
Game Modes
Ranked Tournaments
Updated the spawn point selection logic in the final round of the tournament, for teams who get wiped. This should reduce the number of long-distance spawns that occur
Increased the variety of Cashout spawn locations when spawning the next objectives
World Tour
Updated the spawn point selection logic in the final round of the tournament, for teams who get wiped. This should reduce the number of long-distance spawns that occur
Increased the variety of Cashout spawn locations when spawning the next objectives
Specializations
Mesh Shield
Decreased Mesh Shield cooldown from 12s to 8s if the shield is damaged when closed
Decreased Mesh Shield cooldown from 8s to 4s if the shield is undamaged when closed
Dev Note: We’re still keen to avoid Mesh Shield ‘juggling’ in combat as that is not an intended playstyle for this Specialization, but we feel our changes made in 4.0 have been overly severe. These changes hopefully make the Mesh Shield more usable in 4.2
Weapons
CL-40
Decreased damage from 117 to 100
Increased ammo from 4 to 5
Increased self-damage multiplier from 0.75 to 1.6
Updated damage fall-off curve so that damage drops to 90% at the edge of the 30cm inner radius, with damage falling off linearly from that point to 0 at the outer edge of the blast radius
Dev Note: We felt our buff of the CL-40 in 4.0 was too much and made the weapon very oppressive in certain combos or when stacked. We’ve now dialed the damage back to a level closer to what we had before 4.0, while retaining the increased size of the max damage inner radius. To prevent the weapon from returning to a time where it took 100% accuracy to take down a Heavy, we’ve given it one additional ammo. As always, we’ll continue to monitor the impacts of this change and adjust further if needed
Pike-556
Decreased damage from 59 to 52
Dev Note: On reviewing data it’s become apparent that the Pike was fairly overturned in our 4.0 release and this adjustment is intended to move it to a more reasonable place. We suspect it may still be too effective in too many different use cases, so we’ll continue to review the impact of this change and adjust in later patches if we feel more balancing is needed.
V9S
Decreased fire rate from 430 RPM to 360 RPM
Increased damage from 37 to 40
Dev Note: These changes have been made to prevent various methods where players could ensure they got the effective maximum fire rate from the weapon through use of specific binds, causing it to be highly effective compared to its intended baseline. The damage increase has been applied to offset some of the ‘effective DPS’ the weapon lost with the decreased fire rate. Overall, the effectiveness of the weapon for regular players should not be massively different
Content and Bug Fixes
Animation
Fixed an issue where the Dagger’s charged up secondary attack would not play the correct animation in third-person
Fixed an animation issue caused when inspecting liftable objects while certain weapon inspect animations were equipped
Fixed a bug that could cause third-person run animations to play at high speeds
Audio
Fixed an issue that could cause sound from emotes to not play in the game
Characters
Made it possible to polish the Grit & Glory skin when using weapon inspect
Contracts
Fixed some issues where gameplay events that give progress on various Contracts could either add extra scoring events or miss some, due to categorizing them as the wrong event, for example back-stabs with the Dagger counting as headshots
Controller
Fixed an issue where controller aim assistance could sometimes lock on to the location where a player had previously died
Fixed aim assistance regression due to unsupported third-party software
Crashes & Errors
Fixed a crash bug that could be caused by a problem with texture arrays
Fixed an issue that could sometimes cause players to get the TFGE0000 connection error
Gadgets
Healing Beam
Added some physics-based ‘wiggle’ to the Healing Beam’s hose
Stun Gun
Players hit by the Stun Gun will now see directional hit arrows, showing the direction of the incoming shot
Game Modes
Ranked Tournament
Team colors will now be consistent throughout a tournament for teams you have seen in previous rounds. For example, if you progress with the purple team, they will be purple in the next round
Tutorial
Fixed an issue where bullet dispersion could occasionally become broken during the tutorial
World Tour
Team colors will now be consistent throughout a tournament for teams you have seen in previous rounds. For example, if you progress with the purple team, they will be purple in the next round
Private Matches
Added a second Spectator slot.
Liftables
Fixed a bug where liftables would sometimes be immediately dropped after picking them up
Maps
Fortune Stadium
Fixed some missing collision on one of the ISEULT buildings
Made various improvements and fixes to destruction on Fortune Stadium
Various lighting tweaks made to billboards in Fortune Stadium
Added ‘ad jingles’ for HOLTOW in HOLTOW’s areas of Fortune Stadium
Seoul, Monaco, Skyway Stadium & SYS$HORIZON
Night settings have been reworked for better visibility in certain areas
Performance
Fixed a bug that could cause the client to stutter whenever they took damage from an enemy
Security and Anti-cheat
Added new detection rules
Tweaked some of the current heuristics for higher accuracy
Specializations
Winch Claw
Fixed an issue where Winch Claw activation would not be blocked when the player was under the Glitch effect
Fixed an issue where activating the Winch Claw wouldn’t disable the Vanishing Bomb’s cloaking effect
UI
Fixed an issue where the Cashout Station symbol turned white when the player picks up the Cashbox
Fixed an issue where the Sponsor progression reward tile could show the wrong progress on the progress bar
Fixed an issue in the post-match reward screens where the wrong amount of Fans earned could be shown
Adjusted the post-match reward screen buttons to make sure players don’t accidentally miss reward, XP and Fan updates by returning to the main menu by mistake
Updated the ordering of tracked Contracts in the scoreboard, to make it easier to read
Fixed bug where the game mode name wasn't shown in the matchmaking widget
Fixed an issue that could sometimes cause a player to see ‘kill’ hit indicators on the crosshair when they were actually only getting an assist
Fixed an issue where the party widget on the HUD would not show when a teammate was talking
Fixed bug where the squad respawn timer in the scoreboard could be shown on the wrong team
Fixed rounded corners on various game mode tiles on the main menu
Weapons
MGL32
Fixed an issue where the MGL32’s reload time was incorrect in the UI
R.357
Fixed an issue where, when using the Sticky Situation skin and a sight, the sight picture could become broken and the player would look into their hands
Recurve Bow
Fixed an issue that could cause the Recurve Bow to do a min damage of 68 rather than 60
SH1900
Fixed an issue where the SH1900 stats where shown incorrectly in the UI

THE FINALS © 2022-2026 Embark Studios AB. THE FINALS and EMBARK trademarks and logos are trademarks or registered trademarks of Embark Studios AB. NEXON trademark and logo are trademarks or registered trademarks of NXC Corporation. © 2026 Sony Interactive Entertainment LLC. PlayStation, the PlayStation Family Mark, PS5, the PS5 logo, PS4 and the PS4 logo are registered trademarks or trademarks of Sony Interactive Entertainment Inc. Microsoft, the Xbox Sphere mark and Xbox Series X|S are trademarks of the Microsoft group of companies. © 2026 Valve Corporation. Steam and the Steam logo are trademarks and/or registered trademarks of Valve Corporation in the U.S. and/or other countries. © 2026 Epic Games, Inc. All rights reserved. Unreal, Unreal Engine and their respective logos are trademarks or registered trademarks of Epic Games, Inc. in the U.S. Patent and Trademark Office and elsewhere. NVIDIA, the NVIDIA logo and the GeForce Now logo are trademarks and/or registered trademarks of NVIDIA Corporation in the U.S. and/or other countries."
World Tour: Friends & Family,2024.10.03,https://www.reachthefinals.com/patchnotes/wt410,"Welcome to the Second Stage of the ENGIMO OPEN!
This week’s event: FRIENDS & FAMILY

This week, you’ll get an extra boost for playing with friends and family! Party up before you hit the brackets and you’ll earn DOUBLE the XP for your in-game actions! Rack up the points while you can and enjoy the connectivity – brought to you by ENGIMO,
beyond boundaries, within reach.
Maps:
Fortune Stadium
Monaco
Vegas
Kyoto

THE FINALS © 2022-2026 Embark Studios AB. THE FINALS and EMBARK trademarks and logos are trademarks or registered trademarks of Embark Studios AB. NEXON trademark and logo are trademarks or registered trademarks of NXC Corporation. © 2026 Sony Interactive Entertainment LLC. PlayStation, the PlayStation Family Mark, PS5, the PS5 logo, PS4 and the PS4 logo are registered trademarks or trademarks of Sony Interactive Entertainment Inc. Microsoft, the Xbox Sphere mark and Xbox Series X|S are trademarks of the Microsoft group of companies. © 2026 Valve Corporation. Steam and the Steam logo are trademarks and/or registered trademarks of Valve Corporation in the U.S. and/or other countries. © 2026 Epic Games, Inc. All rights reserved. Unreal, Unreal Engine and their respective logos are trademarks or registered trademarks of Epic Games, Inc. in the U.S. Patent and Trademark Office and elsewhere. NVIDIA, the NVIDIA logo and the GeForce Now logo are trademarks and/or registered trademarks of NVIDIA Corporation in the U.S. and/or other countries."
Update 4.1.0,2024.10.02,https://www.reachthefinals.com/patchnotes/410,"Welcome to the first update of Season 4!
Which comes with the first store update:

We’ve got a fix for the dash bug on Light and for the issue with contestant slots causing matchmaking issues!
Regarding World Tour stops from now on: we’ll start announcing them separately from patch notes, so stay tuned every Thursday for info about the current week’s twist, big or small!
We’re still on track to hand out the Season 3 rewards next week! While you wait, you can join us tonight on the fan-run THE FINALS Reddit for an exclusive AMA with Rob, Gustav (Creative Director), Matt (Design Director), and Joakim (Lead Environmental Artist) with support from Oscar and Dusty! Go submit your burning questions there now and join us live tonight from 18:00-20:00 CEST!
Here are the detailed updates:
Content and Bug Fixes
Animation
Fixed an issue where the character mesh would glitch when performing a charged attack with the sword
Performance & Stability
Fixed issue where players could accidentally create more contestant slots than allowed which could lead to problems with matchmaking
Fixed some issues leading to the error messages TFGE0000 and TFGE0008 which could lead to players disconnecting from matches
Fixed an issue which led to players not being able to matchmake into the practice range
Fixed a common Xbox crash
Improved client performance on levels with lots of vegetation

THE FINALS © 2022-2026 Embark Studios AB. THE FINALS and EMBARK trademarks and logos are trademarks or registered trademarks of Embark Studios AB. NEXON trademark and logo are trademarks or registered trademarks of NXC Corporation. © 2026 Sony Interactive Entertainment LLC. PlayStation, the PlayStation Family Mark, PS5, the PS5 logo, PS4 and the PS4 logo are registered trademarks or trademarks of Sony Interactive Entertainment Inc. Microsoft, the Xbox Sphere mark and Xbox Series X|S are trademarks of the Microsoft group of companies. © 2026 Valve Corporation. Steam and the Steam logo are trademarks and/or registered trademarks of Valve Corporation in the U.S. and/or other countries. © 2026 Epic Games, Inc. All rights reserved. Unreal, Unreal Engine and their respective logos are trademarks or registered trademarks of Epic Games, Inc. in the U.S. Patent and Trademark Office and elsewhere. NVIDIA, the NVIDIA logo and the GeForce Now logo are trademarks and/or registered trademarks of NVIDIA Corporation in the U.S. and/or other countries."
Update 4.0.0,2024.09.26,https://www.reachthefinals.com/patchnotes/400,"IT’S SHOWTIME!
Welcome to Season 4, Contestants!
Season 4 brings exciting new content and features to THE FINALS! From the sleek, urban
Fortune Stadium
map sponsored by HOLTOW, ENGIMO, and ISEUL-T, to three powerful new weapons, there's plenty to dive into.
We’ve also added
sponsor contracts
, allowing players to sign up with one of our three sponsors for unique rewards, new
World Tour ranks
, and improved
Ranked Cashout Tournaments
. Plus, new customization options, loadout slots, and revamped leaderboards ensure a more competitive and personalized experience.
Read about all the changes below, and gear up for the most spectacular season of the gameshow yet!

New Map: Fortune Stadium

Welcome to Fortune Stadium! Our sponsors, HOLTOW, ENGIMO, and ISEUL-T, are bringing you this new map in our arena! Traverse the streamlined urban environment which has sectors dedicated to each brand and some highly vertical spaces.
Three New Weapons

New Feature: Sponsors

This season, our proud sponsors are looking to sign with contestants and support their seasonal journey with swag, money, and fanfare! Players now have the option to sign with either HOLTOW, ENGIMO or ISEUL-T as their sponsor for the duration of Season 4.
Earn Fans by completing Contracts and performing well in the arena. The more Fans you earn, the more rewards your sponsor will offer you! Can you make it all the way and earn everything from your sponsor of choice? Choose wisely though, you only get to sign once!
New Feature: Alternate Sights & Scopes
We’ve added a selection of alternate sights and scopes to some of the existing weapons, allowing you to switch between traditional sights or alternatives like Red Dots or Scopes. These alternative sights are unlocked using VRs via the weapon customization screen.
New World Tour Ranks
For Season 4 we’ve introduced Platinum and Diamond ranks to World Tour! We’ve also heard your feedback on the difficulty of earning Emerald rank, so in Season 4 Emerald will now be unlocked and available to earn from the beginning of the season and will be earned with Win Points, not tournament wins. Expect lots of fun stops along the way as you climb your way to Emerald Tier 1!
New Ranked mode
Ranked Tournaments are back! This Season, you’ll be competing in Cashout with an 8-team, 24-player tournament format. As part of improving the ranked experience, we’re also now seeding tournaments based on the strengths of each team, and your change in Ranked Score will be dependent on where you finish in the tournament as a whole compared to your initial seeding. We believe this will give a clearer and much more authentic tournament experience.
Cashout Rule Variants for Ranked and World Tour
To give the best experience in our competitive Ranked Tournaments and our more casual-friendly World Tour Tournaments we’ve introduced slightly different variants of the Cashout rule set in each mode.
In Ranked Tournaments, the 10% team wipe penalties are active, gameshow events such as ‘Low Gravity,’ for example, are disabled to reduce randomness, and loadout changes are only permitted between rounds of the tournament.
In the World Tour, team wipe penalties are disabled, game show events are still enabled, and players will be able to swap items from their Reserve into their Loadout between team wipes and between rounds. While Ranked Cashout is set in stone, there will be opportunities to change up the World Tour experience in various ways throughout the season!
Improved Player Cards
It’s time to get personal on the Player Cards! For Season 4, we’ve added a new layout, collectible and adjustable badges, borders, and player titles. There are new backgrounds available to collect as well, and we’ve improved the lighting on your character to help showcase your style!
Updated Circuits
Circuits now run in parallel to the World Tour stops and share the same Sponsors, allowing you another way to earn rewards from the show’s benefactors. We’ve also removed the requirement to complete earlier Contracts before you can access later Circuits, hopefully making the experience a little more streamlined.
Two Extra Loadout Slots
Due to popular demand, we’ve added two additional Loadout slots, bringing the total number of slots from six to eight.
New Battle Pass
This season’s Battle Pass has 106 levels of rewards to unlock. It heavily features items from popular sponsor OSPUZE and rewards from new sponsor IVADA.
New Career Levels
We’ve added 10 new levels, complete with rewards, to the Career Level system. These rewards come courtesy of one of the show’s sponsors, ENO+RINO.
Leaderboard Improvements
We’d made some big improvements to leaderboards for Season 4. Players can now filter leaderboards by region, and the World Tour leaderboard also includes filters for the different tour stops.
We’ve introduced leaderboards for Quick Cash, Terminal Attack, Bank It, and Power Shift, and a board tracking the performance of each Sponsor.
New Static Crosshair Setting
THE FINALS’ default crosshair is a dynamic crosshair that will often move as your character animates, for example when running and jumping. We know that some of you prefer a crosshair that stays locked to the center of the screen. We’ve added a new setting to our crosshair customization to turn “in-world crosshair” off, which will create a true static crosshair that stays in the center at all times.
New Feature: Facial Hair Customization
You’ll now have the option to select from a variety of beards and mustaches to give your competitor a more sophisticated look! Check it out in the style tab!
New Feature: First Time Player Experience
In order to welcome new players into the game with more confidence, we’ve made some significant changes to the onboarding experience! These changes include intro videos for each build type, a more advanced Cashout tutorial that shows off destruction, clearer and faster menu systems, and more!
We’re also debuting a brand new set of OSPUZE-branded starting outfits because, let’s be honest, we’d all grown tired of the rookie ‘pajamas!’ Don’t worry veterans, you’ll get them, too!
In addition, we’ve added a clear set of goals and unlock activities to the main menu in order to guide new players through their first five rounds. We hope this helps ease new players into the game and introduces them to all the fun there is to be had.
Season 3 Rewards Coming Soon
Normally, all ranked rewards are delivered at the start of the next season! This season, however, we will delay the delivery in order to do a final sweep of our leaderboards and ensure that all players have earned their rewards fair and square.
In Season 3, we added new competitive modes and rewards to THE FINALS by introducing Ruby rank in Ranked Terminal Attack and Emerald in World Tour.
We know all of you want to show off your prowess from Season 3 as soon as possible, but we want to be sure that these rewards are handed out correctly, to those who earned them through fair play, these rewards will be handed out in Update 4.2!
DLCs
At the launch of Season 4, we’ll have three new DLC available at three different price points for you to browse through and check out! Do note that, just like last season, the Starter Pack returns as a DLC for this season as well.
Let’s get into the details!
With a new map, expanded arsenal, sponsor mechanics, and tons of improvements across ranks, leaderboards, and customization, this season is shaping up to be the best version of THE FINALS yet. Now, let’s dive into the full details and numbers behind these changes to help you prepare for The Arena!
Balance Changes
Archetypes
Heavy
Dev Note: We wanted to leave a quick dev note on the state of the Heavy archetype, as we know there have been some frustrations that the Heavy is ‘overly nerfed’ compared to the Light archetype. While the Light (most played) does remain much more played than the Heavy (least played) as of the end of Season 3, across all skill tiers and modes we see that the Heavy is by far the most winning of our three archetypes, with Light the most losing. Our intent with much of the balancing is to bring all of the archetypes' win rates more closely in line, while also equalizing their pick rates. This ultimately means that, when it comes to the Heavy, we need to work through a process of both making it more balanced in terms of power and making it more fun to play. This will be an ongoing process but is the underlying thought process behind some of the changes made to start Season 4 when it comes to balance and usability of items.
Gadgets
Anti-Gravity Cube
Increased radius from 6m to 7m
Increased height from 11m to 12m
Breach Charge
Increased ammo from 2 to 3
Increased cooldown from 26s to 30s
Dev Note: We felt the Breach Charge had become under-used in the current meta and we believe this change will increase its value versus the Thermal Bore
Data Reshaper
Increased range from 15m to 21m
Increased number of charges from 2 to 3
Explosive Mine
Decreased max damage from 140 to 120
Decreased cooldown from 30s to 15s
Decreased ammo count from 2 to 1 (max mines deployed remains at 2)
Dev Note: Our intent for the Explosive Mines has always been to have them be a defensive gadget that covers choke points to help protect an objective, and where placement is a skill. Being able to immediately place two of them back-to-back led to a lot of mine stacking, often right on the objective, and allowed defenses to be set up too quickly. We hope that adding 15s between each deployment and less damage will lead to less stacking and encourage teams to get to the objective location sooner in order to be able to fully set up defenses before combat commences.
Flashbang
Increased the max duration of the Blind status effect from 4s to 4.5s
Increased the max duration of the max intensity of the Blind status effect from 1.8s to 3.5s
Increase the intensity of flashes that explode close to the enemy’s position
Increased the view angle of flashes, causing more intense flashes when the flash goes off by someone’s side or slightly behind them
Flashbangs now only show Hit Indicators on the crosshair if they reach a minimum amount of intensity on a hostile target
Decreased the intensity and duration of the Blind status effect  on teammates
Improved the leniency of hit detection of the Flashbang when targeting players, so that it is less likely to be blocked by small objects
Dev Note: We found the Flashbang to have been underutilized and have added some quality of life fixes that will hopefully make them more reliable and effective.
Glitch Trap
Disabled crosshair hit markers when the Glitch Trap attaches to an enemy, so that it can no longer be used to detect players
Decreased ammo from 2 to 1
Decreased cooldown from 30s to 20s
Jump Pad
Added a small amount of variance to the Jump Pad so that objects cannot bounce on them indefinitely
Proximity Sensor
Increased radius from 10m to 11m
RPG-7
Decreased damage from 140 to 100
Increased reload time from 0.9s to 2.15s
Decreased projectile dispersion when aiming down sights from 0.3x to 0.25x
Dev Note: We never really intended the RPG to be an ‘opener’ in combat, even if it is an item that is more accessible to new players, the intent was always that this was for destruction first and foremost. We believe this change makes it still usable as an opener, but a much less valuable one, shifting its focus back to destruction and breaching.
Tracking Dart
Increased magazine size from 2 to 4
Decreased ammunition regeneration rate from 13s to 12s
Decreased tracking duration from 15s to 10s
Zipline
Decreased the height of Ziplines slightly, so that they will better fit through doors
Liftables
Propane Gas Canister
Decreased direct physical impact damage from 50 to 25
Modes
Cashout Modes
Introduced new re-spawn placement logic for teams that are wiped, with the goal of reducing the number of ‘third-party’ fights
Ranked Tournaments (Cashout)
Added Ranked Tournaments
Disabled game show events in Ranked Tournaments
Dev Note: To make Ranked Tournaments a more competitive friendly environment, with less randomness involved, we’ve decided to disable all game show events. We believe this will make matches slightly more consistent, less random, and easier to strategize around.
Increased the cash awarded per Cashout in the final round from $10,000 to $25,000
Increased the cash required to win the final round from $20,000 to $50,000
Terminal Attack
Terminal Attack now uses a best-of-nine-rounds (first to five) format, with a half-time break where level destruction is reset
Terminal Attack (Ranked)
Removed Ranked Terminal Attack and replaced it with Ranked Tournaments
World Tour (Cashout)
Disabled team wipe penalties in World Tour
Dev Note: World Tour is intended to be a more casual tournament experience than our Ranked Tournaments. Our
research in Season 3
showed that removing team wipe penalties caused less player frustration and led to closer matches.
Enabled the ability for players to swap items between their Loadout and Reserve
between team wipes in World Tour
Dev Note: This is another change aimed at making World Tour more friendly for the casual player, by allowing them to swap items between lives. Ranked Tournaments will continue to only allow swapping between rounds, as we believe counter-picking rival teams and adjusting to maps and map variants should be a skill in competitive play.
Increased the cash awarded per Cashout in the final round from $10,000 to $25,000
Increased the cash required to win the final round from $20,000 to $50,000
Added Diamond and Platinum ranks to World Tour, between the Gold and Emerald ranks.
Emerald rank is now unlocked and available to progress towards from the start of the season
Emerald rank is now earned by collecting Win Points, rather than tournament wins
Updated the required Win Point totals for all World Tour ranked tiers, due to the change in ranks and how they are earned
Specializations
Dematerializer
Improved targeting to reduce the amount of times the dematerializer fails to make a passageway through objects.
Goo Gun
Fire mode changed from semi-automatic to fully automatic
Healing Beam
Decreased healing rate from 50 health per second to 40 health per second
Mesh Shield
Mesh Shield will now enter cooldown either when destroyed or lowered
Dev Note: The Mesh Shield was intended as a Specialization used to shield teammates or to represent the Heavy archetype’s toughness and staying power. We felt the juggling of the shield, constantly raising and lowering it to fire weapons, was hard for some players to understand and very frustrating to play against. We understand this is a significant change and we’ll obviously monitor its impact closely
Decreased Mesh Shield cooldown from 15s to 12s. The cooldown is only 8s if the Shield is undamaged when deactivated
Weapons
93R
Smoothed the vertical recoil to avoid having sharp jumps in intensity, which could previously cause an inconsistent feel
Updated firing animation when aiming down sights to give greater visibility
Increased fire rate from 210 RPM to 220 RPM
Decreased bullet dispersion when firing ‘from the hip’ when crouching, crouch moving, standing still, running, and in ‘uncontrolled’ states such as falling or sliding
Decreased the rate at which bullet dispersion builds up over time when firing for a sustained period
Increased the bullet dispersion recovery speed from 0.45 to 0.65
Dev Note: The 93R has been a difficult weapon for us to balance due to it being a burst fire weapon. Burst fire weapons give players the expectation that all the shots in a burst should be able to hit when aimed well, but this also means potentially doing three bullets worth of damage per ‘shot’ fired, making the weapon also high damage when the full burst hits. Getting this right whilst also differentiating the weapon from the FAMAS has been difficult. We’ve been reluctant to make the 93R a two ‘shot’ weapon versus Lights, because all testing of this scenario has made the weapon game-breaking, but at 72 damage a burst (i.e. three shots, nine bullets to kill a Light) the weapon has repeatedly underperformed, so it constantly sits on this knife's edge of being too good or very bad. In this update, we’ve focused on making the weapon much more effective when fired ‘from the hip,’ rather than when aiming down sights. We feel this combination of damage and mobility puts the weapon in a better place, but we’d love to get your feedback on it.
AKM
Decreased magazine size from 36 to 32
CL-40
Increased max damage from 93 to 117
Dev Note: This change sounds significant, but keeps the weapon in a place where it still takes two shots to kill a Light and three shots to kill a Medium. The change is mostly aimed at making a Heavy three shots to kill instead of four, as we felt it was unfair to the CL-40 to have to land all four of its available four shots (i.e. 100% accuracy) to kill a Heavy without reloading
Decreased fire rate from 275 RPm to 210 RPM
Dev Note: A small adjustment to offset the significant damage buff a little.
Increased the max damage radius from 9cm to 30cm
Dagger
The Dagger’s backstab secondary attack can now be held, only triggering when the button is released, rather than automatically. During this stance, the player moves at the normal run speed and cannot sprint
Lewis Gun
Smoothed the recoil pattern of the Lewis Gun, reducing the amount of horizontal recoil at some points. The recoil pattern overall remains the same but should be considerably easier to control
LH1
Decreased the damage fall-off start range from 80m to 50m
Decreased the damage fall-off end range from 100m to 55m
Dev Note: With the addition of alternative scopes/sights, we felt the LH1 was starting to stray well into the territory of the SR-84. This change reduces that to some extent.
M60
Increased fire rate from 560 RPM to 580 RPM
Smoothed the recoil pattern of the M60, reducing the amount of horizontal recoil at some points. The recoil pattern overall remains the same but should be considerably easier to control
MGL32
Decreased reload time from 3.1s to 2.8s
Dev Note: The MGL32 is a weapon we’d very much like to re-work at some point, but that will take a more considerable effort. For now, this is a simple and small quality of life adjustment that should make the weapon a little more viable.
Recurve Bow
Increased damage at minimum draw from 55 to 60
Decreased damage ramp-up start time from 0.2s to 0.15s
Decreased the time taken to reach maximum draw from 0.585s to 0.49s
Riot Shield
Increased damage from 84 to 90
SH1900 Shotgun
Decreased reload time from 2.5s to 2.125s
Spear
Increased run speed modifier during secondary spin attack from 65% to 75%
SR-84 Sniper
Updated the SR-84 to now only fire hit-scan rounds up to 40m range. After this point, the shot becomes a projectile with bullet drop from gravity and drag
Dev Note: While the SR-84 is by no means overpowered or overly successful in many of our modes, it has become somewhat oppressive at very long ranges in modes like Terminal Attack and Power Shift, causing frustration for a lot of players. We feel this change limits much of the very long-range harassment that players found frustrating while maintaining the skill level and responsiveness in medium-to-long-range encounters.
Sword
Updated attack sweeps to be more centered on the crosshair, making the weapon more accurate
Increased the range of the secondary lunge from approximately 5m to approximately 6m
Secondary lunge attack now maintains its top speed for slightly longer
Throwing Knives
The Throwing Knives secondary attack can now be held, only triggering when the button is released, rather than automatically. During this stance, the player moves at the normal run speed and cannot sprint
XP-54
Increase the magnification of the XP-54’s sight slightly, as part of the addition of alternate sights/scopes
Decreased damage from 18 to 16
Content and Bug Fixes
Animation
Fixed an issue where players could spawn into a round without the spawn-in animations or FX
Fixed an issue where pairing a Quick Melee action with other actions would make the animations look faulty
Polished the Riot Shield first-person animation where you would perform a phantom strike if you quickly zoomed after a strike
Removed camera animations when previewing first-person animations in the front end since it felt distracting
Fixed an issue where melee weapon animations could sometimes get stuck in the ‘charging’ pose in third-person
Audio
Fixed an issue where the Santa Hat extra VO lines would not play
Career Rank
Added 10 new levels with rewards to the Career Rank
Fixed an issue where stages or circuits that gave XP might not apply them to both the Battle Pass and Career Rank
Characters
Fixed an issue where various hair types could clip with the bucket hat
Gadgets
General
Fixed an issue where deployable gadgets could remain floating in mid-air
Data Reshaper
Fixed an issue where items transmuted by the Data Reshaper would not count as destroyed for certain Contracts
Flashbang
Improved the leniency of hit traces from the Flashbang to target players, so that they are less likely to be blocked by small objects
Vanishing Bomb
Improved the hit detection of the Vanishing Bomb on the player that threw it
Ziplines
Fixed an issue where Ziplines could break instantly upon being placed
Game Modes
Cashout Modes
Fixed an issue where Vaults opened out of bounds, causing the newly spawned Cashbox to be indefinitely stuck out of bounds.
Added notification messages to the HUD that show Cashout Started, Cashout Stolen and Vault Opened to the entire team when a teammate completes said action
Fixed an issue where the Cashout overtime timer could be broken, making sure a cashout being completed during overtime won't spawn new Vaults
Cashout Tutorial
Introduced a new version of the Cashout tutorial, for a smoother and more fun experience
Fixed various smaller issues with the tutorial flow and components
Fixed an issue where the correct loadout was not alway loaded in the tutorial
Liftables
Fixed an issue that could cause thrown items to stutter
Maps
Seoul
Fixed an issue where the audience jumbotron could glow
Kyoto
Added autumn themed version of Kyoto
Matchmaking
Players will now connect to levels faster, without waiting for other players who have not yet loaded. As a result, players will reach the lobby much faster and will see connecting players represented as a hologram
Movement
Fixed issue where players could lock their cameras to a fixed direction if they died while climbing a ladder
Performance and Optimization
Fixed issue where VOIP would not work as expected if the push-to-talk key was pressed when going back to the main menu
Fixed a rare issue where during the tournament intro/outro sequence, characters could be invisible
Reduced the number of hitches that could occur when selecting items in the customization and drafting screens
Specializations
Goo Gun
Goo will now correctly stick to a Guardian Turret’s base, rather than the barrel, preventing chains of goo from rotating through walls
Guardian Turret
Bullets can now be blocked by the player who owns the turret, just like they can be by friendly players
UI
Added two additional Contestant slots, increasing the maximum from 6 to 8
Added a setting that allows players to disable the in-world crosshair. When set to ‘off’, the crosshair will always be in the center of your screen and static. Otherwise, it will move with camera movement.
Fixed an issue where the lobby screen only showed Defibrillators on all icons when first entering the screen
Fixed an issue where items from previous World Tours could appear in the store
Fixed an issue where the loading screen was occasionally briefly missing
Fixed a bug where ""Canceling Matchmaking"" was sometimes incorrectly shown in the matchmaking widget.
Fixed an issue where the Play or Reconnect buttons would briefly appear when connecting to a match
Fixed background blurring for Watches in store/battle pass
Weapons
General
Fixed an issue where the character could end up aiming downwards after controlling recoil on high frame rates
Throwing Knives
Fixed an issue where Throwing Knives and arrows could be floating in front of players using the Riot Shield
Riot Shield
The Riot Shield will now block the Winch Claw and prevent the player from being grabbed
Sword
Fixed an issue where the Sword’s lunge animation was not played in third person

THE FINALS © 2022-2026 Embark Studios AB. THE FINALS and EMBARK trademarks and logos are trademarks or registered trademarks of Embark Studios AB. NEXON trademark and logo are trademarks or registered trademarks of NXC Corporation. © 2026 Sony Interactive Entertainment LLC. PlayStation, the PlayStation Family Mark, PS5, the PS5 logo, PS4 and the PS4 logo are registered trademarks or trademarks of Sony Interactive Entertainment Inc. Microsoft, the Xbox Sphere mark and Xbox Series X|S are trademarks of the Microsoft group of companies. © 2026 Valve Corporation. Steam and the Steam logo are trademarks and/or registered trademarks of Valve Corporation in the U.S. and/or other countries. © 2026 Epic Games, Inc. All rights reserved. Unreal, Unreal Engine and their respective logos are trademarks or registered trademarks of Epic Games, Inc. in the U.S. Patent and Trademark Office and elsewhere. NVIDIA, the NVIDIA logo and the GeForce Now logo are trademarks and/or registered trademarks of NVIDIA Corporation in the U.S. and/or other countries."
Improving Cashout Mode in Season 3,2024.09.24,https://www.reachthefinals.com/patchnotes/cashoutblog,"Hello Finalists!
I’m Matt, Design Director of THE FINALS.
During Season 3 we made a series of changes to Cashout mode, in World Tour, as part of a push to improve the mode and make it a better experience for all players, as well as preparing it for a return to Ranked play. Our goal was to address some of the most common feedback and concerns we’ve received about the mode, with the aim of improving it for both casual and competitive play. From the 3.6 VOLPE Championship onwards, we took the opportunity to test some of those changes in the live game and get your input on them.
In this blog, I want to discuss our goals with these changes, what we found from testing them with you, the community, and what we’ll be doing next to continue to make the mode the best it can be.
Friction Points
Let’s start with the main friction points players experienced in Cashout mode.
We gather feedback from players in a large variety of ways. These include comments on YouTube, Discord, Reddit or Steam, through data gathered directly from matches, as well as player surveys, focus tests and of course our own observations when playing the game. When it comes to Cashout mode, the most common complaint we’ve received during the first few seasons of THE FINALS has been related to ‘third-party’ fights.
For those who may not be familiar with the term, a ‘third-party’ fight is a scenario where two teams are engaged in a team fight with each other, but before that fight concludes a third (or even fourth!) team arrives, takes advantage of the chaos and wipes one or both of the teams involved in the initial engagement.
These fights often lead to a lot of frustration for players for several reasons:
They frequently lead to Cashouts being stolen by the third-party, just before they cashout, making the other teams (especially the one that started the cashout) feel like all their effort was for nothing
They can often lead to protracted ‘midfield’ fights that aren’t fun. These are fights that occur away from objectives, where the third-party might camp on the statues of fallen enemies and prevent revives of the team for an extended period of time, or until the team is wiped. These slow down the game and don’t feel that fun for the team that is being ‘blocked’ from playing
They add a lot of chaos to fights, making it hard to coordinate with teammates, to understand where enemies are coming from and so on. These types of fights are especially punishing for players who are new to the game
It’s important to note here that we’ve never seen third-party fights as being an entirely bad thing. We primarily designed THE FINALS around three and four team game modes precisely because we believe that, with the right frequency and in the right moments, third-party fights can add variety, depth and a change of pace to the game that helps to give it longevity. But we never really intended them to become as prevalent, impactful and frustrating as they have been during our first few seasons, and so during Season 3 we set out to address some of the worst elements of these third-party fights.
Let’s talk through what we tried and what we learned, but first, let’s briefly talk about our balancing process and how we try to tackle challenges like these.
Balancing Process
I’d like to take a brief moment to explain our approach to balancing, making changes to the game and then iterating on those changes. This is something we’ve not discussed much in the past and we think it’ll offer important context as to why we make the changes we do.
Day-to-day we are constantly reviewing how the game is performing and the feedback we are receiving from players. As mentioned in the previous section, we do this using a number of sources of feedback, from social media and surveys, through to focus groups and analytics. This broad range of data gives us a multitude of different ways to see how the game is performing and what impact that is having on the experience for players.
This feedback also allows us to drill down into the specific experiences different types of players are having, for example, we have three main groups of players we’re always especially keen to support:
New players
A not insignificant number of the game’s daily players are brand new players that installed the game for the first time that day. Making sure they have a good experience is an important part of helping the game grow
Regular players
These players make up the majority of our daily players. They play the game about 2-3 hours a week and play a wide variety of game modes
Competitive players
These are our more hardcore players and make up around a sixth of our DAU, they play many hours a week and tend to prefer the ranked or more competitive modes
All of these players are important to running successful games and a thriving community, so when it comes to balancing, it’s important we try to give each of them the best experience possible.
Whenever we’ve identified a particular issue with the game based on data and/or player sentiment we’ve received, the balancing process proceeds as follows:
We identify the issue in question and which types of players it’s affecting
We establish some theories and hypotheses for how we can address the issue, then turn these into goals. Sometimes these ideas come direct from community feedback, sometimes they don’t
We make the changes needed to achieve that goal, be that new functionality, balance changes, etc.
We test these changes within the studio to measure their impact and see if they work
If we’re happy with the changes, we deploy them to test them with the community
We monitor how the changes perform on the live game and start the process again if there is data or sentiment that suggests it still needs more work
Step 5 is key, because the community is able to test much more and more quickly than we ever can as a dev team, there are millions of you and not very many of us devs, so it’s critical we test ‘in the real world’ before we consider any issue or balance change ‘solved.’
The process of balancing is never done. The game changes regularly with new updates, the meta moves and adapts, and so this balancing loop is a constant and ongoing process.
Now that you better understand our process, let’s look at how we approached the ‘third-party’ problem and the changes we made.
Third-party Fights - Initial Vaults
The first place where we tried to address third-party fights was those that occur at the first Vaults that spawn in each round of Cashout. We chose these specifically because, as the first team versus team fights in a round, they’re the ones we have most control over as our game rules decide where the teams spawn, where the Vaults spawn and where the Cashout Stations spawn. That meant we had the most leverage points we could adjust to get a better experience.
We knew from our data that only around 40% to 60% of the team fights that occurred around the first Vaults involved just two teams, meaning the remaining 40% to 60% involved either one, three or four teams at each Vault. We wanted that number to be much higher in this first wave of Vaults, so the intensity of a match is slightly lower at the start of the round. We were much more willing to see third-party fights towards the end of a round, where the focus tends to move towards one final cashout in overtime.
To try to address these early third-party fights, in 3.6 we rolled out a change that reconfigured how we place initial team and Vault spawns. The change ensures each team is much closer to one Vault than another and that the Vaults are quite far apart, making it much more obvious which Vault is the best one for players to approach first and hopefully equally distributing the teams between the Vaults.

What the chart above shows is the rate of team versus team (TvT) fights near the first wave of Vaults, across several releases of the game. The orange ‘Before 3.6’ bars show the 40% to 60% TvT rate prior to our 3.6 patch. The blue bars show that, between the 3.6 and 3.8 patches, when our new spawn locations went live, the TvT rate increased to around 80% meaning we now had way fewer third-party fights at these Vaults. We kept the change live in the World Tour for the rest of Season 3 and you can see in the green bars, that the TvT rate in the first wave finally settled at around 85% to 90%.
So in this particular scenario, our changes seemed to have worked and the third-party rate at the start of Cashout matches has dropped as a result, leading to more TvT fights that are less hectic and where teamplay and coordination are easier.
But this change only really impacts fights at the initial Vaults. Looking at the same data for the second wave and third wave of Vaults spawns in a round, we can see that that change doesn’t really persist throughout the match. This makes sense, as objective and team re-spawns are much more dynamic during the later parts of a round.

Third-party Fights - Incentives - Team Wipe Penalties
The next area we focused on when it came to addressing the rate of third-party fights was incentives. There are a lot of places in Cashout where we give little incentives to players, via scoring, objectives or other systems, to optimise their play or chances of winning and sometimes those incentives prompt behaviour we didn’t really intend. One of those areas in Cashout is team wipe penalties.
We originally added team wipe penalties, where teams lose 30% of their collected cash if all three team members die at the same time, as a catch-up mechanic. A way for teams that might be in 3rd or 4th place to catch-up and overtake those in 1st or 2nd place.
This was a good goal, but over time we’ve come to realise that this rule also acts as an incentive for teams to
always
go after team wipes whenever they can, including camping statues in those prolonged ‘midfield’ fights mentioned previously and in third-party scenarios.
This raised the question, do we really need team wipe penalties for teams to catch up? And if we adjust the rules, could we have players focus more on objectives and less on team wipes than they do now? We felt this last question was especially important. Cashout is at its heart a ‘capture and hold’ game mode where objectives are supposed to be the focus. Wiping teams should be a means to an end, completing the objective, not the actual objective themselves.
When looking at our data, we noticed that team wipes happened much more frequently to the teams already in 3rd place or 4th place, and they happened least often to teams already in 1st place, so they didn’t seem to be acting as a catch-up mechanic as often as we thought, but more as a mechanic that allowed the best players to keep ‘punching down’. So in patch 3.6 we decided to run some new rules where we removed some of these incentives while adding some new ones, then we measured the impact.
First, we removed the team wipe penalties to cash. Teams who were wiped would only lose time to being dead, any cash they’d cashed out already was protected. This made chasing team wipes far less valuable.
Second, we switched to rewarding around 30% of a cashbox’s value when the box was deposited, rather than awarding all of it on cashout completion. This made depositing a considerably more valuable action to perform versus third-partying, while also diminishing the value of third-partying existing in-progress cashouts.

The data above shows the impact of those changes, showing which teams most frequently experienced wipes. Between patches 3.6 and 3.8, when the new rules were active, we can see that team wipes became more balanced between the different placed teams compared to prior to 3.6. We believe this was because killing became a less optimal strategy in that scenario, as cashouts became by far the best way to earn cash that could win you the match. As a result, the best teams focused less on beating up on 3rd and 4th placed teams and more on objectives, pushing all the team wipe rates closer together.
Rightly, the change we made to remove team wipe penalties did generate a lot of feedback from you the players though. You felt you’d lost one possible way to get back into a match when you were in 3rd or 4th place and even if team wipes predominantly happened to the losing teams, it’s still true that sometimes losing teams came back because of leading teams being wiped.
All that said, despite team wipes being removed, our data showed that Cashout matches actually became much closer.

The table above shows the average standard deviation of team scores in Cashout matches prior to 3.6, between 3.6 and 3.8 and then after 3.8, after which point we re-instated team wipe cash penalties but at a lower 10% than the previous 30%. Here, the lower the number the closer the teams’ cash totals were on average and as you can see, between 3.6 and 3.8, when we had no team wipe penalty, matches did become closer overall.
Of course, close is not the same as allowing more comebacks, but we do believe that for a lot of players it was leading to more exciting matches. This is why for the remainder of Season 3 we retained the 10% penalties in World Tour, as we felt they gave the best balance of the approaches we’d tested.
Third-party Fights - Incentives - Steal Late or Defend First?
As mentioned above, another bad incentive we identified that we felt encouraged third-party fights and led to a lot of frustration for teams was that almost all the cash value in the mode came from completing Cashouts. This type of scoring encouraged many teams to deliberately seek out a third-party attack on objective defenders late in the cashout process, with the goal of swooping in and taking advantage of several weakened teams to steal all the cash.
Over time, this led to starting the cashout by depositing the Cash Box being one of the weaker strategies, which should really not be the case in a ‘capture and hold’ focused game mode.
So as previously stated, we moved to immediately awarding ~30% of the Cashbox value to the depositing team when they started the cashout, to incentivize starting them over stealing them.
In patch 3.10 we added an additional benefit to also incentivize depositing, the Defender Bonus. This gives the team currently owning the in-progress cashout a shorter time until they can spend a coin to respawn, with the goal of helping them protect the cashout more easily and thus making it more desirable to start a cashout. The chart below shows the impact these changes had.
Prior to patch 3.6, around 38.77% of cashouts completed without ever changing owner, 14.64% were stolen but then recovered by the defending team before the cashout completed, but 46.59% of them were stolen and cashed out by another team. That’s not a great incentive to start a cashout, if almost half the time you will never get the rewards for that work and worse, your efforts are worth 0 cash. Our target has always been that the steal rate on cashouts should only be around 30% to 40%, so that ‘capturing and holding’ the objective is the most desirable activity and achievable.

What the chart above shows is that after the 3.10 patch, what we’ve seen in World Tour cashout is that the steal rate has dropped from close to 47% down to approximately 42%. This doesn’t sound like much, but it’s close to a 10% improvement compared to before 3.6 for defending teams, making starting the cashout a much more desirable move. This data excludes the benefits already gotten from now receiving ~30% of the cash total on delivery of the Cash Box.
The impact of these changes should be clear, the value of third-party fights at cashouts has decreased compared to what it once was. Starting the cashout is a much more viable strategy now.
Third-party Fights - Incentives - Killing versus Delivering
One change we made in patch 3.6, to try and offset the removal of team wipe penalties and still allow some ability to catch up when losing, was to increase the amount of cash awarded for kills, by increasing them to $500. This sounds like a lot, jumping up from $250 per kill, but in reality the value of kills versus delivering or completing cashouts was still quite small. To earn the same cash as a final phase cashout completion you’d need to record 30 kills, for example.
That was not the perception of players though and we received a lot of feedback that this was encouraging more of a focus on combat, not less, and that did show up in some of our data, as a small shift in the average number of kills per Cashout match as seen here.

So to figure out if being combat focused had now become the new optimal strategy in Cashout mode, we dug into the data and the chart below is one example of what we found.

Here we show a scatter plot of a large number of Season 3 World Tour matches played between patches 3.6 and 3.8. The color denotes if the dot represents a winning or losing team, the opacity represents the frequency of this result type, but most importantly the Y axis tells you the number of objectives that team achieved in the match (i.e. cashouts, deposits, Vault openings, etc.) and the X axis represents the number of kills the team had combined.
What the shift from mostly red in the bottom-left to mostly blue in the top-right shows is that the optimal strategy in Cashout modes, as of patch 3.6 and beyond, is always one focused on completing objectives, while achieving a good number of kills. In fact a good number of teams win Cashout matches by completing a lot of objectives despite getting perhaps only 10-15 kills combined, whereas teams that get 30+ kills as a group but complete only 3-4 objectives really struggled to win during that period.
Ultimately, this is the sort of dynamic we want to see in THE FINALS, as it has always been our goal to make an objective-based shooter, where decisions and strategy matter just as much as your aim. So overall, we felt the improved cash per kill didn’t seem to be damaging that experience, but it is one we’ll continue to monitor to see how the meta evolves over time.
So, what does all this mean?
Overall, we feel the data and experiments we tried in Season 3 show us a few things.
We do believe that the changes we’ve made have gone some way to reducing the amount of actual third-party fights that occur in Cashout modes, especially during the first wave of objectives, where that is fairly easy to measure.
We also feel we’ve removed a lot of the negative incentives that promoted third-party combat in the first place, by moving much of the strategic value in Cashout mode towards completing objectives, rather than pursuing kills and team wipes. We believe this too reduces the third-party rate to some extent.
But there is one area that remains, where we see regular issues, and that’s our spawn system that places teams when they respawn after a team wipe. Too often during our previous seasons, this system could put teams in locations that naturally incentivized them to enter a third-party fight simply because they moved towards the nearest relevant objective, and we feel the game can help players avoid these scenarios by being smarter in where it places these teams.
So, during Season 3, the team has been working hard on a smarter and more intelligent respawn system that gives us a much greater degree of control when balancing. In patch 3.14, this system is active in World Tour mode to allow us to do some final real-world testing of its impact and all being well, this system will go live fully in Season 4. The hope is this further reduces the number of third-party fights mid-match, so that they become the exception rather than the rule.
Conclusion
In summary, we hope this blog has given you a clearer idea of the results of the rule changes we tried within Cashout mode in Season 3 and how your playing of World Tour has helped shape some of the changes we’ve been making and continue to make. We believe these changes set up Season 4’s World Tour and returning Ranked Tournaments to be the best possible Cashout experience they can be, regardless of you being a competitive, casual or even first time player. As always we’ll continue to monitor your feedback and our own data to ensure that’s the case, adjusting, adapting and balancing where we need to to continue to make THE FINALS its best self.
Thank you for reading, we’ll see you in Season 4!

THE FINALS © 2022-2026 Embark Studios AB. THE FINALS and EMBARK trademarks and logos are trademarks or registered trademarks of Embark Studios AB. NEXON trademark and logo are trademarks or registered trademarks of NXC Corporation. © 2026 Sony Interactive Entertainment LLC. PlayStation, the PlayStation Family Mark, PS5, the PS5 logo, PS4 and the PS4 logo are registered trademarks or trademarks of Sony Interactive Entertainment Inc. Microsoft, the Xbox Sphere mark and Xbox Series X|S are trademarks of the Microsoft group of companies. © 2026 Valve Corporation. Steam and the Steam logo are trademarks and/or registered trademarks of Valve Corporation in the U.S. and/or other countries. © 2026 Epic Games, Inc. All rights reserved. Unreal, Unreal Engine and their respective logos are trademarks or registered trademarks of Epic Games, Inc. in the U.S. Patent and Trademark Office and elsewhere. NVIDIA, the NVIDIA logo and the GeForce Now logo are trademarks and/or registered trademarks of NVIDIA Corporation in the U.S. and/or other countries."
Update 3.14.0,2024.09.20,https://www.reachthefinals.com/patchnotes/3140,"The LAST update of Season 3!
To ring out the season’s end, we have one final Community Event! ENGIMO challenges you to collectively detonate 30 million grenades in order to earn the ENGIMO Asymmetrical Top! So get in the Arena and help us close out Season 3 with a blast!

This update has some changes to UI, providing better on-screen information for cashout modes and the way your own team information is displayed, as well as fixing some issues.
The biggest changes are yet to come, so stay tuned for Season 4 patchnotes on the 26th of September! Don’t forget to tune into your favorite THE FINALS streamer on the 20th to see a preview of Season 4 content!
Read about this week’s updates below:

Content and Bug Fixes
Animation
Fix for cloth material not functioning properly in the customization menus
Reworked ladder animation behavior to avoid clipping and obstructing the player’s view
Fixed issue where vaulting onto objects could move the camera up and down violently
Fixed issue where a late joining player might spawn detached from their bodies
Game Modes
Cashout Modes
Added a visual indication on screen everytime a new vault spawns
Improved visual indicators for Cash Boxes and Vaults to help differentiate them more clearly
General
Performance updates and improvements
Maps
Monaco
Fixed issue where players could get respawned and stuck out of bounds
Progression
Lowered support score generated from absorbing damage with the Mesh Shield by ~50%
UI
Reworked how we display the team HUD to include:
Archetype
Specialization
Team Name
Changed the size of the skull icon to 80 percent of its original size. Also, it will now scale based on location on screen.
Fixed overlapping text in the loadout change menu while being revived
Added sub-tabs for the gameplay section in the settings menu
Fixed issue where the Cashbox icon was permanently visible through walls when carried by the enemy team
Fixed an issue where an enemy could appear with a blue outline when backfilling into the mode

THE FINALS © 2022-2026 Embark Studios AB. THE FINALS and EMBARK trademarks and logos are trademarks or registered trademarks of Embark Studios AB. NEXON trademark and logo are trademarks or registered trademarks of NXC Corporation. © 2026 Sony Interactive Entertainment LLC. PlayStation, the PlayStation Family Mark, PS5, the PS5 logo, PS4 and the PS4 logo are registered trademarks or trademarks of Sony Interactive Entertainment Inc. Microsoft, the Xbox Sphere mark and Xbox Series X|S are trademarks of the Microsoft group of companies. © 2026 Valve Corporation. Steam and the Steam logo are trademarks and/or registered trademarks of Valve Corporation in the U.S. and/or other countries. © 2026 Epic Games, Inc. All rights reserved. Unreal, Unreal Engine and their respective logos are trademarks or registered trademarks of Epic Games, Inc. in the U.S. Patent and Trademark Office and elsewhere. NVIDIA, the NVIDIA logo and the GeForce Now logo are trademarks and/or registered trademarks of NVIDIA Corporation in the U.S. and/or other countries."
Introducing Season 4,2024.09.12,https://www.reachthefinals.com/patchnotes/s4teaser,"SETTING THE STAGE FOR SEASON 4

Season 4 of THE FINALS is hurtling toward us, and we are more excited to share it with you every day.
But first, we need to say goodbye to Season 3!  This season, we introduced a gorgeous new map and started the World Tour, along with the new Ruby rank
(will you be Ruby by the end of the season?)
and the Emerald badge! However, we know the switch to Terminal Attack as ranked mode was a misstep. But with missteps come learnings, and while we believe in TA and saw many of you playing and enjoying it, it's just not quite the right fit for our Ranked Play or the core of THE FINALS!
Thanks to the feedback from all of you, we hope that Season 4 will feel like a homecoming with Ranked Cashout taking the spotlight and new elements that harken back to the original intentions of THE FINALS!
Without further ado, here are some of the things we’ve been working on for Season 4, starting on September 26th:

RANKED TOURNAMENTS ARE BACK AND BETTER THAN EVER
Season 4 welcomes back the heart and soul of THE FINALS, the world’s largest game show, the greatest tournament: Ranked Cashout! It’s all within your reach, so get ready to hunt for vaults, defend the cashout, revive your teammates, and coin back in again and again! And, thanks to all the time we had in Season 3 to test the waters, we’ve created a Cashout experience we are proud to reintroduce as a core ranked mode.
We were thrilled to see so many contestants enrolled in the World Tour this season. You can expect the tour stops to continue into Season 4 as a completely separate experience from Ranked Tournaments. Throughout the season, you can expect new and exciting elements that change up the game from time to time and allow you to progress your badge!
Finally, for the Terminal Attack fans, don’t worry! You’ll still be able to play and climb the leaderboards from the Quick Play menu!
THIS SEASON SPONSORED BY…
Where would THE FINALS be without sponsors to keep us going?
In the next chapter of THE FINALS, all contestants will have the opportunity to sign up to represent one of the three generous sponsors of Season 4. Your pick for the season will determine your rewards, and earn you and your Sponsor fans!
Which sponsor will you sign to? Here is the Season 4 lineup:

WHO WILL YOU SIGN WITH?
Will your stylish plays be branded with ISEUL-T? Will you achieve swift success under the banner of ENGIMO? Or will your consistency in the Arena better befit HOLTOW’s reliability?
Choose wisely, because you can only pick one!
EVEN MORE CONTENT
Once you’ve chosen your sponsor, duke it out in Fortune Stadium, the new map that features sectors dedicated to each generous sponsor! Slide through the halls of HOLTOW, browse the aisles of ISEUL-T, and check to make sure the lights are on at ENGIMO’s complex!
Stay tuned for future reveals of the stacked Battle Pass, a new set of circuits to feed your career, new weapons, alternative sights, and new cosmetic features such as additional faces, facial hair, and much more!
We’ve also been working on a new tutorial and first-time player experience to help onboard new contestants, and we have major upgrades to our engine for next season to enhance performance and optimization for the game!
Now…The lights are buzzing, the crowds are loading in…
IT’S SHOWTIME!

THE FINALS © 2022-2026 Embark Studios AB. THE FINALS and EMBARK trademarks and logos are trademarks or registered trademarks of Embark Studios AB. NEXON trademark and logo are trademarks or registered trademarks of NXC Corporation. © 2026 Sony Interactive Entertainment LLC. PlayStation, the PlayStation Family Mark, PS5, the PS5 logo, PS4 and the PS4 logo are registered trademarks or trademarks of Sony Interactive Entertainment Inc. Microsoft, the Xbox Sphere mark and Xbox Series X|S are trademarks of the Microsoft group of companies. © 2026 Valve Corporation. Steam and the Steam logo are trademarks and/or registered trademarks of Valve Corporation in the U.S. and/or other countries. © 2026 Epic Games, Inc. All rights reserved. Unreal, Unreal Engine and their respective logos are trademarks or registered trademarks of Epic Games, Inc. in the U.S. Patent and Trademark Office and elsewhere. NVIDIA, the NVIDIA logo and the GeForce Now logo are trademarks and/or registered trademarks of NVIDIA Corporation in the U.S. and/or other countries."
Update 3.13.0,2024.09.11,https://www.reachthefinals.com/patchnotes/3130,"We’ve arrived at the penultimate update of Season 3 - 3.13, and this week’s store rotation offers some pretty Big Shoes To Fill!
For the nocturnal gamers who skulk around the Arena in the middle of the night, check out the Trickpaw Tanuki Set!
We’re nearing the end of Season 3 and we are full steam towards Season 4 here in the office, and we can’t wait to share more with you soon!
Also, make sure to tune in for tonight’s Community Stream on
Twitch.tv/thefinals
just in case we share something then, and keep your eyes peeled throughout the rest of the week…
Here is this week’s store update:

THE FINALS © 2022-2026 Embark Studios AB. THE FINALS and EMBARK trademarks and logos are trademarks or registered trademarks of Embark Studios AB. NEXON trademark and logo are trademarks or registered trademarks of NXC Corporation. © 2026 Sony Interactive Entertainment LLC. PlayStation, the PlayStation Family Mark, PS5, the PS5 logo, PS4 and the PS4 logo are registered trademarks or trademarks of Sony Interactive Entertainment Inc. Microsoft, the Xbox Sphere mark and Xbox Series X|S are trademarks of the Microsoft group of companies. © 2026 Valve Corporation. Steam and the Steam logo are trademarks and/or registered trademarks of Valve Corporation in the U.S. and/or other countries. © 2026 Epic Games, Inc. All rights reserved. Unreal, Unreal Engine and their respective logos are trademarks or registered trademarks of Epic Games, Inc. in the U.S. Patent and Trademark Office and elsewhere. NVIDIA, the NVIDIA logo and the GeForce Now logo are trademarks and/or registered trademarks of NVIDIA Corporation in the U.S. and/or other countries."
Update 3.12.0,2024.09.04,https://www.reachthefinals.com/patchnotes/3120,"BONUS XP MATSURI
Say hello to the BONUS XP MATSURI event! From now until the end of the season, we’ve increased the XP amounts you get for playing, and doubled the amount of XP you obtain from Daily Contracts. Join the party and finish the Battlepass before Season 4!

For Cashout, we’re turning off the Defender bonus in the final round of a Tournament and introducing an Underdog bonus for squads with disconnected players.
After one of the most challenging Community Events yet, where we challenged you to play 6 million rounds partied up, we are glad to see you make it past the finish line at the last second! Well done! Expect the ISEUL-T Reality Check Frag Grenade skin to be added to your inventories soon!
Season 4 is on the horizon and we are excited to share what we’ve been working on very soon! Alongside all the new things we have prepared for you, you can expect balance changes that reflect on everything we’ve learned–and continue to learn– throughout Season 3. If you can’t wait, tune into Oscar’s stream tonight to perhaps hear something more…
And finally, check out the store update for today:

Content and Bug Fixes
Animation
Fixed the grenade throw animation so it continues to play while high vaulting
Gadgets
Defibrillator
Fixed a bug where defibrillation revives got blocked by friendly Mesh and Dome shields
Game Modes
World Tour
In the final round, the defender bonus, which grants teams defending a cashout quicker individual respawn times, has been turned off
Introducing the Underdog Bonus, which reduces both the individual respawn and squad respawn timers to 20s when one or more players leave the match
Gameplay
Fixed a bug where melee aim assist would not be reset when restoring default settings
Fixed a bug where the revive hologram would block bullets
Updated the visuals for when you get hit by goo
Stability & Performance
Improvements in launch time from application startup to reaching the main menu
Animation performance work, should lead to overall better performance
UI
Fixed the text chat and event log not showing during the end of a round
Updated the SR-84 to be labeled correctly as a  ""Marksman Rifle""
World Tour - Fixed a bug where the World Tour Tally Charm was not awarded

THE FINALS © 2022-2026 Embark Studios AB. THE FINALS and EMBARK trademarks and logos are trademarks or registered trademarks of Embark Studios AB. NEXON trademark and logo are trademarks or registered trademarks of NXC Corporation. © 2026 Sony Interactive Entertainment LLC. PlayStation, the PlayStation Family Mark, PS5, the PS5 logo, PS4 and the PS4 logo are registered trademarks or trademarks of Sony Interactive Entertainment Inc. Microsoft, the Xbox Sphere mark and Xbox Series X|S are trademarks of the Microsoft group of companies. © 2026 Valve Corporation. Steam and the Steam logo are trademarks and/or registered trademarks of Valve Corporation in the U.S. and/or other countries. © 2026 Epic Games, Inc. All rights reserved. Unreal, Unreal Engine and their respective logos are trademarks or registered trademarks of Epic Games, Inc. in the U.S. Patent and Trademark Office and elsewhere. NVIDIA, the NVIDIA logo and the GeForce Now logo are trademarks and/or registered trademarks of NVIDIA Corporation in the U.S. and/or other countries."
Update 3.11.0,2024.08.28,https://www.reachthefinals.com/patchnotes/3110,"COMMUNITY EVENT: PARTY UP!

The new community event has started and this time, it’s a party!
This week, ISEUL-T challenges you to collectively complete 6 million rounds of gameplay while in a party! Should you manage – any contestant to contribute to the goal will be rewarded with the ISEUL-T Reality Check Frag Grenade skin!
So, grab a friend and hop in the game! You can also make some new friends over on the
Official Discord
! Join the party challenge and build your team!
Here is this week’s store update:

THE FINALS © 2022-2026 Embark Studios AB. THE FINALS and EMBARK trademarks and logos are trademarks or registered trademarks of Embark Studios AB. NEXON trademark and logo are trademarks or registered trademarks of NXC Corporation. © 2026 Sony Interactive Entertainment LLC. PlayStation, the PlayStation Family Mark, PS5, the PS5 logo, PS4 and the PS4 logo are registered trademarks or trademarks of Sony Interactive Entertainment Inc. Microsoft, the Xbox Sphere mark and Xbox Series X|S are trademarks of the Microsoft group of companies. © 2026 Valve Corporation. Steam and the Steam logo are trademarks and/or registered trademarks of Valve Corporation in the U.S. and/or other countries. © 2026 Epic Games, Inc. All rights reserved. Unreal, Unreal Engine and their respective logos are trademarks or registered trademarks of Epic Games, Inc. in the U.S. Patent and Trademark Office and elsewhere. NVIDIA, the NVIDIA logo and the GeForce Now logo are trademarks and/or registered trademarks of NVIDIA Corporation in the U.S. and/or other countries."
Update 3.10.0,2024.08.21,https://www.reachthefinals.com/patchnotes/3100,"The next update for THE FINALS is here and with it we’re saying farewell to the DISSUN Challenge as we enter the next stop on the World Tour - the VAIIYA International!
Before diving into the rest of today’s changes, we need to take a moment to celebrate that you all completed the Community Event! You made it juuuuuuuust in time, but $100 BILLION was cashed out in World Tour in just a week, and as a result you can all expect the DISSUN racing helmet to appear in your inventories later this week.
We are excited to introduce more options to our crosshair customization feature, a much-requested QOL feature! You’ll be able to edit both the static and dispersive crosshair parts independently of each other and we’ve added further crosshair reticles for you to choose from. Let us know what you think!
For Cashout, we’re experimenting with the “Defender bonus,” which will help teams currently defending the cashout get back in the action faster! We’re also adding some balance changes to the mix!
For those of you on that World Tour grind, we’re lowering the number of wins needed to progress through Emerald. Emerald 4 will now need 3 wins rather than 10, and making it all the way to Emerald 1 will now take 63 wins, down from the previous 75.
We also have a fully stocked store for you to check out, both in-game and in the video below, as well as other bug fixes!

Let’s dive into the details:
Balance Changes
Gadgets
Dome Shield
Decreased duration from 12s to 5.5s
Dev Note: The Dome Shield was always intended as temporary protection that would synergize well with supportive actions. Over time, its main use case has been as a ‘mobile fortress’ used to steal objectives. We want teams to have to secure the area first in order to steal an objective. To encourage this intended design, we’ve adjusted the Dome Shield’s duration.
Goo Grenade
Decreased the time it takes for fire to destroy goo from 12s to 9s
Dev Note: We feel our previous buff to the goo, which was intended to aid defensive play, was a little too heavy-handed and removed fire’s role as a hard-counter to goo.
Game Modes
Cashout
Introduced a defender bonus for teams that currently hold a Cashout Station. While they hold the objective, the dead players on the defending team will be able to spend any respawn coins they have after 15 seconds, rather than 30 seconds
Dev Note: We see cashouts getting stolen at higher rates than expected. This change encourages teams to start and defend cashouts rather than swooping in late. This is part of a series of changes we’re making to incentivize acting first when it comes to objectives rather than later and an ongoing part of our Cashout experimentation.
World Tour
We’ve reduced the number of Cashout Tournament wins needed to reach each level of Emerald, for example, Emerald 4 will require 3 wins instead of 10 and the total wins needed for Emerald 1 is now 63 instead of 75.
Specializations
Goo Gun
Decreased the time it takes for fire to destroy goo from 12s to 9s
Winch Claw
Decreased the max range from the Winch Claw from 17m to 12m
Dev Note: The Winch Claw is meant to enable combat in short-range fights. We feel this new range better reflects this intent.
Weapons
Throwing Knives
Decreased the fire rate of the primary fire from 125rpm to 107rpm
Dev Note: Throwing Knives have become quite an oppressive weapon! We’ll monitor this change closely and likely make more involved changes if this adjustment doesn’t do enough to address that feeling.
Content and Bug Fixes
Animation
Fixed the zipline attach animation not playing under certain conditions
Fixed the riot shield not hiding properly when vaulting
Updated animation for the Flamethrower’s Soak ‘n’ Scorch skin so it will always play the full animation
Fixed aim down sights so it is properly portrayed in spectator view
Updated the Mini Roulette skin for the Lewis Gun to make it compatible with animation customizations
Contracts
Fix for the Quick Melee contract so it only registers quick melee attacks, not melee attacks with weapons
Fixed so that the “Stop opponents from stealing your cashout or decrypting a terminal 5 times” now also counts eliminations by attackers on defenders trying to stop the decryption in Terminal Attack
Fixed so that winch claw properly counts towards the interrupt contract
Fixed for the contract “'Get 15 eliminations or assists with Launchers or Shotguns”, it now correctly rewards assists
Game Modes
Mines and charges will now stick to the vault’s surface correctly
Fixed the bug that sometimes caused the connect/leave button to be present after finishing a World Tour session
Fixed an issue in Ranked Terminal Attack that caused the teams to play different objective configurations (i.e. the locations of spawn points and terminals) when Attacking or Defending. Both teams now play the same sequence of objective configurations
Fixed an issue where Ziplines would not properly reset after midgame in Ranked Terminal Attack
Changed so the in-game Cashout text will display in the corresponding team’s color
When reconnecting into World Tour in a late round, loadout choices should now be correct
Gameplay
Fixed a bug where players were unable to use items from the start of the round and throughout the match, such as the Healing Beam
When backfilling into a match, respawn statues will now display the correct team colors instead of being white
Maps
Debris in Skyway Stadium now properly resets after midgame in Ranked Terminal Attack
Specializations
Winch Claw
Fixed an issue where the action could get canceled if the targeted player jumped right when getting hit
Fixes issue where the wrong target could get pulled if it was close to the intended target
Turret
Fixed recovery text being wrongly displayed
Grapple Hook
Can once again attach to walls that are out of bounds
Security and anti-cheat
Improved existing detection rules
Stability & Performance
Fixes for some of our most common crashes
Performance optimizations for all platforms
Additional fix for a rare case of the infinite loading screen
Fixed an issue where players failed to join matches resulting in uneven teams for modes with no backfills
UI
Leaving a private match now shows the correct dialog
Fixed a navigation issue in the settings menu for controller
Added more crosshair customization options

THE FINALS © 2022-2026 Embark Studios AB. THE FINALS and EMBARK trademarks and logos are trademarks or registered trademarks of Embark Studios AB. NEXON trademark and logo are trademarks or registered trademarks of NXC Corporation. © 2026 Sony Interactive Entertainment LLC. PlayStation, the PlayStation Family Mark, PS5, the PS5 logo, PS4 and the PS4 logo are registered trademarks or trademarks of Sony Interactive Entertainment Inc. Microsoft, the Xbox Sphere mark and Xbox Series X|S are trademarks of the Microsoft group of companies. © 2026 Valve Corporation. Steam and the Steam logo are trademarks and/or registered trademarks of Valve Corporation in the U.S. and/or other countries. © 2026 Epic Games, Inc. All rights reserved. Unreal, Unreal Engine and their respective logos are trademarks or registered trademarks of Epic Games, Inc. in the U.S. Patent and Trademark Office and elsewhere. NVIDIA, the NVIDIA logo and the GeForce Now logo are trademarks and/or registered trademarks of NVIDIA Corporation in the U.S. and/or other countries."
Update 3.9.0,2024.08.14,https://www.reachthefinals.com/patchnotes/390,"Check out the store update for this week:

THE FINALS is best with friends, and to aid you in your quest to build the ultimate team, this week we are introducing the refer-a-friend program! Head on over to Embark ID to get your unique URL that can be shared with friends who have yet to play THE FINALS.
Once your invited friend has played 20 rounds of the game, you’ll both get 100 Multibucks! Get rewarded for up to five friends and check out the full rules over on Embark ID.
Want one more way to recruit your friends? What better way is there than to wear THE FINALS merch in public? Today we’re also launching our merchandise store where you can pick up some THE FINALS or OSPUZE-related merch, oh, and there’s stickers! With some of the items, you can get an in-game copy of your IRL drip! This is our first run, so supplies are limited! The shop will drop in a few hours, and you can watch the countdown in the meantime:
https://merch.reachthefinals.com/
Finally, this week we have a new community challenge! Collectively cash out $100 billion in World Tour Cashout and earn the DISSUN Interrupter helmet from our generous World Tour sponsor! Only those who contribute to this eye-popping goal will get the reward, so make sure to do your part!
Content and Bug Fixes
UI
Fixed a bug where the “THE FINALS” leaderboard was incorrectly counting wins from other game modes, in addition to Tournament wins

THE FINALS © 2022-2026 Embark Studios AB. THE FINALS and EMBARK trademarks and logos are trademarks or registered trademarks of Embark Studios AB. NEXON trademark and logo are trademarks or registered trademarks of NXC Corporation. © 2026 Sony Interactive Entertainment LLC. PlayStation, the PlayStation Family Mark, PS5, the PS5 logo, PS4 and the PS4 logo are registered trademarks or trademarks of Sony Interactive Entertainment Inc. Microsoft, the Xbox Sphere mark and Xbox Series X|S are trademarks of the Microsoft group of companies. © 2026 Valve Corporation. Steam and the Steam logo are trademarks and/or registered trademarks of Valve Corporation in the U.S. and/or other countries. © 2026 Epic Games, Inc. All rights reserved. Unreal, Unreal Engine and their respective logos are trademarks or registered trademarks of Epic Games, Inc. in the U.S. Patent and Trademark Office and elsewhere. NVIDIA, the NVIDIA logo and the GeForce Now logo are trademarks and/or registered trademarks of NVIDIA Corporation in the U.S. and/or other countries."
Hotfix 3.8.2,2024.08.09,https://www.reachthefinals.com/patchnotes/382,"Steam Issue Resolved
After Hotfix 3.8.1, we had an issue where some Steam players were not able to launch the game.
Thanks to the quick and detailed feedback from our community on Discord, we were able to resolve this issue.

THE FINALS © 2022-2026 Embark Studios AB. THE FINALS and EMBARK trademarks and logos are trademarks or registered trademarks of Embark Studios AB. NEXON trademark and logo are trademarks or registered trademarks of NXC Corporation. © 2026 Sony Interactive Entertainment LLC. PlayStation, the PlayStation Family Mark, PS5, the PS5 logo, PS4 and the PS4 logo are registered trademarks or trademarks of Sony Interactive Entertainment Inc. Microsoft, the Xbox Sphere mark and Xbox Series X|S are trademarks of the Microsoft group of companies. © 2026 Valve Corporation. Steam and the Steam logo are trademarks and/or registered trademarks of Valve Corporation in the U.S. and/or other countries. © 2026 Epic Games, Inc. All rights reserved. Unreal, Unreal Engine and their respective logos are trademarks or registered trademarks of Epic Games, Inc. in the U.S. Patent and Trademark Office and elsewhere. NVIDIA, the NVIDIA logo and the GeForce Now logo are trademarks and/or registered trademarks of NVIDIA Corporation in the U.S. and/or other countries."
Hotfix 3.8.1,2024.08.09,https://www.reachthefinals.com/patchnotes/381,"Performance Update
With update 3.8, we saw a dip in game performance, specifically related to network and bandwidth.
We have just released a hotfix to all platforms that solves this issue. Once you've updated, you should all have a smoother experience across the board with fewer network-related disruptions.
SEE YOU IN THE ARENA!

THE FINALS © 2022-2026 Embark Studios AB. THE FINALS and EMBARK trademarks and logos are trademarks or registered trademarks of Embark Studios AB. NEXON trademark and logo are trademarks or registered trademarks of NXC Corporation. © 2026 Sony Interactive Entertainment LLC. PlayStation, the PlayStation Family Mark, PS5, the PS5 logo, PS4 and the PS4 logo are registered trademarks or trademarks of Sony Interactive Entertainment Inc. Microsoft, the Xbox Sphere mark and Xbox Series X|S are trademarks of the Microsoft group of companies. © 2026 Valve Corporation. Steam and the Steam logo are trademarks and/or registered trademarks of Valve Corporation in the U.S. and/or other countries. © 2026 Epic Games, Inc. All rights reserved. Unreal, Unreal Engine and their respective logos are trademarks or registered trademarks of Epic Games, Inc. in the U.S. Patent and Trademark Office and elsewhere. NVIDIA, the NVIDIA logo and the GeForce Now logo are trademarks and/or registered trademarks of NVIDIA Corporation in the U.S. and/or other countries."
Update 3.8.0,2024.08.07,https://www.reachthefinals.com/patchnotes/380,"All that glitters is not gold.. Sometimes it’s Emerald!
It’s time to ask the age-old question, Contestants - CAN YOU REACH THE FINALS?
Today we’re finally unlocking THE FINALS inside the World Tour for all players who have reached a World Tour Badge Tier of Gold 1! Here you’ll be able to continue your badge progression past Gold and into Emerald, with unique rewards unlocking for each tier you achieve. In THE FINALS you only earn win points for winning an entire World Tour Tournament - so this truly is a challenge for our most seasoned contestants to show off their dedication.
We’re also heading to the next stop on the World Tour, the DISSUN Challenge. For this one, we’re updating the rules a bit by reintroducing cash loss on team wipe at 10% of total team cash. Make sure to play the DISSUN Challenge, and all of THE FINALS, with a friend or two because with this update we’re also introducing bonus Battle Pass XP when playing in a party!
UPDATE FOR CLARITY: For those who have already reached Gold 1 in the World Tour, please note that you have THE FINALS tile unlocked and the normal World Tour now appears locked. Have no fear, you will still be able to play with your friends and progress along your Emerald badges, regardless of the badge level of your party members. We realize, now that it is live, that this was a confusing way to present this change and we’ll work on a fix to make it more clear. Regardless of your badge level (Bronze, Silver, Gold, or Emerald), you are all still playing World Tour.

When it comes to bug-fixes we have another fix for the infinite loading screen, fixed the issue which caused the very bright contestant selection screen and we solved the unclimbable stairs on Kyoto!
Full list of changes below:
Balance Changes
Game Modes
World Tour
Teams now lose 10% of their cash total on team wipe
Dev Note: The rule changes we tested during the VOLPE Championship seem to have had positive results both with the community and in the analytics data we’ve been looking at. For our next World Tour stop, the DISSUN Challenge, we’ll keep testing this rule set, but with team wipe penalties reintroduced at 10%. This will allow us to continue to monitor how these changes impact the game. Huge thanks to everyone who provided feedback and impressions over the past two weeks!
Increased the number of Win Points earned for reaching the second round of a tournament from 5 to 7
Increased the number of Win Points earned for reaching the final of a tournament from 12 to 16
Increased the number of Win Points earned for winning a tournament from 20 to 26
Dev Note: Win Points are not accumulative. They are awarded based on where you finished in a tournament, meaning that if you win a tournament, you earn 26 points in total.
Content and Bug Fixes
Animation
Fixed issue where charged weapons would stay charged visually for spectators at times
Characters
Allowing watches to show properly when paired with the Alien upper body cosmetic
Gadgets
Fixed an issue where goo would not stick to surfaces as intended
Game Modes
“THE FINALS” tile is now live in World Tour. Contestants who achieved Gold 1 can participate in THE FINALS to progress through the Emerald Rank where only tournament wins reward win points
Respawn tokens should now show the proper amount
The elimination sequence is now showing again before going to a new match
Fixes for weather being applied wrong in the squad intro sequence
Fixed lights being too bright during team introductions in some instances
Maps
Kyoto
Tweaked Respawn points to be more evenly spread across the entire map
Fixed staircase that was difficult to traverse
Progression
Added bonus XP while playing in a party, players in a party of 2 will earn +7,5% XP and players in a party of 3 or more will earn +10% XP towards their Battle Pass
Specializations
The Evasive Dash specialization will now open doors automatically when dashing into them
Stability
Crash fixes
Fixed another issue which could cause an infinite loading screen
Dev Note: This issue has been difficult to solve, so please make sure to let us know on our Discord Server if you still experience it after this update!
Fixed a connection issue where users who crashed in the lobby could be marked as abandoned which could lead to faulty suspensions
Added the ability for players who leave a ranked game to reconnect to their current game while suspended from matchmaking
UI
Added the ability to see the leaderboard for each World Tour stop
Removed showing faulty cash amount gained for friendly kills
Fixed so the infinite damage symbol shows when falling off a ledge or other scenarios
Fixed tracking being allowed on locked quests
Hide respawn coins in the scoreboard for Terminal Attack
Fix for unintended behavior of the dropdown menu in Private Matches
Fixed issue with the camera sniper skin playing unintentional sound effects while equipped
Fixed the issue which caused contestants outside of the top 500 on the leaderboards to appear as “unranked”

THE FINALS © 2022-2026 Embark Studios AB. THE FINALS and EMBARK trademarks and logos are trademarks or registered trademarks of Embark Studios AB. NEXON trademark and logo are trademarks or registered trademarks of NXC Corporation. © 2026 Sony Interactive Entertainment LLC. PlayStation, the PlayStation Family Mark, PS5, the PS5 logo, PS4 and the PS4 logo are registered trademarks or trademarks of Sony Interactive Entertainment Inc. Microsoft, the Xbox Sphere mark and Xbox Series X|S are trademarks of the Microsoft group of companies. © 2026 Valve Corporation. Steam and the Steam logo are trademarks and/or registered trademarks of Valve Corporation in the U.S. and/or other countries. © 2026 Epic Games, Inc. All rights reserved. Unreal, Unreal Engine and their respective logos are trademarks or registered trademarks of Epic Games, Inc. in the U.S. Patent and Trademark Office and elsewhere. NVIDIA, the NVIDIA logo and the GeForce Now logo are trademarks and/or registered trademarks of NVIDIA Corporation in the U.S. and/or other countries."
Update 3.7.0,2024.07.31,https://www.reachthefinals.com/patchnotes/370,"It’s summertime and the Embark office is officially in vacation mode! Don’t worry though, as we still have a crew of people working hard and diligently watching and listening. So next week, you can expect a patch with the update!
Check out the new store content here:

Last week, we added a whole new set of rules to the World Tour and we would love to gather your feedback on those changes! If you have played the new Cashout rules, please take a moment to give us your thoughts
in this survey
.

THE FINALS © 2022-2026 Embark Studios AB. THE FINALS and EMBARK trademarks and logos are trademarks or registered trademarks of Embark Studios AB. NEXON trademark and logo are trademarks or registered trademarks of NXC Corporation. © 2026 Sony Interactive Entertainment LLC. PlayStation, the PlayStation Family Mark, PS5, the PS5 logo, PS4 and the PS4 logo are registered trademarks or trademarks of Sony Interactive Entertainment Inc. Microsoft, the Xbox Sphere mark and Xbox Series X|S are trademarks of the Microsoft group of companies. © 2026 Valve Corporation. Steam and the Steam logo are trademarks and/or registered trademarks of Valve Corporation in the U.S. and/or other countries. © 2026 Epic Games, Inc. All rights reserved. Unreal, Unreal Engine and their respective logos are trademarks or registered trademarks of Epic Games, Inc. in the U.S. Patent and Trademark Office and elsewhere. NVIDIA, the NVIDIA logo and the GeForce Now logo are trademarks and/or registered trademarks of NVIDIA Corporation in the U.S. and/or other countries."
Update 3.6.0,2024.07.24,https://www.reachthefinals.com/patchnotes/360,"LET THE GAMES BEGIN!
We hope you’re warmed up and ready, Contestants, because the next stop on the World Tour is the VOLPE Championship, and it’s offering some contracts with exclusive sports gear rewards! We’re also running brand new Twitch Drops throughout this World Tour stop, so make sure you tune in for some THE FINALS on Twitch.Tv!
The sponsors are also in full swing fighting over exposure in this week’s store update; check it out below:

Summer is in full swing and vacation times are in full effect, but this week still has some rather substantial changes and bug fixes. In the VOLPE Championship, we’re upping the amount of money you earn per elimination in Cashout, and granting your team part of the vault value immediately when initiating a cashout! We’re also completely removing cash penalties from team wipes - make sure to try these changes out and let us know what you think.
On the bug-fixing side, we have a second fix coming in for the infinite loading screen issue and the issue that prevented contestants from using their specializations, weapons, and gadgets at certain times. For our controller friends, we’ve also fixed the aim assist issue introduced in 3.4 for controller players on PC.
Full list of changes and fixes below:
Balance Changes
Gadgets
Goo Grenade
Increased the time it takes for fire to destroy goo from 6s to 12s
Game Modes
Cashout
Increased cash awarded for kills from $200 to $500
~30% of the cash in a Cashbox is now awarded to the team that deposits the Cashbox the moment it is added to the Cashout Station. The remaining ~70% of the cash in a Cashbox is awarded when the cashout is completed at the Cashout Station. These values are rounded off to give easier-to-understand values. This replaces the previous $2000 a team would receive for initiating a cashout.
Removed all cash loss penalties for team wipes
Updated the Vault spawning logic at the start of a match for more even distribution
Added new notification messages to the HUD for when cash is awarded to a team
Increased the time taken to steal a cashout from 6s to 7s
Dev Note: We’ve felt for some time that Cashout generates more ‘third party’ fights than intended, as well as long-lasting team-versus-team encounters, and that happens in part because of the incentives of the scoring system. We are testing the changes above to see if they address these issues and improve the overall experience.  These changes have been selected as the ruleset for the VOLPE Championships. We’ll monitor how they perform via telemetry and your feedback and will adjust them as needed.
Ranked Terminal Attack
Destruction is now reset at half-time without needing to reload the level
Dev note: This should give a smoother experience and reduce downtime
Terminal Attack & Ranked Terminal Attack
Added health regeneration thresholds per archetype to Terminal Attack, meaning players will now regenerate health up to a specific threshold based on if they are a Light, Medium or Heavy, rather than the current fixed 100HP. New thresholds are:
Light = 100HP
Medium = 125HP
Heavy = 150HP
Dev Note: We feel this change will help level the playing field, as well as reduce the effectiveness of ‘poke’ damage with weapons like the SR-84. We also feel this change better represents the variety in the archetypes.
Specializations
Evasive Dash
Increased the cooldown duration from 5.5s to 6.5s per charge
Goo Gun
Increased the time it takes for fire to destroy goo from 6s to 12s
Grapple Hook
Decreased the cooldown duration from 10s to 8s
Healing Beam
Decreased the time taken until the Healing Beam can overheat from 7s to 5.5s
Dev Note: Overheating is something Healing Beam users rarely have to manage, so we’ve lowered the time to overheat which means players need to be slightly more controlled in their use of it.
Weapons
93R
Slightly decreased bullet dispersion when firing from the hip in all stances, making the weapon more accurate
Decreased the amount of horizontal recoil when firing the 93R, making it easier to control and more precise
Slightly tightened the cluster of bullets fired in a burst, making the weapon more precise
Content and Bug Fixes
Contracts
Updated the text on some contracts to say they are earned for ‘rounds,’ not ‘matches,’ to make them clearer
Added some additional Contract types
Gadgets
General
Fixed an issue where some Gadgets could become ‘locked’ and unable to fire/use
Goo Grenade
Fixed an issue where goo could stick to the side of the warm-up zone in Terminal Attack modes
Game Modes
Private Matches
Added ‘Pause match’ functionality to private matches. Anybody in a spectator slot can pause the match using the R button
World Tour
Fixed an issue where the ‘elimination’ outro screen at the end of a tournament would not show up correctly
Ranked Terminal Attack
Adjusted how Ranked Score (RS) updates are calculated for parties.
Dev Note: This should lead to more intuitive RS changes for parties with smaller RS differences between members. Parties with higher RS differences between members will see more appropriate updates based on their own RS. The result should mean that RS changes will be better based on the match result, i.e. larger RS gained when beating stronger teams, and less RS gained when beating weaker teams.
Specializations
General
Fixed an issue where some Specializations could become ‘locked’ and unable to fire/use
Goo Gun
Fixed an issue where goo could stick to the side of the warm-up zone in Terminal Attack modes
UI
Game Summary Screen
Brought back the “deaths” statistic to the summary
Brought back the mixed-caps style font
Front-end menus
Fixed several issues that could result in ‘out of memory’ crashes
Fixed an issue where having text chat open could block some button inputs
HUD
Fixed an issue where the colorblind settings would not update in the Terminal Attack score widget
Ping System
Changed default ping intent on Cashout Stations owned by enemy teams to ""attack""
Jump pads now generate an event log message when pinged
Fixed an event log message that had incorrect player name data
Updated event log message text from “Going to vault X” to “Move to vault X,” to bring it in line with other instructional pings
Added a new HUD icon when pinging player statues
Weapons
General
Fixed an issue where some Weapons could become ‘locked’ and unable to fire/use

THE FINALS © 2022-2026 Embark Studios AB. THE FINALS and EMBARK trademarks and logos are trademarks or registered trademarks of Embark Studios AB. NEXON trademark and logo are trademarks or registered trademarks of NXC Corporation. © 2026 Sony Interactive Entertainment LLC. PlayStation, the PlayStation Family Mark, PS5, the PS5 logo, PS4 and the PS4 logo are registered trademarks or trademarks of Sony Interactive Entertainment Inc. Microsoft, the Xbox Sphere mark and Xbox Series X|S are trademarks of the Microsoft group of companies. © 2026 Valve Corporation. Steam and the Steam logo are trademarks and/or registered trademarks of Valve Corporation in the U.S. and/or other countries. © 2026 Epic Games, Inc. All rights reserved. Unreal, Unreal Engine and their respective logos are trademarks or registered trademarks of Epic Games, Inc. in the U.S. Patent and Trademark Office and elsewhere. NVIDIA, the NVIDIA logo and the GeForce Now logo are trademarks and/or registered trademarks of NVIDIA Corporation in the U.S. and/or other countries."
Update 3.5.0,2024.07.18,https://www.reachthefinals.com/patchnotes/350,"Protocol Core, Community Event & Bug Fixes!
Get ready for a brand new community event, the Protocol Core Set, and lock in your aim with the futuristic Mech-Arrow Set!
Check them out in the brand-new store update:

Today, we’re kicking off the first Community Event of Season 3, and we are challenging you to eliminate 1,900.000 contestants using the weapons and gadgets introduced in Season 3! Join in the race to fill the meter, and everyone who contributes will win the DISSUN Capacitor skin for Dual Blades.
We’re happy to announce that this update will also happen on Xbox, so the wait is over! With the issue resolved, we want to thank all of our Xbox players for their patience! This interruption in the update schedule was not planned and took far too long to fix. As a thank you for your endurance and as a nod to our own…issues… in this situation, we are gifting all Xbox players the Skill Issue Set. Expect your gift to show up in the next few days!
Certain fixes and server changes intended for this update have been postponed as we prioritized making sure all Contestants got up to speed on the updates, so you can expect more changes to come. But, in order to make sure things are running smoothly, this update will only include:
Content and Bug Fixes
Build
Ensured all platforms are on the same build to re-enable crossplay and content updates for Xbox
Performance
This week we fixed one of the bugs causing players to be stuck in an infinite loading screen
Fixed a bug that caused players to be unable to properly cancel ranked matches

THE FINALS © 2022-2026 Embark Studios AB. THE FINALS and EMBARK trademarks and logos are trademarks or registered trademarks of Embark Studios AB. NEXON trademark and logo are trademarks or registered trademarks of NXC Corporation. © 2026 Sony Interactive Entertainment LLC. PlayStation, the PlayStation Family Mark, PS5, the PS5 logo, PS4 and the PS4 logo are registered trademarks or trademarks of Sony Interactive Entertainment Inc. Microsoft, the Xbox Sphere mark and Xbox Series X|S are trademarks of the Microsoft group of companies. © 2026 Valve Corporation. Steam and the Steam logo are trademarks and/or registered trademarks of Valve Corporation in the U.S. and/or other countries. © 2026 Epic Games, Inc. All rights reserved. Unreal, Unreal Engine and their respective logos are trademarks or registered trademarks of Epic Games, Inc. in the U.S. Patent and Trademark Office and elsewhere. NVIDIA, the NVIDIA logo and the GeForce Now logo are trademarks and/or registered trademarks of NVIDIA Corporation in the U.S. and/or other countries."
Update 3.4.0,2024.07.10,https://www.reachthefinals.com/patchnotes/340,"ISEUL-T CUP, Pond Dweller & The Pro Circuit!

Update 3.4 is coming in hot with multiple features and changes fighting over the spotlight! ISEUL-T is entering The Arena as the latest sponsor on the next stop of the World Tour - The ISEUL-T Cup! The Pro Circuit also goes live with this update, however, both of these changes are sharing that spotlight with a certain green someone in our latest store update…
Introducing the Pond Dweller:

Also, we have quite the list of changes this time including several changes to Bank-It, shorter wait-times in Terminal Attack, the addition of party chat while in the main menu and the ability to equip multiple weapon animations to the same gun.
Those of you with a keen eye will also notice that we’ve added an info panel that explains the World Tour’s FINALS event - check it out in-game.
Finally, both Polish and Turkish translations of THE FINALS are now live with this update, so make sure to throw a “Cześć” or “Merhaba” into team chat at the start of a game!
Full list of changes included in this update:
Balance Changes
Gadgets
Breach Charge
Decreased minimum damage applied at outer edge of explosions to 0
Increased damage radius from 2m to 2.5m
Set damage fall-off to scale linearly from the max damage radius to the outer radius
Dev Note: Previously, our area of effect (AoE) Weapons and Gadgets had several ‘damage shelves’, where damage would fall off radically at the edge of the inner radius of a blast and at the edge of the outer radius. This could result in AoE damage feeling somewhat inconsistent. These changes now cause damage to fall-off linearly from the inner radius damage value, down to 0 at the outer edge of the radius, which we believe will feel much more consistent. The radius of each AoE weapon has been increased slightly as a result of this, as the outer edge of explosions now does much less damage than it did previously.
C4
Decreased minimum damage applied at outer edge of explosions to 0
Increased damage radius from 6m to 6.5m
Set damage fall-off to scale linearly from the max damage radius to the outer radius
Explosive Mine
Decreased minimum damage applied at outer edge of explosions to 0
Increased damage radius from 3.5m to 4.25m
Set damage fall-off to scale linearly from the max damage radius to the outer radius
Frag Grenade
Decreased minimum damage applied at outer edge of explosions to 0
Increased damage radius from 4.5m to 5m
Set damage fall-off to scale linearly from the max damage radius to the outer radius
Game Modes
Dev Note: These changes are the first part of a series of improvements we’re planning to make to each of our game modes over the course of Season 3, including our Cashout and Power Shift modes. These changes will cover a range of areas, from pacing to scoring. The goal is to smooth out some of the rough edges in each of our modes, hopefully leading to a better overall experience across all our modes.
Bank It
Removed team wipes
Decreased respawn time from 17 seconds to 10 seconds
Added the ability for players to change to a different Contestant while dead
Terminal Attack & Ranked Terminal Attack
Decreased lobby duration from 15 seconds to 10 seconds
Decreased warm-up duration from 25 seconds to 20 seconds
Decreased round duration from 150 seconds to 130 seconds
Weapons
CL-40
Decreased minimum damage applied at outer edge of explosions to 0
Increased damage radius from 2.6m to 3m
Set damage fall-off to scale linearly from the max damage radius to the outer radius
Dev Note: As with the AoE Gadgets, our AoE weapons have also been updated to get more consistent feeling damage fall-off.
MGL-32
Decreased minimum damage applied at outer edge of explosions to 0
Increased damage radius from 3.75m to 4m
Set damage fall-off to scale linearly from the max damage radius to the outer radius
RPG-7
Decreased minimum damage applied at outer edge of explosions to 0
Increased damage radius from 4.5m to 5.5m
Set damage fall-off to scale linearly from the max damage radius to the outer radius
Content and Bug Fixes
Animation
Fixed a bad transition animation between the Winch Claw and using the ability to lift items
Fixed an issue where players could not play emote animations consecutive times
Added support for enabling multiple custom weapon animations at once. If multiple animations are equipped, an animation will be randomly selected from that list when triggered
Characters
Fixed a bug that caused ‘General Goodboy’ pet to be rendered with blurry artifacts
Fixed various smaller issues with cosmetic items, such as various clipping issues
Gadgets
Thermal Bore
Fixed an issue where the Thermal Bore could become stuck in mid-air
Game Modes
Bank It
Fixed an issue where it would sometimes not be possible to respawn
Practice Range
Added Season 2 trophies for Ranked, Terminal Attack event & season
Ranked Terminal Attack
Fixed an issue where the full rank score gain could sometimes not be given to players due to the losing team abandoning the match
Localization
Added support for Turkish and Polish languages
Maps
Kyoto
Made various fixes to improve the quality of building destruction
Fixed various issues were there were gaps in the map
Matchmaking
Fixed an issue where the matchmaking region could be wrongly set for new players on consoles
Stability
Fixed several issues that could cause client crashes
Fixed one issue where players could sometimes spawn into a game and be unable to attack or use Gadgets
Fixed one of the issues which would cause a player to be unable to fire their weapon or use their abilities
UI
HUD
Fixed an issue where respawn markers could fly off to unintended locations
Ping System
Increased max ping distance to 300m
Text Chat
Added support for text chat in the front-end menus when in a party
Improved profanity filter to include more languages
Fixed an issue where chat from blocked players could sometimes still be visible
Removed some status messages from text chat to make it less spammy
World Tour
Added info panel for the World Tour ‘THE FINALS’ event
Weapons
General
Fixed a bug that could cause players to experience different recoil decay rates when using some semi-automatic guns
Spear
Reduced the impulse applied by the secondary attack, to prevent some objects being pushed a long way by the attack

THE FINALS © 2022-2026 Embark Studios AB. THE FINALS and EMBARK trademarks and logos are trademarks or registered trademarks of Embark Studios AB. NEXON trademark and logo are trademarks or registered trademarks of NXC Corporation. © 2026 Sony Interactive Entertainment LLC. PlayStation, the PlayStation Family Mark, PS5, the PS5 logo, PS4 and the PS4 logo are registered trademarks or trademarks of Sony Interactive Entertainment Inc. Microsoft, the Xbox Sphere mark and Xbox Series X|S are trademarks of the Microsoft group of companies. © 2026 Valve Corporation. Steam and the Steam logo are trademarks and/or registered trademarks of Valve Corporation in the U.S. and/or other countries. © 2026 Epic Games, Inc. All rights reserved. Unreal, Unreal Engine and their respective logos are trademarks or registered trademarks of Epic Games, Inc. in the U.S. Patent and Trademark Office and elsewhere. NVIDIA, the NVIDIA logo and the GeForce Now logo are trademarks and/or registered trademarks of NVIDIA Corporation in the U.S. and/or other countries."
Update 3.3.0,2024.07.03,https://www.reachthefinals.com/patchnotes/330,"INTRODUCING RUBY RANK

Check out the new store update:

This week we are introducing something for our most competitive Contestants -
RUBY rank!
Ruby is an exclusive rank for the very best of the best, as it’s only available for the top 500 players in the world! Unlike our other ranks, the Ruby rewards will only be fully rewarded at the end of the season, so you have to make sure you’re within those top 500 positions when the season ends!
Beyond the introduction of Ruby and a store update featuring the ÖRF backpack (make sure to check it out
properly
, we have a few updates coming your way - all listed below:
Content and Bug Fixes
Game Modes
Ranked
Enabled Ruby Rank in Ranked Terminal Attack
Tutorial
New players will now play a tutorial that corresponds to the first gamemode they decide to try out
UI
Contracts
Fixed Quick Melee and Shotgun/Marksman Rifle contracts which were not working
Weekend contracts will now be removed when the weekend ends
""Weekend contracts"" text will only be visible on the World Tour tile when available
Hid the timer for elapsed stages of the World Tour
Maps
Destruction
Fixed a bug where destruction could cause wrong simulation behavior in some situations

THE FINALS © 2022-2026 Embark Studios AB. THE FINALS and EMBARK trademarks and logos are trademarks or registered trademarks of Embark Studios AB. NEXON trademark and logo are trademarks or registered trademarks of NXC Corporation. © 2026 Sony Interactive Entertainment LLC. PlayStation, the PlayStation Family Mark, PS5, the PS5 logo, PS4 and the PS4 logo are registered trademarks or trademarks of Sony Interactive Entertainment Inc. Microsoft, the Xbox Sphere mark and Xbox Series X|S are trademarks of the Microsoft group of companies. © 2026 Valve Corporation. Steam and the Steam logo are trademarks and/or registered trademarks of Valve Corporation in the U.S. and/or other countries. © 2026 Epic Games, Inc. All rights reserved. Unreal, Unreal Engine and their respective logos are trademarks or registered trademarks of Epic Games, Inc. in the U.S. Patent and Trademark Office and elsewhere. NVIDIA, the NVIDIA logo and the GeForce Now logo are trademarks and/or registered trademarks of NVIDIA Corporation in the U.S. and/or other countries."
Hotfix 3.2.2,2024.06.27,https://www.reachthefinals.com/patchnotes/322,"We’ve pushed a small fix for an issue on Playstation that was introduced in 3.2.0.

THE FINALS © 2022-2026 Embark Studios AB. THE FINALS and EMBARK trademarks and logos are trademarks or registered trademarks of Embark Studios AB. NEXON trademark and logo are trademarks or registered trademarks of NXC Corporation. © 2026 Sony Interactive Entertainment LLC. PlayStation, the PlayStation Family Mark, PS5, the PS5 logo, PS4 and the PS4 logo are registered trademarks or trademarks of Sony Interactive Entertainment Inc. Microsoft, the Xbox Sphere mark and Xbox Series X|S are trademarks of the Microsoft group of companies. © 2026 Valve Corporation. Steam and the Steam logo are trademarks and/or registered trademarks of Valve Corporation in the U.S. and/or other countries. © 2026 Epic Games, Inc. All rights reserved. Unreal, Unreal Engine and their respective logos are trademarks or registered trademarks of Epic Games, Inc. in the U.S. Patent and Trademark Office and elsewhere. NVIDIA, the NVIDIA logo and the GeForce Now logo are trademarks and/or registered trademarks of NVIDIA Corporation in the U.S. and/or other countries."
Update 3.2.0,2024.06.26,https://www.reachthefinals.com/patchnotes/320,"Check out the store update for this week with the Hazard Duty set :

Also, we have a few fixes and tweaks to share below. Most notably, you can now reconnect in Private Matches if you are disconnected during the match! Also, we’ve had to temporarily remove Solo Bank It from Private Matches in order to fix an issue in the mode. It will be back soon.
Today is the last day of the
ENGIMO Open
and tomorrow, we are proud to announce the
OSPUZE Expo
! In this leg of the World Tour, things will get fizzy and explosive in Monaco, Las Vegas, and Kyoto! The rules will be Standard Cashout and keep an eye out for some contracts over the weekends!
Get ready to Pop. Pour. Perform!
Here’s the change list for this update:
Content and Bug Fixes
Animation
Tweaked inspect animations for carriables so that you can start a consecutive inspect quicker
Fixed an issue where the weapon would be visible while getting revived
Fixed an issue where the players would get stuck in the sword lunge animation
Fixed a bug where players could die without spawning a statue if a teammate immediately started to revive
Gadgets
Grapple Hook
Can no longer attach to surfaces that are out of bounds
Dome Shield
Fixed an issue where the Dome Shield would skip on or bounce off of water surfaces
Game Modes
Private Matches
Disconnected players can now reconnect
Fixed an issue that would cause the game to lock players in a state of accepting an invite
Solo Bank It temporarily removed due to a bug
Cashout
Fixed an issue where the Cashbox icon would not re-appear after fading away for the first time when in the possession of another team
Terminal Attack
Fixed a bug that caused extraction location names to not be visible at the start of a round
Fixed motion blur being incorrectly forced during the warm-up phase
Fixed an issue where key insertion failed after the hold interaction was complete
Improved the penalty system for delivering sanctions to players who leave the match early
Power Shift
Fixed a bug that made it possible to overtake the platform after the round had ended
Performance
Added improvements on cosmetics and distance fields to save memory
Specializations
Winch Claw
Fixed an issue where players lunging with the Sword could get stuck in a captured state when hit with the Winch Claw
UI
Fixed an issue that caused the spectator camera vignette to play in the drafting screen in Terminal Attack
Fixed the Battle Pass background to prevent it from being cleared when entering the Career screen
Changed the controller input for editing the Player Card to avoid canceling matchmaking
Fixed an issue that caused player score to be cleared for reconnected players
Disconnected players will be hidden in certain squad intro scenes
Weapons
Dagger
Fixed an issue where the Dagger’s secondary backstab attack could hit multiple players at once, which was unintended
Dev note: Melee weapons' ability to hit multiple targets was a new addition with unintended consequences. Now, we've refined it so that heavy-hitting attacks intended for single targets can't be used to hit multiple people.
Sledgehammer
Fixed an issue where the Sledgehammer’s secondary overhead swing attack could hit multiple players at once, which was unintended
SR-84
Fixed an issue where the scope glint effect would not be shown at distances over 150m
Maps
Kyoto
Tweaked destruction behavior to better support prolonged combat and traversal by making buildings collapse more slowly, break into larger chunks, and debris settle faster
Dev Note:  We felt that Kyoto buildings were a bit too brittle, so we tweaked their destruction behavior to be more sturdy. We will continue to monitor this and apply further changes where necessary.
Monaco
Changed the collision of the see-through curtains so that all projectiles and thrown objects pass through them
Security
Further enhancements to our Aimbot detection system for faster reaction time

THE FINALS © 2022-2026 Embark Studios AB. THE FINALS and EMBARK trademarks and logos are trademarks or registered trademarks of Embark Studios AB. NEXON trademark and logo are trademarks or registered trademarks of NXC Corporation. © 2026 Sony Interactive Entertainment LLC. PlayStation, the PlayStation Family Mark, PS5, the PS5 logo, PS4 and the PS4 logo are registered trademarks or trademarks of Sony Interactive Entertainment Inc. Microsoft, the Xbox Sphere mark and Xbox Series X|S are trademarks of the Microsoft group of companies. © 2026 Valve Corporation. Steam and the Steam logo are trademarks and/or registered trademarks of Valve Corporation in the U.S. and/or other countries. © 2026 Epic Games, Inc. All rights reserved. Unreal, Unreal Engine and their respective logos are trademarks or registered trademarks of Epic Games, Inc. in the U.S. Patent and Trademark Office and elsewhere. NVIDIA, the NVIDIA logo and the GeForce Now logo are trademarks and/or registered trademarks of NVIDIA Corporation in the U.S. and/or other countries."
Update 3.1.0,2024.06.19,https://www.reachthefinals.com/patchnotes/310,"Let’s get Dressed to Deploy in The Arena with our first store rotation and update of Season 3! We’re heading full sprint into summer and there’s a green theme in the store - from the Jaded, But Not Jaded set to the Midsummer Maypole!
The Midsummer Maypole is free to claim for the coming week, so make sure to do so!
Here is the new store update:

We’re also bringing some balance changes and stability increases.
Let’s get into the notes!
Balance Changes
Gadgets
Sonar Grenades
Decreased range from 15m to 12m
Weapons
LH1
Decreased damage from 52 to 48
Throwing Knives
Decreased damage from 63 to 60
Winch Claw
Decreased damage from 15 to 5
Content and Bug Fixes
Bug Fixes
Fixed a server crash related to certain types of destruction
Game modes
Unranked Terminal Attack
The mode now randomly selects the starting player and objective spawn scenario, proceeding through the sequence of scenarios from that point
Dev note: Terminal Attack previously had the same set sequence of scenarios as Ranked Terminal Attack, but due to it featuring less rounds, you would less often get to see the later combinations of team and objective spawns. By giving it a random starting point in the sequence, you can now experience and practice all of them more regularly.

THE FINALS © 2022-2026 Embark Studios AB. THE FINALS and EMBARK trademarks and logos are trademarks or registered trademarks of Embark Studios AB. NEXON trademark and logo are trademarks or registered trademarks of NXC Corporation. © 2026 Sony Interactive Entertainment LLC. PlayStation, the PlayStation Family Mark, PS5, the PS5 logo, PS4 and the PS4 logo are registered trademarks or trademarks of Sony Interactive Entertainment Inc. Microsoft, the Xbox Sphere mark and Xbox Series X|S are trademarks of the Microsoft group of companies. © 2026 Valve Corporation. Steam and the Steam logo are trademarks and/or registered trademarks of Valve Corporation in the U.S. and/or other countries. © 2026 Epic Games, Inc. All rights reserved. Unreal, Unreal Engine and their respective logos are trademarks or registered trademarks of Epic Games, Inc. in the U.S. Patent and Trademark Office and elsewhere. NVIDIA, the NVIDIA logo and the GeForce Now logo are trademarks and/or registered trademarks of NVIDIA Corporation in the U.S. and/or other countries."
Update 3.0.0 | Season 3 Launch,2024.06.13,https://www.reachthefinals.com/patchnotes/300,"THE FINALS | SEASON 3
The system has been reset! Watch the trailer:

Here’s what’s happening in Season 3:
JOIN THE WORLD TOUR

Fame, fortune, and glory
. This is where all the contestants gather to reach for stardom. In the World Tour, you’ll compete to climb the ladder from Bronze to Gold and beyond. Season 3 will focus on Cashout Tournaments of 24 players in 2-3 week Tournament cycles. The top five players will be on the front page of the World Tour, so check the leaderboard often!
We’ll kick off the Season with the ENGIMO Open, the first stop on the World Tour. This event features traditional Cashout across three maps, including the new Kyoto 1568 Arena!
The World Tour is your oyster, contestants! How will you open it?
EXPLORE KYOTO 1568

The new Kyoto 1568 Arena features a network of interwoven 16th-century temples, gardens, and dense bamboo forests. Intense terrain height variation and layered buildings with hidden traversal options underneath await you in our newest and perhaps more picturesque map location. Traditional Japanese Shoji paper walls that players can shoot and tall, intricate structures ramp up the destruction!
RANK UP IN TERMINAL ATTACK

The new Rank Mode for Season 3 is Terminal Attack!  Players attack and defend a terminal in this robust and exciting ranked mode by delivering a decryption key. The 5v5 mode creates close, competitive, head-to-head matches. On top of that, we’ve revamped the ranked system to better measure skill and have introduced Rank Score points so you can track your progress much more easily!
UNLOCK THE BATTLE PASS

The Battle Pass is packed with 96 rewards, 26 for free, with 1575 Multibucks to be unlocked in total. There are 10 extra rewards for the overachievers, spanning two bonus pages, which can only be earned through XP! This Season’s Battle Pass features prizes inspired by the history and pop culture of Japan!
NEW WEAPONS
We’re introducing three new weapons entering the loadout this season:

NEW TOOLS

COMPLETE THE CAREER CIRCUIT

This season, a whole new Career Circuit is available, with challenges that unlock over time and through fulfilling contracts. With these advanced challenges, you can earn XP toward the Battle Pass throughout the whole season!
We have an action-packed season full of fun rewards, amazing cosmetics, and so much more! We’re introducing
Text Chat
so you can chat with your team. It’s in the early stages, but give it a try! We have also added a dedicated spectator spot to Private Matches for better matches and private tournaments.
There’s plenty more to discover in this season!
Check out the details below:
Balance Changes
Builds
Light
Decreased health regeneration delay from 10 seconds to 7 seconds, meaning health starts regenerating sooner. Does not apply in the Terminal Attack game mode
Dev Note: The dynamics of Terminal Attack mode, with its limited health regen up to 100 HP, means that the Light archetype with their precise and high DPS weapons, can be very effective later in rounds. For that reason, we’ve chosen not to extend these new health regen rules to Terminal Attack for now. We’ll monitor these changes closely, as the season develops and adjust where needed.
Medium
Decreased health regeneration delay from 10 seconds to 9 seconds, meaning health starts regenerating sooner. Does not apply in Terminal Attack game mode
Healing Beam has been replaced with Guardian Turret as the default Medium Specialization
Defibrillator has been replaced with Glitch Trap as one of the default Medium Gadgets
Dev note: As Terminal Attack becomes the Ranked mode, we want to make sure new players have a loadout that works in all modes. Healing-focused items are still available.
Specializations
Goo Gun
Getting hit by goo will now block movement Specializations such as Evasive Dash, except Charge ‘n Slam
Winch Claw
Decreased max range from 20m to 17m
Increased cooldown when missing targets from 6 seconds to 7 seconds
Increased cooldown when hitting carriables or teammate’s statues from 6 seconds to 7 seconds
Increased cooldown when hitting players, Cashout Stations or Terminals from 12 seconds to 14 seconds
Gadgets
Breach Charge
Increased ammo count from 1 to 2
Increased cooldown from 15s to 26s
Decreased player damage from 200 to 80
Data Reshaper
Increased ammo count from 1 to 2
Increased cooldown from 15s to 26s
Gas Grenade
Increased radius from 4.5m to 5m
Glitch Trap - ITEM REWORK
Glitch trap is no longer a proximity detonation device
Glitch trap now has a line-of-sight application. If an enemy player stands within range and in line-of-sight to the trap it will attach a tether to them. Tethered players have the Glitch effect applied to them, preventing them from using Specializations and Gadgets, and disrupting their HUD. Players will need to break the line of sight to the trap, destroy it, or get out of range of it, to remove the effect.
Goo Grenade
Increased the size of the goo wall created by the Goo Grenade from 2x4 to 2x6
Getting hit by goo will now block Evasive Dash and Grapple Hook
Guardian Turret
The cooldown regeneration on the Guardian Turret now starts when the turret is destroyed, not when it is deployed.
Added the ability for players to remotely destroy their Guardian Turret, allowing them to trigger the cooldown if their turret is not nearby. This is done by equipping the Specialization again and holding an interaction for a brief duration.
Motion Sensor - ITEM REWORK
Motion Sensor no longer sends out impulses at regular intervals for detection
Motion Sensor now has line-of-sight application. If an enemy player stands within range and in line-of-sight to the device, the sensor will attach a tether to them. Tethered players will be scanned by the Motion Sensor, allowing friendly players to see them through walls. Players will need to break the line of sight to the sensor or destroy it, to remove the scanning effect.
Smoke Grenade
Increased ammo count from 2 to 3
Increased cooldown from 45s to 50s
Sonar Grenade
Increased detection radius from 10m to 15m
Stun Gun
Players are now unable to use Specializations while the Glitch status is applied
Weapons
93R
Updated recoil pattern, making the weapon much easier to control and hopefully making headshots easier to achieve
Dev Note: To increase viability for the 93R, we’ve made it considerably more precise but lowered the DPS slightly to offset that. Our aim is to make the weapon more effective when using precise aim and going for headshots, and we’ll continue to monitor its performance following these changes.
Decreased fire rate from 260 RPM to 210 RPM
Decreased automatic recoil recovery duration from 0.72s to 0.7s, making the weapon easier to control
Increased the damage fall-off start distance from 15m to 23m, meaning the weapon will do max damage at longer ranges now
Increased the damage fall-off max distance from 22m to 35m, increasing the range before damage fall-off is fully applied
Decreased the damage fall-off multiplier at max range from 65% to 45%, meaning the weapon will do less damage at longer ranges now
CL-40
Decreased damage from 110 to 93
Increased fire rate from 250 RPM to 275 RPM
Decreased pump-action duration from 0.7s to 0.65s
Decreased self-damage multiplier from 1 to 0.75, reducing how much damage the grenades do to the player using them
FAMAS
Decreased automatic recoil recovery duration from 1s to 0.8s, making the weapon easier to control
Decreased the delay before recoil recovery begins from 0.8s to 0.7s, making the weapon easier to control
Increased damage from 23 to 24
KS-23
Decreased pump-action duration from 0.7s to 0.575s
Lewis Gun
Further updated recoil pattern, making the weapon easier to control for the first few bullets in the sequence, but making the weapon recoil more the longer the trigger is held
Decreased damage from 25 to 22
LH1
Updated firing animation, which should make the weapon easier to use
Decreased fire rate from 300 RPM to 280 RPM
Decreased bullet dispersion when crouching and standing still, making the weapon more precise
Increased player damage from 49 to 52
Dev Note: Overall the effective damage of the LH1 should remain roughly the same, but it should now be easier to use, less nauseating, and more precise when standing still, as well as incentivizing headshots. The lower RPM should help make it feel distinct and make it easier to maintain targets in sights
M60
Updated recoil pattern, making the weapon recoil more during the first few bullets, but making it easier to control for the rest of the sequence
Decreased damage from 22 to 19
SH1900
Increased damage from 10 to 13 per pellet
Decreased fire rate from 100 RPM to 80 RPM
Increased the size of the pellet dispersion pattern, making the weapon less accurate at range
Dev Note: We've wanted for a while to make the SH1900 more effective against Heavies without making it oppressive for Lights. With higher pellet dispersion the SH1900 is now optimized for very close range only, which has allowed us to buff the damage, hopefully making Heavies easier to kill. This is a change we will be monitoring closely to measure its impact
Sledgehammer
Updated camera animation when sprinting, which should reduce motion sickness for some players
Throwing Knives
Decreased projectile speed of primary attacks from 16.5 m/s to 14.75 m/s
Decreased projectile air drag of primary attacks from 7.5 to 7, allowing the projectile to travel farther
Increased projectile speed of secondary attacks from 13.8 m/s to 18.5 m/s
Increased projectile air drag of secondary attacks from 4 to 5.5, increasing the speed at which the projectile slows down
Dev note: Our last balance changes on the Throwing Knives pushed them in the right direction but ultimately felt too powerful, changing the weapon's character too much. We have here dialed down the velocity of the regular projectiles so that leading your throws becomes a requirement again, but not to the same extent as before the last changes. Similarly we sped up the secondary projectiles so that they become a more long-range option with a focus on timing rather than leading.
V9S
Increased damage from 36 to 37
Carriables
Glitch Barrel
Decreased radius from 6m to 3.5m
Goo Barrel
Decreased the size of the goo wall created by the Goo Barrel from 2x6 to 2x4
Toxic Gas Barrel
Decreased radius from 5m to 3.5m
Dev note: Overall, we’ve seen a low use of certain gadgets when there are overlapping items available in the arena. Therefore, we are swapping some values around on arena items and gadgets to ensure the latter have a stronger effect while still ensuring players can adapt to different situations even when out of gadget charges.
Game Modes
Terminal Attack
Players must now interact with the terminal in order to deliver the decryption key, rather than throwing it into the terminal
Dev Note:
It was too easy for attacking teams to rush a terminal and throw in the key to start a decryption, without needing to secure the objective first. This change should force attacking teams to seize the area around the terminal to start decrypting.
Increased the throw distance of the decryption key now that it cannot be thrown into the terminal, allowing for more passing of the key
Added ‘warm-up zones’ to Terminal Attack, limiting where players can move to for the first 25 seconds of the match. This provides more time for the defending team to prepare
Carriable canisters now respawn at the start of each round in Terminal Attack, making sure each team gets access to the same amount each round
The specific combinations of team and objective spawn locations in Ranked Terminal Attack now occur in the same sequence in both halves of the match, making matches fairer.
Added unique names to all terminal locations in the arenas, these are displayed when looking at the terminals and in the lobby screen
Added a player count notification when contestants are eliminated
Added icons in the arena and to the HUD to highlight eliminated teammates and their location
Added Ranked Terminal Attack mode with a best of 13, first to 7 format
In Ranked Terminal Attack, if the match starts without full teams, the game will be automatically abandoned early and players will return to the queue. This is done to ensure games start in a good condition
Added a half-time reset of destruction to Ranked Terminal Attack mode, so that both teams have the same starting conditions as their opponents when defending or attacking
Maps
Las Vegas
Updated Terminal Attack spawn scenarios
Monaco
Updated Terminal Attack spawn scenarios
Skyway Stadium
Added to the Terminal Attack map pool
Tweaked the Power Shift related spawn points inside the Construction area so that players are better oriented toward the platform’s path
SYS$Horizon
Updated Terminal Attack spawn scenarios
Content and Bug Fixes
Animation
Added inspect animation for carriables
Blocked left arm gestures in third-person when riding ziplines
Fixed an issue where bullets clipped with the mesh when reloading XP-54
Fixed an issue where the first throw animation on Gateway sometimes didn't play properly
Fixed an issue where an immediate melee attack was not properly displayed after using a Mesh Shield
Fixed an issue where your contestant was not centered during the “tunnel run” match intro
Fixed an issue where melee animations were sometimes not shown when exiting the emote camera.
Dev Note: This was a purely visual error, melee timings were not affected by this bug.
Audio
The audience has been reworked and will now be more responsive to various events in the arena and cheer for the contestants
Career Rank
Added 10 new Career ranks with associated rewards
Fire Propagation
Added a distance limit to all fire sources, to prevent fire from spreading infinitely
Gameplay
Made it possible to skip the elimination camera after a short while and go directly to spectating teammates
Game Modes
Added a dedicated Spectator slot to Private Matches
Updated available game modes
“Terminal Attack” remains as a base mode
Added “Terminal Attack - Ranked”
Added “Terminal Attack - Tutorial”
Added “World Tour” mode
Removed “Single Round Cashout”
Added more info to the game summary screen
Team name
Game mode
Disabled the Deathmatch game show event as it was not working as intended
Maps
New map: Kyoto
Available in Quick Cash, Tournaments, Bank It, Power Shift and Terminal Attack game modes
Features shallow water that will slow the player’s movement speed, making it risky to cross large open bodies of water
Shoji paper walls that allow bullets to pass through easily
Settings
New volume slider in settings for changing the commentator dialogue volume separately from the in-world dialogue
Store
Enabled single-item purchases for bundles from previous seasons
UI
Text chat added to the PC version
Player cards
Added background customization
Added badges that display your rank in World Tour and Ranked Mode
Updated the end-of-round screen to include player cards and to highlight stats
Added a shortcut button to the Play menu from the Career screen
Added a cooldown for the event log when spamming pings and voice lines
Updated event log messages for various types of pings
Updated event log messages related to Cashouts and Terminals to be consistent and always include information about which objective was pinged
Added missing event log messages for certain pings on various objectives, like Cashboxes and Decryption Keys
“Attacking here” ping wheel action was renamed to “Attack here”
“Defending here” ping wheel action was renamed to “Defend here”
Updated “Attack Here” and “Defend Here” event log messages to match the character voice lines
Added event log message when pinging ziplines
It’s now possible to zoom in on pets in the Battle Pass and Store screens
Temporarily disabled the re-rolling of Daily Contracts
Dev Note: We currently have a very small pool of Daily Contracts and felt it was unfair for players to spend VRs to re-roll a contract to only keep getting limited options in return. We hope to introduce more Contracts during the season and then re-enable re-rolls at some point when they offer more value.
Weapons
Added Season 3 items
Dual Blades - Medium Weapon
Recurve Bow - Light Weapon
Spear - Heavy Weapon
Winch Claw - Heavy Specialization
Thermal Bore - Light Gadget
Updated several Equipment HUD Icons:
All Grenades
All Mines
C4
Breach Charge
APS Turret
Barricade
Motion Sensor
Thermal Vision
Riot Shield
Added 1 more progression level, with associated reward, for all weapons and gadgets. All item-based Specializations (e.g., Guardian Turret or Goo Gun) also received this.
Fixed an issue where equipped charms would disappear when standing close to walls
Fixed an emote animation exploit with the Sword
Dev note: While these moves discovered by players increase the effectiveness of some melee weapons, they are ultimately exploits and ones that most players find hard to use or unintuitive, adding confusion to the game (especially for those on the receiving end). Since there’s been many changes to melee recently, we believe the viability of melee has been increased and that exploits shouldn’t be needed to compete, but we’ll continue to monitor how the meta develops during Season 3 and will be listening closely to your feedback!
Security
Updates to our Aimbot detection system
In-game reporting feedback - We'll inform players who report unfair gameplay when appropriate actions have been taken.

THE FINALS © 2022-2026 Embark Studios AB. THE FINALS and EMBARK trademarks and logos are trademarks or registered trademarks of Embark Studios AB. NEXON trademark and logo are trademarks or registered trademarks of NXC Corporation. © 2026 Sony Interactive Entertainment LLC. PlayStation, the PlayStation Family Mark, PS5, the PS5 logo, PS4 and the PS4 logo are registered trademarks or trademarks of Sony Interactive Entertainment Inc. Microsoft, the Xbox Sphere mark and Xbox Series X|S are trademarks of the Microsoft group of companies. © 2026 Valve Corporation. Steam and the Steam logo are trademarks and/or registered trademarks of Valve Corporation in the U.S. and/or other countries. © 2026 Epic Games, Inc. All rights reserved. Unreal, Unreal Engine and their respective logos are trademarks or registered trademarks of Epic Games, Inc. in the U.S. Patent and Trademark Office and elsewhere. NVIDIA, the NVIDIA logo and the GeForce Now logo are trademarks and/or registered trademarks of NVIDIA Corporation in the U.S. and/or other countries."
Update 2.11.0,2024.06.05,https://www.reachthefinals.com/patchnotes/2110,"Sun’s out, guns out in The Arena this week with a store update featuring the No Oasis Set as well as the matching Desert Dust Set featuring no less than eight weapons!
We also want to congratulate all of you on beating the Community Event! The pink tank featuring the panda print will be in your inventory in a couple of days - well done everyone!
Here is the new store update:

As for today, the last update of Season 2, we’re bringing you a couple of bug fixes and then we set our sights on Season 3. This update will only need to be downloaded by PC players, console players will not need to update their games but will still see the updated store.
Content and Bug Fixes
Performance
Fixed a crash related to certain hardware which was introduced in 2.10
Fixed an issue which prevented parties from joining Private Matches

THE FINALS © 2022-2026 Embark Studios AB. THE FINALS and EMBARK trademarks and logos are trademarks or registered trademarks of Embark Studios AB. NEXON trademark and logo are trademarks or registered trademarks of NXC Corporation. © 2026 Sony Interactive Entertainment LLC. PlayStation, the PlayStation Family Mark, PS5, the PS5 logo, PS4 and the PS4 logo are registered trademarks or trademarks of Sony Interactive Entertainment Inc. Microsoft, the Xbox Sphere mark and Xbox Series X|S are trademarks of the Microsoft group of companies. © 2026 Valve Corporation. Steam and the Steam logo are trademarks and/or registered trademarks of Valve Corporation in the U.S. and/or other countries. © 2026 Epic Games, Inc. All rights reserved. Unreal, Unreal Engine and their respective logos are trademarks or registered trademarks of Epic Games, Inc. in the U.S. Patent and Trademark Office and elsewhere. NVIDIA, the NVIDIA logo and the GeForce Now logo are trademarks and/or registered trademarks of NVIDIA Corporation in the U.S. and/or other countries."
Hotfix 2.10.4,2024.05.31,https://www.reachthefinals.com/patchnotes/2104,"We’re pushing out a Hotfix for many of the issues introduced in Update 2.10.0 this week. Huge thank you to our community for helping us find and define the most pressing issues.
Here are the updates:
Gameplay
Fixed Aim Assist to prevent tracking enemy contestants through objects such as walls, terrain, etc.
Reverted a change that removed directional weapon binding for controller
UI
Fixed Enemy Healthbars persisting on screen longer than intended, as well as being visible through walls/terrain
Fixed an issue where players could not track contracts in rookie/challenger/pro/master circuits
Fixed the incorrect message displayed when an account is restricted from playing
Weapons
Removed an exploit where animation canceling allowed certain weapons, such as FAMAS, Throwing Knives, R93, to be fired at a much higher rate than intended

THE FINALS © 2022-2026 Embark Studios AB. THE FINALS and EMBARK trademarks and logos are trademarks or registered trademarks of Embark Studios AB. NEXON trademark and logo are trademarks or registered trademarks of NXC Corporation. © 2026 Sony Interactive Entertainment LLC. PlayStation, the PlayStation Family Mark, PS5, the PS5 logo, PS4 and the PS4 logo are registered trademarks or trademarks of Sony Interactive Entertainment Inc. Microsoft, the Xbox Sphere mark and Xbox Series X|S are trademarks of the Microsoft group of companies. © 2026 Valve Corporation. Steam and the Steam logo are trademarks and/or registered trademarks of Valve Corporation in the U.S. and/or other countries. © 2026 Epic Games, Inc. All rights reserved. Unreal, Unreal Engine and their respective logos are trademarks or registered trademarks of Epic Games, Inc. in the U.S. Patent and Trademark Office and elsewhere. NVIDIA, the NVIDIA logo and the GeForce Now logo are trademarks and/or registered trademarks of NVIDIA Corporation in the U.S. and/or other countries."
Update 2.10.0,2024.05.29,https://www.reachthefinals.com/patchnotes/2100,"NEW COMMUNITY EVENT
As we near the end of Season 2, it’s time to boost XP to give a helping hand to those still working on that last page of the Battlepass!
We have the final community event of Season 2, and the final event featuring the community-pink rewards! Here is your mission, if you choose to accept: work together to collectively deal 18 billion in damage to enemy contestants in the next week! For the first time ever, you’ll be able to track your progress both in-game and
on embark ID
. Let’s make sure to end the season with a bang!
Check out today’s store update right here:

We’re also bringing some changes to the APS turret, making it less of a powerhouse, a sweet set of buffs to the Throwing Knives and a fix for the annoying Voice Chat bug on XBOX, and much more!
Let’s dive in:
Balance Changes
Gadgets
APS
New feature: The APS turret now consumes a set amount of health for each projectile it destroys
The health cost per destroyed projectile is 40%
Weapons
Throwing Knives
Reduced the delay before the first projectile spawns from 0.22s to 0.11s to make the attacks more responsive
Reduced the delay between the first and second projectile spawning from 0.15s to 0.11s to make it easier to land both knives on a moving target
Increased the initial projectile speed from 138m/s to 166m/s, increasing the weapon’s precision
Increased the primary attack damage from 60 to 63
Content and Bug Fixes
Animation
Fixed an issue where a camera shake would play at each orbital laser charge up event, the shake is now removed
Audio
Fixed voice chat not working in certain situations on Xbox
Characters
Fixed the Darque Mood Hairstyle to prevent it from briefly obscuring the first-person camera during the intro screen
Fixed the in-game appearance of the Pink Chunky Wedge Trainers
Controller
Fixed an issue where selecting contracts using a controller would break the selected focus
Game Modes
Fixed a bug where healbeam and defibrillators could be used in Terminal Attack
Make it less likely that boxes and stations get stuck underneath the ground
Gameplay
Reduced the size of the Zipline anchors’ ping hitbox
Reduced the scale at which Ziplines become easier to ping from a distance, making it less likely that they absorb pings intended for other nearby targets
Fixed unintentional freelook enabled when interacting with objectives and statues
Fixed the Glitch Barrel being hard to pick up in certain situations
Fixing issue where players could get stuck colliding with Goo when on moving platforms
Maps
Las Vegas
Fixed lens flares incorrectly appearing around the edge of the screen at sunset
Fixed characters hovering slightly above the ground during the post-match winner celebration
Progression
Fixed issue where a win in Terminal Attack did not count towards the “First win of the Day” and “Win X Games”- contracts
Community event progress is now displayed on the leaderboard screen
Daily Contracts increase from 1000 XP to 10000 XP
In-game performance and objective XP has been increased by 50%
Settings
Added support for Steam invites
Specializations
Fixed a bug where players could quick melee while using the Charge 'n' Slam ability
Fixed quick melee being available while using the Mesh Shield
UI
Added more events to the in-game score log, such as revives
Fixed an issue where your own position wasn't shown on the leaderboard screen
Fixed Quick action buttons disappearing after switching tabs in the Social menu
Fixed an issue with the 'Enable Voice Chat' key bind remaining togglable while typing a player report
Fixed an issue where players could accidentally open the party menu when in settings by pressing the shortcut button
Animations will autoplay the current selection when browsing customization categories
Updated the overview stats in the equipment screen for FAMAS and FCAR to better reflect their tuning
Added a new system to the frontend that limits frame rate and resolution after receiving no user input for a while, or when the app is not in focus
Dev note: This will help save energy and spare your PCs and consoles from working too hard when the game is idling. This only affects the main menu and can be toggled in the new Energy Saving section of the Video setting.
VFX
Fixed some environment decals rendering on top of the first-person meshes
Security
We have now increased our detection of devices that emulate a controller while playing with Mouse and Keyboard, which is not permitted
Updates and improvements to current detection methods for increased accuracy

THE FINALS © 2022-2026 Embark Studios AB. THE FINALS and EMBARK trademarks and logos are trademarks or registered trademarks of Embark Studios AB. NEXON trademark and logo are trademarks or registered trademarks of NXC Corporation. © 2026 Sony Interactive Entertainment LLC. PlayStation, the PlayStation Family Mark, PS5, the PS5 logo, PS4 and the PS4 logo are registered trademarks or trademarks of Sony Interactive Entertainment Inc. Microsoft, the Xbox Sphere mark and Xbox Series X|S are trademarks of the Microsoft group of companies. © 2026 Valve Corporation. Steam and the Steam logo are trademarks and/or registered trademarks of Valve Corporation in the U.S. and/or other countries. © 2026 Epic Games, Inc. All rights reserved. Unreal, Unreal Engine and their respective logos are trademarks or registered trademarks of Epic Games, Inc. in the U.S. Patent and Trademark Office and elsewhere. NVIDIA, the NVIDIA logo and the GeForce Now logo are trademarks and/or registered trademarks of NVIDIA Corporation in the U.S. and/or other countries."
Update 2.9.0,2024.05.22,https://www.reachthefinals.com/patchnotes/290,"TA IS HERE TO STAY

Alongside this week’s store update, we want to congratulate the community on completing the Community Event by achieving 7 MILLION eliminations in Terminal Attack in just one week! If you contributed to the event, be on the lookout for your brand-new community-themed canvas shoes. Nice work, yolks!
In the past few weeks, we’ve been watching you play Terminal Attack! We are so grateful for your feedback and impressions, and we’ve had a blast watching you attack and defend! Input from the community has been incredibly valuable to us as we work to make this mode a significant and permanent part of THE FINALS. While the event has now ended, and the contracts have expired, we still see so many of you having fun in TA, so we’ve decided to keep it in the game a while longer.
Don’t forget to keep the feedback coming over on
Discord
!

THE FINALS © 2022-2026 Embark Studios AB. THE FINALS and EMBARK trademarks and logos are trademarks or registered trademarks of Embark Studios AB. NEXON trademark and logo are trademarks or registered trademarks of NXC Corporation. © 2026 Sony Interactive Entertainment LLC. PlayStation, the PlayStation Family Mark, PS5, the PS5 logo, PS4 and the PS4 logo are registered trademarks or trademarks of Sony Interactive Entertainment Inc. Microsoft, the Xbox Sphere mark and Xbox Series X|S are trademarks of the Microsoft group of companies. © 2026 Valve Corporation. Steam and the Steam logo are trademarks and/or registered trademarks of Valve Corporation in the U.S. and/or other countries. © 2026 Epic Games, Inc. All rights reserved. Unreal, Unreal Engine and their respective logos are trademarks or registered trademarks of Epic Games, Inc. in the U.S. Patent and Trademark Office and elsewhere. NVIDIA, the NVIDIA logo and the GeForce Now logo are trademarks and/or registered trademarks of NVIDIA Corporation in the U.S. and/or other countries."
Update 2.8.0,2024.05.15,https://www.reachthefinals.com/patchnotes/280,"Welcome to Update 2.8.0 and an all-new community event!

We are hosting a community event in honor of our last week of Terminal Attack! If everyone in the community can pull together to achieve a total of 7 MILLION eliminations in TA this week, everyone who contributed will earn a sweet prize: canvas shoes to add to your cute-mmunity look!
We’ll also host a
leaderboard
for the event so you can see the top contributors! As always, we’ll give out prizes
on Discord
during the event.
This update focused on many quality-of-life changes and improvements. Most notably, we have made changes to melee weapons, hoping to improve how they feel to play with in the game. We’ll need your feedback on these changes!
Let’s get into the nitty-gritty:
Content and Bug Fixes
Animation
Fixed an issue where hand gesture animations were overriding the  Mesh Shield animations, resulting in broken character poses
Fixed an issue where throwing animations would not play while inspecting weapons
Added an intro animation in terminal attack to improve the round countdown
Audio
Player Voice lines will now only play for teammates and not opposing players
Gadgets
Anti-gravity Cube
We made the cube heavier so that it doesn’t get pushed as easily when hit by other objects
Fixed a bug where objects would lift much faster than intended when they were attached together
This also prevents an exploit in which the cube could be carried upwards together with the objects it’s lifting, causing entire structures to traverse upwards into the sky endlessly
Dome Shield
Fixed an issue where it was not able to be glitched when the center was occluded
Gameplay
A new carriable object has been added to the Arena: Glitch Barrels
Dev note: Glitch barrels are carriable objects. Pick them up and throw them to apply their effect in an area, or shoot them to detonate them from afar. The Glitch barrels apply the same effect as Glitch Grenades, removing the target's ability to use their Gadgets and Specializations.
Fixed an issue where players were able to start opening a Vault during the beginning of an emote
Fixed an issue where the Cashbox was incorrectly dropped far away from the player if it clipped through the map border
Interactions such as using a zipline, pressing elevator buttons, and interacting with a revive statue should now be more responsive, especially on console/gamepad
Improved visibility of barrels in dark and monochrome areas
Fixed a bug with sliding where auto-sprinting players could get stuck between the crouch and sprint state
Fixed a bug that allowed players to deal damage to their teammates
Fixed an issue where players would get stuck in goo when running up to it
Dev note: This will only fix the issue outside of moving platforms. We know that goo sometimes behaves strangely on moving platforms and are looking into it for a later patch.
Maps
All Maps
Rooftop reflections have been improved
SYS$HORIZON
Tweaked the zipline at the Museum entrance so you exit earlier automatically instead of it taking you all the way to the ceiling
Monaco
Power Shift: Adjusted spawns to balance out the distances to the platform and to reduce how often you have to run after the platform when defending
Modes
Terminal Attack
Added a distinct sound change on the Terminal when there is only 15 seconds left to stop the decryption
The icon for the terminal will no longer appear in the center of the screen when decryption starts
Due to a known issue that could not be resolved in time, players can only swap weapons and gadgets between rounds and not in spectator mode after elimination
UI
Ping wheel additions and changes
Added new ping messages “Breach here” and “Hold this Position”
To make room for the two new pings “Hype” and “Danger” have been moved/removed. Hype is added to the expression wheel, replacing “Need Help.” “Danger” is removed from the wheel but still accessible via double-tapping the ping button on any target
Support/Social pings are now located at the bottom of the wheel, while tactical options are on the top half
“Going here”, “Defending here” and “Attacking here” in the Ping wheel are now called “Go here”, “Defend here”, and “Attack here”  to make it clearer that they are requests to your team, and consistent with the character voice lines
Updated several event log messages related to pinging game mode relevant objects to communicate the context more clearly
Dev Note: There are still some events missing their proper messages. They will be added in the future!
When holding the ping wheel on your own ping now we only show the remove option to make it clear that you pinged an existing ping
Fixed an issue that sometimes made it impossible to cancel the ping wheel
Fixed UI elements being drawn on top of the in-game menu in Terminal Attack
Flipped background opacity for dead/alive players in the scoreboard
Updated contestant icons
Fixed an issue in frontend where clicking buttons multiple times in short succession would cause them not to register
Updated required round completion on a terminal attack contract from 10 to the intended 14
Changed the key bind for “Hide UI” from F12 to F10
Changed the order of tiles for Quickplay
Updated the lighting on Player Cards
Specializations
Charge'N'Slam
Can now clear higher obstacles when activated on the ground to reduce instances where players get stuck on geometry
Weapons
Dagger
Improved backstab validation
Dev Note: We've received a lot of feedback about Backstabs not feeling as good. Hopefully, we've rectified that issue in this patch. The only way to tell is to let you try it and then gather your feedback!
Fixed so that the aim assist for backstabs now synchronizes with the swing, rather than triggering at the start of the charge-up.
All Melee Weapons
Improved hit validation for all melee weapons
There is now a setting for turning melee aim assist on/off in the “Gameplay” section
The aim assist and lunge range are slightly more generous for quick melee
We have changed the way sprinting gets blocked when attacking with melee weapons and using quick melee, so that sprint is only blocked through parts of a swing, instead of the whole duration of the attack. This is tweaked on a weapon-to-weapon basis
The sprint toggle no longer gets canceled by melee attacks, so players don’t have to re-toggle spam to efficiently chase their target while attacking
Riot Shield
The shield can now be raised more quickly after performing an attack
SR-84
Is now correctly marked as a Marksman Rifle instead of a Melee Weapon in the menus
Security
Updates and improvements
Known Issues
Heads up! There is an issue with all gamepad presets (except for “Modifier Button Equipping”) which causes players to equip weapons when pressing the “Interact and Equip Weapon” button, which is not intended. This will be resolved in the next patch, but until then, please go into the controller settings and fix it by clearing the “Weapon” bind. Sorry for the inconvenience!

THE FINALS © 2022-2026 Embark Studios AB. THE FINALS and EMBARK trademarks and logos are trademarks or registered trademarks of Embark Studios AB. NEXON trademark and logo are trademarks or registered trademarks of NXC Corporation. © 2026 Sony Interactive Entertainment LLC. PlayStation, the PlayStation Family Mark, PS5, the PS5 logo, PS4 and the PS4 logo are registered trademarks or trademarks of Sony Interactive Entertainment Inc. Microsoft, the Xbox Sphere mark and Xbox Series X|S are trademarks of the Microsoft group of companies. © 2026 Valve Corporation. Steam and the Steam logo are trademarks and/or registered trademarks of Valve Corporation in the U.S. and/or other countries. © 2026 Epic Games, Inc. All rights reserved. Unreal, Unreal Engine and their respective logos are trademarks or registered trademarks of Epic Games, Inc. in the U.S. Patent and Trademark Office and elsewhere. NVIDIA, the NVIDIA logo and the GeForce Now logo are trademarks and/or registered trademarks of NVIDIA Corporation in the U.S. and/or other countries."
Update 2.7.0,2024.05.08,https://www.reachthefinals.com/patchnotes/270,"SHE’S FINALLY HERE!

This week, we welcome the long-awaited, community-anticipated Darque Mood outfit. Get your goth on!
This update has a few performance improvements, UI fixes, and a security update.
Content and Bug Fixes
Performance
Fixed an issue where launch options like -dx11 stopped working. However, we still recommend playing without any additional options
Fixed a rare crash on the server
UI
Polished the look of the incoming melee damage indicator
Fixed an issue with single item bundle purchase where the wrong item was equipped
Fixed the nametag sometimes intersecting the HUD in terminal attack when in the squad-up screen
Security
This week, you’ll notice a difference in the number of cheaters in the game. Multiple new rules have been implemented, along with changes to how and when cheaters are detected. These changes mean that cheaters are being detected and removed faster.
Remember: if you see cheating in the game, report it and add a good comment explaining what is happening. We also collect video reports on
Discord
, so if you capture suspicious behavior, send it in!

THE FINALS © 2022-2026 Embark Studios AB. THE FINALS and EMBARK trademarks and logos are trademarks or registered trademarks of Embark Studios AB. NEXON trademark and logo are trademarks or registered trademarks of NXC Corporation. © 2026 Sony Interactive Entertainment LLC. PlayStation, the PlayStation Family Mark, PS5, the PS5 logo, PS4 and the PS4 logo are registered trademarks or trademarks of Sony Interactive Entertainment Inc. Microsoft, the Xbox Sphere mark and Xbox Series X|S are trademarks of the Microsoft group of companies. © 2026 Valve Corporation. Steam and the Steam logo are trademarks and/or registered trademarks of Valve Corporation in the U.S. and/or other countries. © 2026 Epic Games, Inc. All rights reserved. Unreal, Unreal Engine and their respective logos are trademarks or registered trademarks of Epic Games, Inc. in the U.S. Patent and Trademark Office and elsewhere. NVIDIA, the NVIDIA logo and the GeForce Now logo are trademarks and/or registered trademarks of NVIDIA Corporation in the U.S. and/or other countries."
Mid-Season Update 2.6.0,2024.05.02,https://www.reachthefinals.com/patchnotes/260,"NEW MODE: TERMINAL ATTACK

Terminal Attack is a new 5v5, single-life, attack-and-defend game mode in which contestants take turns delivering the decryption key to the terminal and the best of seven rounds wins. Attackers are tasked with completing the upload, while defenders must prevent it by any means necessary.
No healing. No revive. One life.
Players can regenerate health up to 100 hp, and gadgets do not regenerate at all, so engage with caution and go in with a plan. You can play Terminal Attack in the SYSHorizon, Monaco, and Las Vegas arenas, and be warned, the destruction you cause will carry over through all seven rounds.
Throughout the event, cash in contracts to earn event cosmetics to show your support for CNS, a rogue hacking collective, and VAIIYA, a cyber-security firm. Which side are you on?
Get in there, contestants!
This week, we have a special article from our Design Director, Matt Lowe, who explains League ranks, the journey THE FINALS has taken, changes in this update, and the potential future of ranked play.
Please give it a read here
.
This update has plenty more to offer, all outlined in the bullet points below. The highlights include a change to Private matches that allows matches to start with as few as 2 players and the addition of Power Shift! Let the 1:1 battles commence!
We’ve added two bonus Battlepass pages with rewards for the grinders out there. Make sure to check out the new drip!
Power Shift has a new arena in rotation! Now you can ride the platform through Seoul.
Finally, for the first time ever, the new outfit added to the store will allow you to purchase individual items from the bundle as well as the entire bundle all at once. We’re testing this feature to see how it works. We also added a way to equip your new item to the contestant of choice at the time of purchase,
but this feature has a bug that displays the wrong image and fails to equip. We have a fix already, but it will come in the next update.
Despite the annoying bug, here's what's in store:

A note on Anti-cheat:
We are acutely aware of and actively combating the current state of cheating. Our team includes skilled engineers, data analysts, security experts, and machine learning experts whose full-time jobs are centered around anti-cheat. Talking too much about anti-cheat can provide too much information to those who build, sell, or use cheats. And yet, if we say nothing, many will feel we aren’t doing enough.
Easy-Anti Cheat is our base software. It acts as the first line of defense and a catch-all for blatant, non-careful cheating.  After that, we have added additional layers of prevention methods and anti-cheat tools and software that obfuscate, check telemetry, hardware behavior and more. With each passing week, we add more rules based on our own data and adjust the old ones. This is because anti-cheat is a game of cat and mouse. With every change we make, the cheat makers respond, and we switch tactics and they follow suit.
When we catch cheaters, depending on the level of offense, we may provide a 7-day ban or a permanent ban. If the offender is cheating for a second time, the ban will become permanent.
We have also introduced a video report program on
Discord
, where you can capture cheating when you see it and provide the video as evidence. This is to catch cheaters who evade our current anti-cheat preventions and to provide our community of players with a place to report hard evidence. From these reports, we will be able to better understand the types of cheats that evade our current systems.
Please know that we are developing several new technologies and techniques that we will test and deploy as soon as they are ready. We will never back down from this challenge.
Now, let’s look at the mid-season update in detail:
Balance Changes
Gadgets
Barricade
Increased the size of the Barricade by 20%
Glitch Grenade
Update glitch effect so that it will now pass through Mesh Shields and Dome Shields
Stun Gun
Increased the Stun Gun projectile’s maximum travel distance from 12m to 16m
Players who are stunned can now use their Specializations and Gadgets while stunned
Players who are stunned can now aim down sights while stunned
Players who are stunned can now crouch
Dev note: We felt that the Stun Gun was a little too dominant as a Gadget and led to many slow, inevitable deaths. The stun effect
now mostly lowers the target’s movement speed, blocks them from jumping, mantling, or vaulting over obstacles, and interrupts interactions. This makes stunned players vulnerable but gives them a fighting chance.
Vanishing bomb
Decreased the impact of the cloaking effect on the Vanishing Bomb, so affected players are slightly easier to see when moving
Maps
Monaco: Power Shift
Tweaked the traversal options between Villas and Park for easier access to rooftops
Minor adjustments to the spawn points around the Forest and Royal Plaza areas to provide a clearer frontline during the final stretch
Slightly adjusted the path of the platform to fix some clipping issues and make it more accessible on the road between Shopping District and Forest
Specializations
Cloaking Device
Decreased the impact of the cloaking effect so that cloaked players are slightly easier to see when they are moving
Weapons
FCAR
Decreased damage from 25 to 22
Increased magazine size from 20 to 25
Increased the fall-off damage multiplier at max range from 50% to 55%, meaning the weapon does slightly more damage at range
Dev Note: Our data shows us that the FCAR is very strong in the hands of good players but harder to use for newer players. These changes hopefully rein in the weapon’s power at higher skill levels, while making it slightly more forgiving to use for newer players
Content and Bug Fixes
Animation
New intro and idle animation added for Dagger and Sword
Swapping items when quick meleeing will now instantly cancel the quick melee animation
Fixing an issue preventing hand gestures from playing for dual-wield items
Audio
Increased priority of enemy footsteps, and tweaked attenuation and occlusion to make them easier to hear.
Tweaked loudness of dematerialize and rematerialize sounds
Battlepass
Added two bonus pages of rewards to the end of the BattlePass – good luck contestants!
Characters
Fixed an issue where the fur on the bunny outfit was flickering when viewed at close distances
Fixed an issue where players did not get the default outfit when creating a new contestant
Controller Gyro Aiming
Important!
There is currently a serialization issue with some of the new gyro settings in this patch, which causes players to initially get the wrong
defaults.
We recommend that you restore defaults in the Gyro tab before enabling and trying out the new settings.
Moved gyro aiming options to a separate tab in the settings menu.
Made general improvements to the responsiveness and precision of gyro aiming controls.
The ""gyro orientation"" setting now has three modes:
World (New) - Rotation is based on the controller's rotational movement in the world
Local - Rotation is locally read from the controller's point of view
Player (Previously World) - Rotation is based on the controller's rotational movement from a player perspective
Vertical gyro sensitivity is now an absolute value, rather than based on a ratio of the horizontal sensitivity
Added a new setting that enables focal length scaling for gyro aiming, which scales sensitivity based on changes in FOV, making scoped weapons more precise
Added options for inverting each gyro axis individually
Added new settings for gyro acceleration, which increases sensitivity the faster the controller rotates, allowing for sharp turns while maintaining precision for small and steady adjustments
Add a new ‘flick stick’ mechanic that can be enabled with gyro, which changes the functionality of the look stick so that you can quickly snap to face any direction
Added the following optional controller binds:
Reset vertical rotation (necessary when playing with flick stick)
Toggle gyro aiming (On/Off)
Disable gyro aiming (Hold)
Gadgets
Flashbang
Fixed an issue where weak flashes could overwrite strong flashes
Fixed an issue where Grenades, Mines, and C4s with default customization sometimes got a random customization applied
Fixed an issue where spectators could trigger mines
Fixed several issues where it looked like the player could place an object but no object appeared
Fixed an issue where the preview arc showed the in-air detonation effect on grenades that don't actually detonate on a timer
Game Modes
Power Shift
Added Seoul to the map pool
Graphics
Reduced graphical Temporal Anti-Aliasing (TAA) artifacts on consoles
Maps
General
Adjusted collision on some bushes to improve interactions with placeable jump-pads
Fixed an issue where Zipline Cables did not break correctly when intersecting certain objects
SYS$HORIZON
Reduced the intensity of some of the interior colors
Dev note: Monitor and graphic settings that boost saturation make the colors more intense. Adjusting these settings can help to further reduce the intensity.
Private Matches
Lowered the requirement to start private matches to 2 players
The private match lobby creator now has the option to opt out of participating in the match
The private match lobby creator can now kick players from the lobby
Minor UI improvements to the private matches screen
Power Shift is now available in private matches
Ranked Tournaments
Reduced Ranked Tournaments size from 48 to 24 players
Dev Note: This change should make matchmaking faster, make tournaments available to more players in different regions, and help improve the quality of skill-based matchmaking leading to closer games.
Reduced Ranked Tournament duration from four rounds to three, to account for the change in the number of players
Increased the speed at which visible league rankings synchronize with SBMM ratings
Improved matchmaking to closer matchmake player within their league rank
Added an indicator in the league overview screen to show your change in rank progression from the last tournament you participated in
Dev Note: This is the same arrow indicator that you get after a ranked tournament has been completed so that if you missed it, you can review it on the league overview page.
Settings
Add a link to the Embark Portal in the system menu
Specializations
Fixed an issue where turrets lost targeting on players with riot shield
Fixed an issue where turrets would fall through buildings and not rotate when landing
Stability
Fixed three of the most common crashes
Fix for being able to close the ""Compiling shaders"" screen resulting in a softlock
Store
Players can now purchase single items within a Bundle (in one bundle to start, as a test)
There’s now an equip button in the store rewards screen
UI
We have added a score log to display more scoring events in all different game-modes
Various playertag marker changes
Playertags now show distance to you
Playertags in-game are now uppercase
There’s now an effect on in-game healthbars to indicate healing
Fixed an issue in Game Summary where you could see duplicate stats for the same player
Fixed an issue where the 'Contracts' tab could faultily be accessed from the Battle Pass screen
Fixed an issue where the camera could be misplaced after inspecting rewards in the circuit screen
Polished and refined how pings are visualized in-game
Ping-icons are now smaller and will scale depending on their screen-centeredness
Pings, team health bars and objective icons now fade out when they come closer to the center of the screen
Off-screen enemy pings now behave like other off-screen icons and hug the screen edge closest to the pinged location. (Was previously not visible when off-screen)
Fixing bug where spectating players wouldn’t fade icons when the spectated player enters aim-down-sights
Voice lines for the default ping (when you ping a random location with no object attached to it) have been updated to be more consistent. Previously it would use “I will…” and “We should…” intermittently
In general, pinging something will now ask your allies to engage with that object, while pinging the ground will announce your own intention to move there
Updated options in the Contextual Ping menu
“Huddle here” changed to “Group up,” with all new voice lines
“Moving here” changed to “Go here,” using more consistent voice lines
Fixed an issue where you didn’t go to the correct page in the Battlepass from the outfit screen
Fix rare instances where first-person animations such as, reloads, inspects, and deploys could not be changed through customization
Added the ability to track contracts with a right click on the circuits screen
Fix for showing a single item rarity in the UI when previewing out of a bundle instead of the bundle rarity
Hit-indicator now differentiates damage from these types of attack
Long range damage
Short range damage
Melee damage
VFX
Polished the grappling hook wire animation.
Weapons
Improved melee aim assistance so that it not only looks for targets when the attack is initiated by the player, but also validates that they are still correct at the time aim correction is applied. This should reduce the number of occasions where melee attacks could pull the player away from a target
Security and Anti-Cheat
Added a requirement to have Secure Boot enabled for certain players
Several new suspension rules based on anomaly detection
Added suspension rule for using Aimbot
General improvements and fixes

THE FINALS © 2022-2026 Embark Studios AB. THE FINALS and EMBARK trademarks and logos are trademarks or registered trademarks of Embark Studios AB. NEXON trademark and logo are trademarks or registered trademarks of NXC Corporation. © 2026 Sony Interactive Entertainment LLC. PlayStation, the PlayStation Family Mark, PS5, the PS5 logo, PS4 and the PS4 logo are registered trademarks or trademarks of Sony Interactive Entertainment Inc. Microsoft, the Xbox Sphere mark and Xbox Series X|S are trademarks of the Microsoft group of companies. © 2026 Valve Corporation. Steam and the Steam logo are trademarks and/or registered trademarks of Valve Corporation in the U.S. and/or other countries. © 2026 Epic Games, Inc. All rights reserved. Unreal, Unreal Engine and their respective logos are trademarks or registered trademarks of Epic Games, Inc. in the U.S. Patent and Trademark Office and elsewhere. NVIDIA, the NVIDIA logo and the GeForce Now logo are trademarks and/or registered trademarks of NVIDIA Corporation in the U.S. and/or other countries."
Ranked Leagues in THE FINALS,2024.05.02,https://www.reachthefinals.com/patchnotes/ranked,"By Matt Lowe
I’m Matt, the Design Director for THE FINALS. I’ve been working in the games industry for over 17 years now, predominantly on multiplayer and FPS games. To this day, these types of games are still my go-to experience when I want to have fun. The quality of the multiplayer experience really matters to me and that’s a large part of why I’m here today to explain our approach to ranked play in THE FINALS, both now and into the future.
The goal of ranked matches in any multiplayer PvP game is to let players test their skill against other players, show off their abilities, and have fun improving over time.
The ‘fun’ part is critical here. Ranked players don’t really want to get free wins all the time, as that doesn’t test their skills. They also don’t want to get crushed by their opponents all the time because repeatedly losing isn’t much fun either.
As a result, the ideal scenario is creating fair ranked matches, where players on all teams have similar skill levels, which leads to a good challenge but also gives you a reasonable chance to win. For ranked modes to create these ideal matches, we need some way to measure skill.

That’s why most ranked modes use Skill-based Matchmaking (SBMM), which assigns players a skill rating based on past performances and uses that rating to find them similarly skilled opponents.
Measuring skill, however, is really tough. In an FPS game, when measuring skill it’s easy to just look at what you do in the game: eliminate opponents. This often results in players looking at kill/death ratios as the only measure of skill.
The challenge is that most FPS games, especially objective-based FPS games like THE FINALS, aren’t just about eliminating opposing players. There are objectives to capture or steal, revives that can save teams from being eliminated, well-timed Goo Grenades that seal off an objective, or a clutch Dome Shield deployment that saves a key player from death. Is it possible to determine which of these actions has the most impact on a win? Which is the most impactful skill? And is that always the most impactful skill?

These questions make skill ratings in any PvP game hard to define. Some people dedicate their entire careers to determining where skill comes from in particular games and sports. I recommend you watch the film (or read the book)
Moneyball
to get an idea about just how difficult this can be.
As a result of this complexity, the most common approach to measure skill in games is one that ignores all the individual actions players take in a match that might lead to a win and instead measures the player’s win/loss ratio and the skill level of the opposing teams. This way, you remove the difficult questions about which actions contributed most to the win from the equation. Players who win more often are likelier to have the important skills needed to win, and can therefore be considered more skilled.
This is what rating systems like the commonly known
Elo System
do. When a new player comes along, the system matches them against a range of players, each of whom has a rating based on how often they win or lose and who they have won or lost against. If the new player wins several matches against Gold Tier players, it moves the new player’s rating towards Gold Tier. When that new player starts losing lots of matches at Platinum Tier, the system adjusts and lowers their rating, as it can see they don’t win as often against that tier of players.
Rating skill for a game like THE FINALS has a lot of additional complexity, but this covers the fundamentals.
THE FINALS |  Season 1
There are downsides to Elo-style league systems though, one of the biggest being that they’re quite good at finding a player’s skill level pretty quickly. Let me explain why that can be an issue.
You may have seen placement matches in the ranked modes of other multiplayer PvP games. Quite often, by the time the player finishes their placement matches the SBMM in these games has already mapped out the player’s skill level pretty well. This is good as the game can now give those players close matches to compete in, but it can be bad because once a player’s skill level is established it’s actually very hard to improve it without really hard work and meaningful training or practice. This means for most players, in most ranked seasons, their skill rating will barely move for the rest of the season and this lack of progress and progression for a lot of players can seem quite boring. Some players want to progress as they play, they want to feel like they’re learning, but a skill rating that rarely moves doesn’t often give this feeling.

Ahead of Season 1 of THE FINALS, we felt most of our players would prefer going on a journey through the ranks each season, to get this sense of progression through the leagues, as this was an approach that was becoming more common in PvP games.
In our Season 1 league, the goal was slightly different to Elo-style systems: to take players on a journey through the different leagues before reaching their actual skill rating. This journey feels fun! It’s nice to progress, to have goals to strive for, and to be rewarded for spending time playing the game by moving up through the ranks. For many players, this is more fun than having a skill rating that doesn’t move a lot once reached (like in the Elo-type system).

To reach the close, competitive matches that players want, we still used an underlying skill system, like Elo, that measured the player’s real skill. That rating was converted into a different  kind of rating, Fame points, to place the player in the ranking system. Doing this involved a lot of math, but essentially, the system tried to keep the skill rating and the fame ratings somewhat linked.
The system we used for this in Season 1 wasn’t great though. The underlying rating we used to matchmake during the season was okay, but it wasn’t effectively linked to the visible fame or ranks. As a result, any player could theoretically make it to Diamond Tier by the end of Season 1 simply by playing the game enough.
This meant players would often be matched into games where their skill levels were fairly close, but their progress through the leagues was far apart. This made matches seem less balanced than they were, as players would see many different league icons. Understandably, this frustrated our ranked players.
It was clear that Season 2 would need a different plan
THE FINALS | Season 2
In Season 2, we dropped our old fame system in favor of a skill-points system for tracking seasonal progress, a system that was more closely linked to the player’s skill rating than in Season 1. We still tried to preserve some of the seasonal journey by allowing the progress on earning skill points to move slower than the real skill rating.
In Season 2, players were placed below their actual skill rating at the start of the season, in most cases. As they played they would progress through the ranks, but would plateau once they hit their actual skill rating, causing their skill and league ratings to be in sync at that point.
The approach we tried has actually worked more effectively than season 1 in that the league ranking and skill rating remain more in sync and become closer the more the player plays, but it is still confusing, and the lack of information at the beginning of the season didn’t help. Ultimately we still started Season 2 with a similar issue to Season 1, matchmaking based on real skill ratings but displaying league ratings that can be out of sync means players see Silver ranks in matches with Platinum players, even though their skill ratings might be much closer than their current league rating, due to the seasonal journey.
We also found that the time it takes a player to go from the league they were placed in, to the league that matches their skill rating was a little too long, adding to frustration.
The overwhelming feedback from our competitive players is that they would prefer to play a more traditional FPS ranked mode with an Elo-style rating system, where their visible skill/league rating is an accurate measure of their skill level, but where they may not experience much skill growth or rank progress during a season.

So what can we do to fix this?
Skill ratings and league systems are nearly impossible to change in the middle of a season. Drastic changes now would mean sudden and massive changes in match quality, sudden rating changes, and so on. This would end up feeling broken, confusing, and unfair. Instead, each new season allows the ranking systems to be freshly reset without causing ill will.
Our plan now is to rework the ranked league system again at the start of Season 3 to give a fresh experience that should feel better, be more informative, and be more closely linked to actual skill. We plan to include an end-of-match summary that informs you about your performance and rank and also shares the rank and level of your opponents—something we aren’t showing right now.
One change we’re going to make in Update 2.6 is to reduce the duration of the seasonal ranked journey, which will allow players to reach their actual skill tier in the league system sooner than before.
To help the quality of matches, we’re going to reduce the size of ranked tournaments from 48 players to 24. Trying to find 48 players of the same skill level within a short matchmaking time is difficult and has often resulted in tournaments where the range of skill levels is too broad for close, fun matches. By cutting the number of players needed to start a tournament in half, it will be easier to find enough players of the same skill level quickly.
We’re hopeful that these changes will improve the experience for the rest of Season 2 and create a much easier-to-understand ranked system in Season 3.

THE FINALS © 2022-2026 Embark Studios AB. THE FINALS and EMBARK trademarks and logos are trademarks or registered trademarks of Embark Studios AB. NEXON trademark and logo are trademarks or registered trademarks of NXC Corporation. © 2026 Sony Interactive Entertainment LLC. PlayStation, the PlayStation Family Mark, PS5, the PS5 logo, PS4 and the PS4 logo are registered trademarks or trademarks of Sony Interactive Entertainment Inc. Microsoft, the Xbox Sphere mark and Xbox Series X|S are trademarks of the Microsoft group of companies. © 2026 Valve Corporation. Steam and the Steam logo are trademarks and/or registered trademarks of Valve Corporation in the U.S. and/or other countries. © 2026 Epic Games, Inc. All rights reserved. Unreal, Unreal Engine and their respective logos are trademarks or registered trademarks of Epic Games, Inc. in the U.S. Patent and Trademark Office and elsewhere. NVIDIA, the NVIDIA logo and the GeForce Now logo are trademarks and/or registered trademarks of NVIDIA Corporation in the U.S. and/or other countries."
Update 2.5.1,2024.04.24,https://www.reachthefinals.com/patchnotes/251,"STORE UPDATE!

This week, we have no update, just a small patch to live the new Store content and provide a fix for the server crashes that have been happening lately.
Check out the store video here:

We also added improvements and adjustments to security and anti-cheat.
Next week, we’ll be back with a more substantial update!

THE FINALS © 2022-2026 Embark Studios AB. THE FINALS and EMBARK trademarks and logos are trademarks or registered trademarks of Embark Studios AB. NEXON trademark and logo are trademarks or registered trademarks of NXC Corporation. © 2026 Sony Interactive Entertainment LLC. PlayStation, the PlayStation Family Mark, PS5, the PS5 logo, PS4 and the PS4 logo are registered trademarks or trademarks of Sony Interactive Entertainment Inc. Microsoft, the Xbox Sphere mark and Xbox Series X|S are trademarks of the Microsoft group of companies. © 2026 Valve Corporation. Steam and the Steam logo are trademarks and/or registered trademarks of Valve Corporation in the U.S. and/or other countries. © 2026 Epic Games, Inc. All rights reserved. Unreal, Unreal Engine and their respective logos are trademarks or registered trademarks of Epic Games, Inc. in the U.S. Patent and Trademark Office and elsewhere. NVIDIA, the NVIDIA logo and the GeForce Now logo are trademarks and/or registered trademarks of NVIDIA Corporation in the U.S. and/or other countries."
Update 2.5.0,2024.04.17,https://www.reachthefinals.com/patchnotes/250,"COMMUNITY CHALLENGE COMPLETE!

Today, we’re bringing you an update with some balance changes and dev comments on future changes to both the Stun Gun and the Cloaking Device!
The second Community Challenge has come to an end. Congratulations on reaching the goal! We were never worried (maybe a little worried), enjoy your brand new Boombox — and special shout out to contestant “Goo and Sledge” for pushing the platform an astounding 185km!
Also, you may have noticed that we have switched to using Embark ID as our main Display name in-game. You can change your Embark ID display name by visiting the
Embark Portal
.
Now! Let’s get into the changes included in Update 2.5.0:
Balance Changes
Gadgets
Data Reshaper
Range increased from 5m to 15m
Target FOV decreased from 25 degrees to 12 degrees
Dev note: to account for the increased range.
Stun Gun
Dev Note: We’re aware of player frustrations around being stunned by the Stun Gun and are planning some changes to get it to a better place. However, these changes require more testing before we deploy them so it will be update 2.6 before these arrive.
Specializations
Cloaking Device
Increased the activation cost from 14.2% to 33%.
Dev Note: This does not change the maximum sustain time, but makes it drain faster when toggling it on and off too frequently.
In addition to this change, we’re also investigating changes to the visibility of cloaked players, but these will not be deployed until the 2.6 update as they require more testing.
Mesh Shield
Decreased health from 1000 to 750
Weapons
KS-23
Bullet dispersion reduced when jumping, sprinting, or zoomed in, to make the weapon more accurate
Security
AFK/Idle rule enhancements
Added detections for software such as cheat tools and injectors, leading to suspensions

THE FINALS © 2022-2026 Embark Studios AB. THE FINALS and EMBARK trademarks and logos are trademarks or registered trademarks of Embark Studios AB. NEXON trademark and logo are trademarks or registered trademarks of NXC Corporation. © 2026 Sony Interactive Entertainment LLC. PlayStation, the PlayStation Family Mark, PS5, the PS5 logo, PS4 and the PS4 logo are registered trademarks or trademarks of Sony Interactive Entertainment Inc. Microsoft, the Xbox Sphere mark and Xbox Series X|S are trademarks of the Microsoft group of companies. © 2026 Valve Corporation. Steam and the Steam logo are trademarks and/or registered trademarks of Valve Corporation in the U.S. and/or other countries. © 2026 Epic Games, Inc. All rights reserved. Unreal, Unreal Engine and their respective logos are trademarks or registered trademarks of Epic Games, Inc. in the U.S. Patent and Trademark Office and elsewhere. NVIDIA, the NVIDIA logo and the GeForce Now logo are trademarks and/or registered trademarks of NVIDIA Corporation in the U.S. and/or other countries."
Update 2.4.0,2024.04.10,https://www.reachthefinals.com/patchnotes/240,"NEW COMMUNITY EVENT
It’s time again to work together as a community for a special prize! This time, you’ll be touring the globe on the Power Shift Platform! Not just once, but 10 times around the Earth! Push and pull that platform far enough and everyone will win a pink Historical Hi-Fi boombox to wear in the Arena! Fail to go the distance and the item becomes an unreachable relic! YOU CAN DO IT!

There will be a
leaderboard tracking individual success
(with distance added based on your collaborative team effort).
Want an opportunity for extra prizes during the event?
Join the Official Discord
for a chance to earn some swag!
Here is this week’s Store update:

Now for the notes!
This week we are making quality-of-life improvements, adding some new functionality to contracts, another mode to Private Matches, and fixing bugs.
Players can now track up to 5 contracts inside the game, and you can find options in the settings menu to determine how much (or how little) information is displayed. You’ll also see improvements to the backfill settings on Power Shift, the removal of the glitching UI when eliminated, and a smarter Battlepass that always jumps to your current page.
Finally, we’ve added Solo Bank It to Private Matches and have fixed a number of contracts in the career circuit that were causing headaches to the majority of players.
All this and more! Read the details below:
Audio
Fixed an issue where turret sounds could linger if you quickly picked up the Guardian Turret after placing it down.
Gameplay
Fixed an issue where the deployment preview of placeable gadgets could be seen while being revived
Fixed an issue where the Mesh Shield could be deployed while emoting
Fixed an issue where the Dematerializer could interact with Goo
Fixed an issue where you could pick up objects during an interaction
Fixed animations sometimes retriggering when entering a Gateway
Fixed an issue where Guardian Turrets would target respawning Defibrillated players who are immune to damage
Added functionality allowing projectile weapons, such as different Grenades, the RPG, MG32L, and CL-40 to pass through friendly teammates
Dev note: This change is to address repeated issues where players would damage themselves if a teammate passed close by them right as they fired the weapon
Fixed an issue where players using a Riot Shield would not trigger mines
Fixed an issue where the throwing arc preview would still appear after a throw had been canceled
Fixed an issue where some objects, such as Barricades, could travel upwards too quickly when affected by the Anti-Gravity Cube
Modes
Power Shift
Improved rules for backfilling on Power Shift mode. Players should no longer be backfilled into matches if the platform is within 20% of its final destination
Solo Bank It
Added to Private Matches
Practice Range
Fixed an issue where mines would not be triggered by bots
Maps
Seoul:
Fixed overlapping assets
Las Vegas:
Improved far shadow distance in lighting
Fix for fog bleeding through walls on low and medium-quality settings
Monaco:
Fix for players getting stuck on balconies in certain situations
Adjusted the glass on the construction site crane so you can throw grenades through them
UI/UX
Fixed incorrect tutorial video for the Goo grenade
First-person animations now loop when being previewed
Added support for zooming in on character items in the Battlepass and Store
Added tracking ability for up to 5 contracts
Fixed the request respawn button not being responsive
Tweaked squad intro cameras in Power Shift
Fixed an issue where first-person animations sometimes would not get equipped
Fixed the UI shaking after being eliminated
Fix for some players showing up as diamond league rank in the scoreboard when rank could not be fetched in time
UI Polish for the Scoreboard
Set the current Battlepass page to be shown first
Animation
Fixed an issue where melee swings would not play after a charge and slam
General
Frame rate limit setting will now default to 60 on laptops for new installs
Dev Note: This will help to prevent thermal issues causing heavy stuttering on some laptops. The frame rate limiter can be disabled or adjusted in the video settings menu.
Upgraded FSR2 to version 2.2.1 to fix a memory leak
Fixed an issue where fog would bleed through walls on lower-quality settings
Contracts
Replaced ""Win 1 Tournament"" with ""Deal 750 Fire Damage to Opponents"" in Circuit 1, Stage 3
Reduced ""Deal 5000 damage with grenades"" to 2500 in Circuit 1, Stage 1
Reduced ""Get 11 kills in one round"" to 6 in Circuit 1, Stage 4
Security Updates
Fixed an issue that kicked players from the game and displayed error code TFAV1012
Gradual rollout of Secureboot enforcement for Win 11 to prevent cheats from running
Removed identified game executable vulnerabilities
Enhanced rules for suspensions, including updated limitations for leaderboard presence
Updates and improvements

THE FINALS © 2022-2026 Embark Studios AB. THE FINALS and EMBARK trademarks and logos are trademarks or registered trademarks of Embark Studios AB. NEXON trademark and logo are trademarks or registered trademarks of NXC Corporation. © 2026 Sony Interactive Entertainment LLC. PlayStation, the PlayStation Family Mark, PS5, the PS5 logo, PS4 and the PS4 logo are registered trademarks or trademarks of Sony Interactive Entertainment Inc. Microsoft, the Xbox Sphere mark and Xbox Series X|S are trademarks of the Microsoft group of companies. © 2026 Valve Corporation. Steam and the Steam logo are trademarks and/or registered trademarks of Valve Corporation in the U.S. and/or other countries. © 2026 Epic Games, Inc. All rights reserved. Unreal, Unreal Engine and their respective logos are trademarks or registered trademarks of Epic Games, Inc. in the U.S. Patent and Trademark Office and elsewhere. NVIDIA, the NVIDIA logo and the GeForce Now logo are trademarks and/or registered trademarks of NVIDIA Corporation in the U.S. and/or other countries."
Update 2.3.0,2024.04.04,https://www.reachthefinals.com/patchnotes/230,"UPDATES, BALANCE CHANGES AND THE SKILL ISSUE DISCORD QUEST
We’re excited to announce our very first Discord Quest! You can earn the Skill Issue Set by streaming your gameplay to at least one friend on Discord for 15 minutes. It’s only available on the PC version of Discord, and will work even in a private DM! You can even invite your friend to play with you!
Check out the outfit below:

You can also check out our store update:

And finally, the first version of the ranked progression indicator which shows how you move up and down in rank after each ranked tournament has been added! Your feedback continues to be critical on this, so please keep it coming!
Here are the updates:
Balancing
FAMAS
Increased recoil curve recovery delay from 0.68 to 0.8
Increased recoil recovery time from 0.8 to 1
D
ev note: These changes cause automatic recoil recovery to kick in slightly later than before a player finishes firing. It helps prevent an issue where players who pressed the fire button slightly slower than other players felt they saw a very different recoil pattern for the gun
Modes
Power Shift
Added SYS$HORIZON to the map pool
Enabled a new HUD
The platform will now deal damage to players that are squished underneath it, to fix the issue where you could be pushed through the ground when trapped
UI
Fixed a bug where the revive tab and respawn coins were swapped in the scoreboard
Corrected an issue that made the Career Circuit page appear smaller after viewing rewards on console
Fixed an issue where Bank Rabbit Bundle couldn’t be purchased via the outfit screen
Ranked
Added an end-of-match screen to indicate the change in rank
Added animations to the end-of-match rank screen to show when a player is close to going up or down in rank
PLEASE  NOTE:
We have a known issue where all players will see the incorrect ranking the first time they boot the game. You can ignore this screen, as it will only show once and will not affect your actual ranking in any way. We decided it was better to go out with this incorrect screen, than to hold off on this feature for another week.

THE FINALS © 2022-2026 Embark Studios AB. THE FINALS and EMBARK trademarks and logos are trademarks or registered trademarks of Embark Studios AB. NEXON trademark and logo are trademarks or registered trademarks of NXC Corporation. © 2026 Sony Interactive Entertainment LLC. PlayStation, the PlayStation Family Mark, PS5, the PS5 logo, PS4 and the PS4 logo are registered trademarks or trademarks of Sony Interactive Entertainment Inc. Microsoft, the Xbox Sphere mark and Xbox Series X|S are trademarks of the Microsoft group of companies. © 2026 Valve Corporation. Steam and the Steam logo are trademarks and/or registered trademarks of Valve Corporation in the U.S. and/or other countries. © 2026 Epic Games, Inc. All rights reserved. Unreal, Unreal Engine and their respective logos are trademarks or registered trademarks of Epic Games, Inc. in the U.S. Patent and Trademark Office and elsewhere. NVIDIA, the NVIDIA logo and the GeForce Now logo are trademarks and/or registered trademarks of NVIDIA Corporation in the U.S. and/or other countries."
Update 2.2.0,2024.03.27,https://www.reachthefinals.com/patchnotes/220,"WELCOME TO THE EASTER EVENT: BUNNY BASH!

Easter is here and it’s time to color some eggs and play
BUNNY BASH
!
During this event, you’ll turn in contracts to earn prizes while duking it out in this special version of
POWER SHIFT
. The SYS$HORIZON map has been visited by the Easter Bunny, who has left plenty of decorations behind! You’ll need to work with a limited loadout during the event, so plan wisely and hop on the platform to smash your way to victory!
We were planning on shuffling a few game modes to make room for
Bunny Bash
, but seeing the outpouring of love for
Bank It
from the community, we’ve decided to keep it. Thank you for always being so vocal when it comes to your experience in the game! We may need to rearrange things in the future to make room for new experiences — but for now, keep grabbing those coins!
We will be adding Cashout to the casual game modes, to replace unranked tournaments for now. You’ll be able to warm up for ranked in the single-round 3v3v3v3 mode instead. We’ve also added cashout to private matches in case you want to play with up to 12 friends!
Finally, we’ll be switching all PC display names to Embark ID soon, to make social connections easier and to ensure better quality display names going forward. You’ll see a pop-up when you first open the game. You don’t need to do anything for this change, as you already have an Embark ID, but if you’d like to change your Embark ID Display name before the switch, you can do so by visiting the
Embark Portal
. Don’t worry, there is no risk of losing any progress or friends on the social page due to this change and this does not affect console players at all.
Let’s get to the nitty-gritty:
Balancing
KS23
Increased fire rate from 55 RPM to 73 RPM
Decreased player damage from 120 to 100
Increased environmental damage from 600 to 700
Decreased pump-action animation delay from 0.2s to 0s
Increased pump-action animation duration from 0.6s to 0.7s
Increased damage fall-off start range from 15m to 18m
Decreased damage fall-off end range from 50m to 23m
Increased the damage fall-off multiplier at max range from 0.4 to 0.6, meaning it does more damage at range
Increased the projectile speed from 200m/s to 300m/s, meaning players need to lead targets less now
Decreased bullet dispersion when firing from the hip while crouching, standing, and running, making the weapon more accurate and reliable
FCAR
Adjusted recoil pattern to make the weapon slightly less easy to control
Decreased the damage fall-off multiplier at max range from 0.67 to 0.5, meaning it does less damage at long-range
FAMAS
Adjusted recoil pattern to make the weapon slightly easier to control
93R
Increased fire rate from 240 RPM to 260 RPM
Glitch Trap
Reduced the duration of glitch effect from 10s to 5s
Glitch Grenade
Reduce the duration of glitch effect from 10s to 5s
Changes & Bug Fixes
Daily Quests
Daily quests will reward an increase in XP from 500 to 1000
VFX
Made the dematerializer highlight more visible
Fixed several instances of VFX not being shown in spectator view
UI
Removed the “being revived” bar from spectator when being revived with defibs
Updated the gamemode UI for Power Shift
Push to talk icon is now more responsive in HUD when activated
Corrected the clip-size info on KS-23
Added rank icon next to name tag in frontend and the intro sequence in Ranked Tournaments
Fixed an issue where the manage contracts button could become disabled
Tutorial videos on weapons, gadgets and specializations will now autoplay in menus
Fixed an issue on gamepad preventing players from scrolling the contracts list in end-of-round summary
Made rank icons in the scoreboard larger and stopped them from fading
Fixed an issue where the glitch effect was present during the team respawn camera if the last person to be eliminated was glitched
Fixed an issue where the cashbox icon could start out invisible
Maps
Las Vegas,
Fixed the blurry THE FINALS branding decal
Collision fix on the entrance of Argon casino
Practice Range
Updated the Season 1 leaderboard trophy
SYS$HORIZON
Fixed an issue where players were able to shoot through a wall at the entrance of the museum
Fix for flickering lights and reflection issues
Fixed an issue where players could hide inside geometry above the Work Space building
Seoul
Destruction balancing.
Fixed an issue where players could spawn separately from their team
Skyway Stadium
Tweaked spawns to reduce spawn camping from the Office building in Final Round.
Gamemode
Cashout
Available in the quickplay menu
Available in private matches
Power Shift
Flash the platform lights between the team colors when both teams are on the platform
Fixed an issue where statues could bounce around more than intended on the platform
Reduced the max angle that the platform can sway from 25 degrees to 15 to make it easier to interact with statues and gadgets
Unranked Tournament
Removed for now
Bunny Bash
Available for a limited time
Gameplay
Ziplines
Fixed an issue when jumping and interacting on the same frame led to instant detaching
Made so that ziplines can’t be destroyed from the bottom end
Charge and Slam
Fixed cases where the slam would trigger instead of the charge when close to the ground
Dome Shield
Fixed so that the outline color is correct
Mesh Shield
Improved the effect for indicating the shield is about to break
Glitch Grenades
Fix to stop them from exploding on friendly shields
Anti-Gravity Cube
Added outline and team color
Gateways
Fixed an issue that allowed gateways to deploy without enough clearance above them
Fixed an issue where there was no distance limit for the gateway gadget
Defib Revives
Fixed an issue where abilities could be activated while being defib revived
Fixed an issue where players could be stunned and glitched while being defib revived
Canisters
Fixed an issue where canisters could be teleported when picked up
Spawning
Increase invulnerability for players who just spawned (not revives)
Battle Pass
Updated the total XP required to unlock each level to match our intended design. Early levels will now cost 6k instead of 9k XP. Later levels will cost 12k instead of 9k XP. Levels in the middle will remain the same. This means you might see battle pass levels with strange progress numbers, which self-adjusts after your first game played this update. It also means that some of you may unlock new levels at once after your first match in this update.
Animation
Fixed an issue where hands were not aligned to the gateway gadget in 1st person
Fixed an issue where throw animations wouldn't cancel properly when triggering ChargeN'Slam.
Fixed bullet animations for the 93R when reloading and inspecting
Improved the sprinting animation while holding the pad in 3rd person

THE FINALS © 2022-2026 Embark Studios AB. THE FINALS and EMBARK trademarks and logos are trademarks or registered trademarks of Embark Studios AB. NEXON trademark and logo are trademarks or registered trademarks of NXC Corporation. © 2026 Sony Interactive Entertainment LLC. PlayStation, the PlayStation Family Mark, PS5, the PS5 logo, PS4 and the PS4 logo are registered trademarks or trademarks of Sony Interactive Entertainment Inc. Microsoft, the Xbox Sphere mark and Xbox Series X|S are trademarks of the Microsoft group of companies. © 2026 Valve Corporation. Steam and the Steam logo are trademarks and/or registered trademarks of Valve Corporation in the U.S. and/or other countries. © 2026 Epic Games, Inc. All rights reserved. Unreal, Unreal Engine and their respective logos are trademarks or registered trademarks of Epic Games, Inc. in the U.S. Patent and Trademark Office and elsewhere. NVIDIA, the NVIDIA logo and the GeForce Now logo are trademarks and/or registered trademarks of NVIDIA Corporation in the U.S. and/or other countries."
Update 2.1.0,2024.03.20,https://www.reachthefinals.com/patchnotes/210,"Welcome to the first update of Season 2!

This update brings a new development to private matches! In the first of many improvements, we have added map selection to the feature so you can play in the arena of your choice.
We’re excited to see how many of you love Power Shift! Very soon, we’ll be adding new maps to this mode so you can ride the platform to its destination in a whole new setting! This and more, coming in Season 2 – so stay tuned!
BUG FIXES & ADDITIONS
Private matches
Players can now select the map when starting a private match
Players will no longer be stuck trying to join the game server after leaving a private lobby
Fixed an issue where party members with different crossplay settings could be unable to leave private match lobbies
Fixed a bug where players could bypass the ""Crossplay ON"" requirement for private matches, which resulted in a softlock
Console
Crash fix for audio-related crash
Power Shift
Monaco:
Fixed jump pads clipping the streets on low/medium/high settings
Added a short zip line to the closed alleyway next to the cathedral to make traversal smoother
Polished placement and orientation of spawn points
Skyway Stadium:
Added jump pad outside the construction spawn area
Tweaked spawns to sit less close to edges
General:
Fixed objective count score in the summary screen
Maps
Performance and polish on SYS$HORIZON
Adjusted collision on ceiling blocker to prevent players from getting stuck above the library when using the gateway gadget in SYS$HORIZON
Moved a spawn location in the corner of Monaco near the Hotels that was creating imbalanced scenarios in some game modes
Fixed incorrect destruction effect on trees in SYS$HORIZON
Fixed missing destruction effects on concrete fences in Seoul
Fixed missing destruction effects in multiple assets in the tutorial
Weapons & Gadgets
Fixed bug with inconsistent damage when multiple explosives were triggered at the same time by C4s and breaching charges as opposed to multiplied melee damage
Fixed an issue that made recoil on burst weapons not behave as intended
Fixed Gateway ammo not being properly refunded when being thrown into an APS
Fixed hovering objects after transmutation
Blocked transmutation on friendly carriables
Improved zipline behavior to better match the intended exit point and direction of the player
Improved the dematerializer ability to dematerialize/rematerialized objects when multiple objects are close to each other
Removed the ability to equip the mesh shield during defib revive
Art
Updated the shoulder-length hairstyles to avoid clipping
Fixed oversized ÖRF Sweater to prevent the sleeves from blocking ADS
UI/UX
Social syncs will not be excluded if a user is already logged in
Fixed a bug that would cause carriable objects to weigh more if they had an active Ping marker attached to them
Fixed incorrect text on certain contracts
Fixed overflowing text in item tutorial videos
Audio
Fixed seek-to-start time not working
Corrected the audio for the Season vignette video
BALANCE
Weapons
SA1216
Decreased fire rate from 230RPM to 200RPM
Decreased damage per pellet from 7 to 6
Gadgets
Glitch Grenades
Changed glitch grenades to trigger on impact when they hit mesh shields and dome shields — on other surfaces, they will still bounce
Glitch Traps
Changed glitch traps to trigger on impact when they hit mesh shields and dome shields
SECURITY
Improved prevention and detection
Added ban progression with a 3-strike system

THE FINALS © 2022-2026 Embark Studios AB. THE FINALS and EMBARK trademarks and logos are trademarks or registered trademarks of Embark Studios AB. NEXON trademark and logo are trademarks or registered trademarks of NXC Corporation. © 2026 Sony Interactive Entertainment LLC. PlayStation, the PlayStation Family Mark, PS5, the PS5 logo, PS4 and the PS4 logo are registered trademarks or trademarks of Sony Interactive Entertainment Inc. Microsoft, the Xbox Sphere mark and Xbox Series X|S are trademarks of the Microsoft group of companies. © 2026 Valve Corporation. Steam and the Steam logo are trademarks and/or registered trademarks of Valve Corporation in the U.S. and/or other countries. © 2026 Epic Games, Inc. All rights reserved. Unreal, Unreal Engine and their respective logos are trademarks or registered trademarks of Epic Games, Inc. in the U.S. Patent and Trademark Office and elsewhere. NVIDIA, the NVIDIA logo and the GeForce Now logo are trademarks and/or registered trademarks of NVIDIA Corporation in the U.S. and/or other countries."
Update 2.0.0 | Season 2,2024.03.14,https://www.reachthefinals.com/patchnotes/200,"CNS PROUDLY PRESENTS…THE FINALS | SEASON 2

Welcome to a whole new season of the game, contestants!
Much has changed in and out of the arena, and you can expect lots more as the Season progresses. If you want the tl;dr version:
Click here!
You may encounter some strange things this season now that CNS — a rogue hacking collective — has infiltrated the game show. While the showrunners fight for control over THE FINALS, you’ll fight it out with an array of game-changing gadgets and specializations that will require all contestants to rethink their strategies!
Here’s what to expect:

WELCOME TO SYS$HORIZON
CNS has introduced a new map: HORIZON. It’s a glitchy, colorful cityscape that’s partially loaded with floating geometric shapes. You’ll have plenty to explore and a night-time mode that glows under a neon sun.

POWER SHIFT
Power Shift is our brand new two-team mode. It’s a casual 5v5 where you’ll compete to escort a physical platform through the arena as it rips through anything in its path.
With short respawn times and the ability to switch contestants on respawn, you’ll be able to balance your team on the fly, as you fight to control the platform and be the first to deliver it across the finish line!

LEARN THE ROPES
An all-new tutorial set in the streets of Monaco lets new players learn the ropes, and provides a testing ground to try out gadgets, specializations, and weapons! Your friends who are new to the game can get onboarded quickly, and you can get a refresher if you’ve been away.  It’s well worth a visit, even for the most seasoned contestants!
LOCK AND LOAD
We’ve got three new weapons entering the loadout this season!

JOIN CNS

UNLOCK THE BATTLE PASS
The Season 2 Battle Pass has 12 pages and 96 rewards —  each page offers a theme that is our love letter to the early days of gaming! With each level, you’ll earn rewards from seasonal sponsors, and even some unsanctioned prizes from CNS.
Please don’t forget to snag the Seasonal bundle first, which provides a rebate on your purchase so you can get the exclusive Season 2 items.

BECOME A PROFESSIONAL

The Battle Pass isn’t the only way to earn rewards — we’re also introducing the new Career Circuit!
Each week, a new set of contracts will unlock in the career menu. These allow contestants cash in contracts and earn free rewards!  At the end of each weekly set will be a sponsored prize. You’ll be able to fulfill contracts at your own leisure, but you’ll need to wait for each new circuit to unlock throughout the entire length of the season. The Career Circuit can increase your skill and coax you into trying a variety of new things throughout the season!
Of course, filling in your weekly career page will get you a free gift a week, but it also counts toward your Battle Pass progress so players can grind for completion, even late to the game!

BETTER MATCHES
We’ve given League ranking a major overhaul for Season 2!
The goal is to provide a much better quality experience when playing in the ranked tournament. You’ll get your starting rank based on your first eight rounds and from there, you’ll move up and down based on your performance.  Contestants can expect to land between bronze and gold at first, and climb the ranks from there.
As you may know, we need a lot of people and time to test a system like this, so you should expect more tweaks and changes throughout the season, as we see it in action!
PRIVATE MATCHES
We’re also introducing our first version of Private Matches. In this early, barebones version, you’ll be able to organize matches with a minimum of six friends to play Bank It or QuickCash. We plan to expand this tool throughout the season with more features, so stay tuned! As with everything, we’ll rely on your experiences and your feedback. So don’t forget to give it a try!
All of this and more comes in Season 2
– RIGHT NOW!
Check out the details below:

NEW ABILITIES & EQUIPMENT
NEW MAP
Added the standard issue of the new SYS$HORIZON map
NEW GAME SHOW  EVENT
Added the
Retro Invasion 82
event to every map
NEW SPECIALIZATION
Dematerializer
Enables the user to create temporary holes in the arena construction
NEW GADGETS
Gateway
Throw out two Gateways to create a spatial link between them, enabling quick traversing through the arena
Data Reshaper
A “prop-swap” executable that lets players transform objects and deployed equipment from other contestants into canisters or decor
Reverse Gravity Cube
A throwable Cube that creates a limited-area gravity field where anything not nailed to the ground will elevate toward the sky
NEW WEAPONS
FAMAS
- Burst Rifle - Medium
93R
- Burst Pistol - Light
KS-23
- Slug Shotgun - Heavy
BALANCE CHANGES
Throwables, Explosives & “Nukes”
Added diminishing returns on damage from ‘nukes’ i.e. throwable objects that carry C4s, Breach Charges, or mines
For each source of explosive damage, including the throwable and starting with the highest, a damage modifier is applied to each instance in the sequence of 60% / 40% / 30% / 20%
Gas Canisters now immediately start to steer off their direct trajectory (aka “wobble”) when they have attachments
When picking up throwable objects with explosive gadgets attached (i.e. ‘nukes’ and ‘snukes’), said explosives will become un-armed
When the player lets go of the carried object, a re-arming timer for the explosives starts
The explosions from C4, Breaching Charges, and all mines that detonate while unprimed now deal 20% of their original damage
Decreased the health value of Propane Gas Tanks from 250 to 120
Fixed a bug with Fuel Barrels where they sometimes wouldn’t ignite when taking damage, for example from explosions or bullets
Dev Comment: Nukes were a hot-button issue in Season 1. The previous tuning made nukes exceed the intended time to kill by a large margin. Since our initial changes weren’t substantial enough to alter this tactic, we’ve added more ways to balance nukes moving forward.
Toxic Gas
Added a delay to the application of damage. Damage will now start to tick 0.5s  after the player enters the gas cloud
Added new functionality that causes damage to ramp up gradually over time, from 30hp/s to 60 hp/s over 2s.
Increased damage tick interval from 0.1s per tick to 0.3s per tick
Dev Comment: We’ve always intended for Toxic Gas to act as an area denial tool. However, because of its immediate high damage and quick dispersal, it has been too potent. We’ve made changes to make Toxic Gas better fit the original intention.
Gadgets
C4
Decreased ammo count from 2 to 1
Decreased cooldown from 45s to 30s
Decreased minimum damage at the edge of the explosion from 93 to 75
Defibrillator
Added functionality that causes revived players to gradually re-materialize into the level over a period of 3s before fully loading back into the arena
Increased charge-up time from 0.6s to 0.8s
Increased starting health from a defibrillator revive from 40% to 50%
Dome Shield
Decreased maximum duration from 20s to 12s
Jump Pad
Increased cooldown from 25s to 30s
Motion Sensor
Moved from the Light archetype to the Heavy
RPG
Fixed an issue that made dispersion almost identical regardless of what state the player was in
Increased projectile dispersion in all non-aiming states
Reduced projectile dispersion when aiming down sights
Increased zoom-in time from 0.2s to 0.4s
Increased equip time from 0.45s to 0.5s
Increased unequip time from 0.35s to 0.4s
Sonar Grenade
Moved from the Medium archetype to the Light
Tracking dart
Moved from the Medium archetype to the Light
Decreased dispersion in most movement states by 50%
Increased accuracy by decreasing dart dispersion while aiming down sights from 30% to 10%
Added force feedback for controllers
Vanishing Bomb
Increased grace period on teammates from 0.75s to 1.25s
Increased total cloaked duration on teammates from 6s to 7.5s
Increased total cloaked duration on the user from 5s to 6s
Specializations
Recon Senses
Removed for assessment
Dev Note: we’ve concluded that Recon Senses have been detrimental to the game at large, and have decided to put it out of play for now. The specialization may return in some new form down the line, but only after a major rework.
Mesh Shield
Increased cooldown on a fully depleted shield from 12s to 15s
Increased starting health after full depletion from 200 to 250
Weapons
AKM
Decreased damage falloff minimum range from 35m to 30m
Decreased damage falloff max range from 40m to 37.5m
Decreased damage falloff modifier at max range from 67% to 55%
FCAR
Decreased damage falloff modifier at max range from 67% to 55%
Lewis Gun
Updated weapon recoil pattern to be slightly less accurate over time during sustained firing
M11
Increased accuracy by decreasing bullet dispersion when firing from the hip
M60
Updated weapon recoil pattern to be slightly more accurate over time during sustained firing
Increased accuracy by decreasing bullet dispersion while moving when firing from the hip
Increased accuracy by decreasing bullet dispersion while moving when firing while aiming down sights
Decreased accuracy slightly by increasing bullet dispersion while standing still when firing while aiming down sights
R .357
Increased damage falloff modifier at max range from 33% to 45%
Throwing Knives
Increased projectile speed from 120m/s to 138m/s
XP-54
Decreased accuracy by increasing bullet dispersion when firing from the hip in most movement states
EQUIPMENT MASTERY
Added new levels with rewards to the following equipment items:
WEAPONS
M11
SR-84
V9S
XP-54
DAGGER
LH1
SH1900
SWORD
93R
AKM
R.357
CL-40
FCAR
MODEL 1887
RIOT SHIELD
FAMAS
FLAMETHROWER
LEWIS GUN
M60
SLEDGEHAMMER
MGL32
SA1216
GADGETS:
FRAG GRENADE
FLASHBANG
GAS GRENADE
GOO GRENADE
PYRO GRENADE
GLITCH GRENADE
SONAR GRENADE
SMOKE GRENADE
VANISHING BOMB
BREACH CHARGE
STUN GUN
TRACKING DART
DEFIBRILLATOR
EXPLOSIVE MINE
PYRO MINE
GAS MINE
GLITCH TRAP
JUMP PAD
APS TURRET
ZIPLINE
BARRICADE
C4
DOME SHIELD
MOTION SENSOR
RPG-7
SPECIALIZATIONS
GOO GUN
HEALING BEAM
GUARDIAN TURRET
GAMEPLAY
Added an option for auto-sprint in the gameplay section in settings
Dev comment: You can turn on auto-sprint in the settings menu and select the time it takes for your contestant to begin sprinting. THE FINALS has a unique “omnidirectional sprinting system,” which means characters can sprint in all directions instead of the more common forward-only sprint. As such, we’d love to get your feedback on auto-sprint, and what additional settings would help you better customize your sprinting experience!
The preview arc for grenades now shows where they will detonate in their trajectory
Improved an issue where controller players would unintentionally drop carried objects when trying to interact. Now carried objects won’t be dropped when pressing the “Interact and Equip Weapon” button if the weapon is already equipped.
BUGFIXES
General
Fixed an issue where the scoreboard would not show the potential score for transfers in progress
Fixed an issue with flamethrower kills sometimes being attributed as self-elimination due to the flamethrower user being eliminated
Fixed dome and mesh shield not blocking projectiles and explosions correctly
Fixed broken interactions on the crane
Fixed an issue that allowed players to steal objectives through floors and walls
Fixed an issue where flashbang effects were not shown for a spectating player
Fixed an issue where explosive objects attached to another object would fall off if the primary object was destroyed. The explosive object attached will now also take appropriate damage in this situation
Fixed an issue where melee swings could damage occluded structures, for example: destroying the outside walls from inside an elevator
Fixed an issue on controllers where you would drop your held item if you pressed the primary weapon button while the primary weapon was equipped
Fixed an issue where minor props like chairs and tables sometimes did not get affected by explosives
Fixed a bug where the Mesh Shield regen would fail to start correctly
Fixed bug where radial damage falloff was incorrectly calculated for carriables and props
Fixed a bug where Oil barrels would not start burning from specific damage events
Animation
Fixed an issue where melee animations would look wrong when affected by status effects
Fixed an issue where dagger animations wouldn’t play correctly
Added new frontend idle animation for squad members equipped with LH1
Fixed the T-pose bug when players would use the sword lunge and swap items at the same time
Fixed a bug for the 1887 Dough Wrangler skin where the left hand would pop up on the screen when shooting while crouching
Fixed a bug that caused floating items to appear when riding ziplines
Fixed a bug where melee swings happening at the end of mantling would skip the animation
Fixed a bug where the character's arms would clip each other when wielding throwing knives
Fixed bug where ADS-specific weapon handling would play outside of ADS
Gamemodes
Improved spawn selection around active objectives
Fixed issue where players could push opposing teams to spawn unfavorable by not inserting the Cashbox
Fix for case where two squads spawning at the same frame could use the same spawn point
Levels
New & improved algorithm for map selection to ensure you rarely see the same map multiple times in a row — leaving matches will not affect the outcome of the selection
Improved lighting on nighttime Monaco
Reduced wind movement on vegetation in Las Vegas
Fixed issue where multiple level objects were overlapping each other
Fixed issue with some materials in the End of Round Celebration being drawn behind the team logo
Improved debris handling, letting it settle before being removed.
Improved lighting on Seoul Fog and Storm settings
Art
Fixed bug with Glint Tint skin not looking correct
Audio
Added voice lines for reloading
Improved footstep audio for players using pistols
Fixed a bug where objective pings would not play the correct audio
Fixed bug where match commentary would play in the practice range
Added sounds for squadmate down and the last player standing
UI/UX
Player cards are introduced in THE FINALS, these will be generated from your character customization and your chosen intro animation.
Added THE FINALS spinner to previously black screens when loading
Added new item gadget tutorial videos
Improved camera placement and framing for charms
Fixed so that your squad is centered in the tournament lineup intros and outros
Improved respawn timer feedback on teammate icons
Improved feedback on the “Press Start” respawn mechanic

THE FINALS © 2022-2026 Embark Studios AB. THE FINALS and EMBARK trademarks and logos are trademarks or registered trademarks of Embark Studios AB. NEXON trademark and logo are trademarks or registered trademarks of NXC Corporation. © 2026 Sony Interactive Entertainment LLC. PlayStation, the PlayStation Family Mark, PS5, the PS5 logo, PS4 and the PS4 logo are registered trademarks or trademarks of Sony Interactive Entertainment Inc. Microsoft, the Xbox Sphere mark and Xbox Series X|S are trademarks of the Microsoft group of companies. © 2026 Valve Corporation. Steam and the Steam logo are trademarks and/or registered trademarks of Valve Corporation in the U.S. and/or other countries. © 2026 Epic Games, Inc. All rights reserved. Unreal, Unreal Engine and their respective logos are trademarks or registered trademarks of Epic Games, Inc. in the U.S. Patent and Trademark Office and elsewhere. NVIDIA, the NVIDIA logo and the GeForce Now logo are trademarks and/or registered trademarks of NVIDIA Corporation in the U.S. and/or other countries."
Update 1.11.0,2024.03.06,https://www.reachthefinals.com/patchnotes/1110,"Welcome to the last update of Season 1!

It’s been a wild journey with all of you and we are looking forward to the next adventure: SEASON 2!
This week, we’ve had a blast playing in Old West Monaco with all of you! So, we’ve decided to extend the Smoking Guns event another week.
To celebrate, the Pearlstrike Revolver skin will be free in the shop, this week only! Don’t forget to swing by and nab it while it’s available!
Also:
You’ve absolutely crushed the Community Event!! We set the goal high and the community delivered! 250 BILLION cashed out in less than a week. Expect your prize to pop up in-game today!
Here are the updates:
Fixed an issue causing teams to spawn too near to the objective and to each other
Fixed a common crash that happens when returning to the main menu
Player Support
We’re moving our
Player Support to the Embark Portal
to make it easier to stay up-to-date with your tickets.

THE FINALS © 2022-2026 Embark Studios AB. THE FINALS and EMBARK trademarks and logos are trademarks or registered trademarks of Embark Studios AB. NEXON trademark and logo are trademarks or registered trademarks of NXC Corporation. © 2026 Sony Interactive Entertainment LLC. PlayStation, the PlayStation Family Mark, PS5, the PS5 logo, PS4 and the PS4 logo are registered trademarks or trademarks of Sony Interactive Entertainment Inc. Microsoft, the Xbox Sphere mark and Xbox Series X|S are trademarks of the Microsoft group of companies. © 2026 Valve Corporation. Steam and the Steam logo are trademarks and/or registered trademarks of Valve Corporation in the U.S. and/or other countries. © 2026 Epic Games, Inc. All rights reserved. Unreal, Unreal Engine and their respective logos are trademarks or registered trademarks of Epic Games, Inc. in the U.S. Patent and Trademark Office and elsewhere. NVIDIA, the NVIDIA logo and the GeForce Now logo are trademarks and/or registered trademarks of NVIDIA Corporation in the U.S. and/or other countries."
Update 1.10.0,2024.02.29,https://www.reachthefinals.com/patchnotes/1100,"Welcome to the Smoking Guns event!

Mosey into Old West Monaco with a limited loadout and duke it out like the gunslingers and outlaws of the old silver screen! Is Monaco an Arena large enough for all of you? Only one way to find out.
We’re bringing back a fan favorite from the early days (of Beta): Single Round Tournament! In this game mode four teams enter the Arena at once and compete against each other in a single round. Add to this the brand new look of Monaco and the limited loadouts and it’s sure to be a show for the sponsors!
Cash in all the contracts to earn the High Noon Noir outfit! And don’t miss the opportunity to collect the Chamber Chum Twitch Drop!
See you in there, pardner!
Alongside update 1.10 we’re running our first Collaborative Community Event! We’re challenging all of you to collectively cashout $250.000.000.000 in one week, and if you do it - you’re all getting a reward! :nama_hug: There might be a few lucky ones among you who’ll bring home a t-shirt as well… Join the
Official Discord
and check out #server-announcements in a bit for the full details!
Gameplay
Fixed an issue with the play again button where it was unavailable at unintended times
Lowered the time for when you can cancel an emote to 1.5 seconds from 3 seconds
Fix for an issue with the tournament screen which caused it to get interrupted if you were eliminated just before the transition happened
Fixed a bug where the camera could appear offset in the end of round screens
UI
Fix for the mouse cursor disappearing when using the systems menu while in gameplay
Squad member offscreen indicator will now list name and health instead of a blue dot
You can now equip items directly from the store and equipment page
Fixed one of the issues that lead to multiple skins being equipped to the same gun
Note: This issue has caused various error codes for our players, if you’ve frequently encountered issues with TFGE0000, TFSS0007 or other crashes/failure to launch the game please give it a try after updating and let us know on Discord if the situation has improved!
Maps
Update to the collision of the ground mesh on Monaco
Animation
Fixed more cases where the character deformation would look wrong in squad lineups, such as inwards knees
Improved character mesh deformations
Security
General security updates
Video
Various shadow quality improvements, especially on lower-quality settings
Performance
Optimized system memory usage of the game
Fixed a number of console-specific crashes, especially on Xbox Series S models
Various improvements to the performance of the game across the board
Known Issue
The anti-virus program “CrowdStrike” prevents players from being able to launch THE FINALS. If you’re running into trouble launching the game, please check if you have this software installed
The Glint Tint weapon skin is partially broken, resulting in a darker look than normal, we aim to solve this by the next update
The Smoking Guns splashscreen shows an incorrect end date and time. It reads “28th of February” but the event ends on the 7th of March
Las Vegas had issues with players being able to spawn under the sand, so we have disabled the sandstorm version of Las Vegas for now

THE FINALS © 2022-2026 Embark Studios AB. THE FINALS and EMBARK trademarks and logos are trademarks or registered trademarks of Embark Studios AB. NEXON trademark and logo are trademarks or registered trademarks of NXC Corporation. © 2026 Sony Interactive Entertainment LLC. PlayStation, the PlayStation Family Mark, PS5, the PS5 logo, PS4 and the PS4 logo are registered trademarks or trademarks of Sony Interactive Entertainment Inc. Microsoft, the Xbox Sphere mark and Xbox Series X|S are trademarks of the Microsoft group of companies. © 2026 Valve Corporation. Steam and the Steam logo are trademarks and/or registered trademarks of Valve Corporation in the U.S. and/or other countries. © 2026 Epic Games, Inc. All rights reserved. Unreal, Unreal Engine and their respective logos are trademarks or registered trademarks of Epic Games, Inc. in the U.S. Patent and Trademark Office and elsewhere. NVIDIA, the NVIDIA logo and the GeForce Now logo are trademarks and/or registered trademarks of NVIDIA Corporation in the U.S. and/or other countries."
Update 1.9.0,2024.02.21,https://www.reachthefinals.com/patchnotes/190,"Patch Notes 1.9.0
To all you lovebugs who helped destroy the Arena in honor of Valentine’s Day: thank you from the bottom of our hearts! The event has concluded but the good vibes are forever!
This week’s store update will brighten your day! Check out the Neon Nightslinger kit!
This week’s update includes:
Bug and Crash fixes
Security Upgrades and improvements

THE FINALS © 2022-2026 Embark Studios AB. THE FINALS and EMBARK trademarks and logos are trademarks or registered trademarks of Embark Studios AB. NEXON trademark and logo are trademarks or registered trademarks of NXC Corporation. © 2026 Sony Interactive Entertainment LLC. PlayStation, the PlayStation Family Mark, PS5, the PS5 logo, PS4 and the PS4 logo are registered trademarks or trademarks of Sony Interactive Entertainment Inc. Microsoft, the Xbox Sphere mark and Xbox Series X|S are trademarks of the Microsoft group of companies. © 2026 Valve Corporation. Steam and the Steam logo are trademarks and/or registered trademarks of Valve Corporation in the U.S. and/or other countries. © 2026 Epic Games, Inc. All rights reserved. Unreal, Unreal Engine and their respective logos are trademarks or registered trademarks of Epic Games, Inc. in the U.S. Patent and Trademark Office and elsewhere. NVIDIA, the NVIDIA logo and the GeForce Now logo are trademarks and/or registered trademarks of NVIDIA Corporation in the U.S. and/or other countries."
Update 1.8.0,2024.02.14,https://www.reachthefinals.com/patchnotes/180,"LOVE IS IN THE ARENA

Be Our Valentine!
Join the Valentine’s Day event to unlock a series of precious rewards! Turn in contracts to earn all 6 unlockables. Don’t play alone — Share the love and invite your Seoul-mates to join your party!
The Steal the Spotlight event has now concluded. Thanks to everyone who participated and filled out the contracts!
As promised, this update introduces some changes for “nukes and snukes.” Red canisters will now have the physics to make overloaded cans drop faster and take less predictable pathways. We’ve also remoWved the accidental double explosion and stacking damage from barrels with attachments.
This patch features improvements to input latency on XBOX, new social notifications, and more!
Check the details below:
Audio
Cloaking sounds will now differentiate between team members and enemy players
Headshots will be indicated with their own sound
Fixed an issue where certain sounds did not play when colliding with the environment
Added a setting to control sounds when the game is not in focus (tabbed out)
Fixed single-fire weapons not playing their firing sound at times
VFX
Various fixes to destruction in Seoul
Added material-appropriate effects to destruction on all maps
Gameplay/Balance
When a player is eliminated out-of-bounds in Bank It, their coins will spawn on the map
Gravity and physics have been enabled on Red Canisters with attachments
Fixed an issue where multiple C4s would cause more damage than intended when exploding together, for example when attached to an object
Fixed a bug that caused jump pads to glitch when overlapped with an attached object
Fixed an issue that allowed players to cancel emotes by using quick-melee
Fixed an issue where objects could hover in the air after an attachment was destroyed
Fixed an issue where a successful backstab with a dagger now correctly shows as a critical hit
Animation
Fixed an issue where held items were unintentionally visible
Fixed various issues with defibs not animating correctly
Fixed an issue that caused the player mesh to break and faulty physics during revive
Fix for the broom not disappearing after the “clean house” emote
Adjusted crouch animations to ensure they don’t make characters clip through thin walls
Fixed an issue where left-hand gestures would make melee animations look faulty
The auto open door when sprinting animation will now keep your weapon in view
The football grenade skin now spins correctly
Maps
Vegas Sandstorm: moved the floating zipline
Improved ambient lighting to address issues with seams between areas on all maps
UI/UX
Fixed an issue that caused the career progression page to lock when quickly switching pages via controller
Corrected mislabeled career reward items
Tournament overview screen will now show the correct contestant customization
Fix for player to always be in the center of the team in the tournament overview screen
Fixed an issue where an item could not be immediately equipped after purchasing in the customization screen
Consoles
Reduced input latency on Xbox Series X|S
Security
General security fixes and improvements
General
Improved boot times on PC
Voice Chat
Moved voice chat settings higher up in the audio settings tab
Players not using voice chat will now see an indication that team members are using it
Added Push to Talk keybinding in the Voice Chat menu
Fixed voice chat output volume so it is applied correctly
Fixed an issue with voice chat privacy settings so all options are respected

THE FINALS © 2022-2026 Embark Studios AB. THE FINALS and EMBARK trademarks and logos are trademarks or registered trademarks of Embark Studios AB. NEXON trademark and logo are trademarks or registered trademarks of NXC Corporation. © 2026 Sony Interactive Entertainment LLC. PlayStation, the PlayStation Family Mark, PS5, the PS5 logo, PS4 and the PS4 logo are registered trademarks or trademarks of Sony Interactive Entertainment Inc. Microsoft, the Xbox Sphere mark and Xbox Series X|S are trademarks of the Microsoft group of companies. © 2026 Valve Corporation. Steam and the Steam logo are trademarks and/or registered trademarks of Valve Corporation in the U.S. and/or other countries. © 2026 Epic Games, Inc. All rights reserved. Unreal, Unreal Engine and their respective logos are trademarks or registered trademarks of Epic Games, Inc. in the U.S. Patent and Trademark Office and elsewhere. NVIDIA, the NVIDIA logo and the GeForce Now logo are trademarks and/or registered trademarks of NVIDIA Corporation in the U.S. and/or other countries."
Update 1.7.0,2024.02.08,https://www.reachthefinals.com/patchnotes/170,"YEEEEEAH, HERE WE GO!

This week we are rolling out some changes to progression,  with several adjustments to how XP is earned. These changes will help you tackle the Battlepass and Career Ranks! It’s time to scramble!
Important to note:
Default settings for VoIP have been reset for all players! The best offense is a good defense, and the best defense requires good communication. Check out the details of the changes below and make sure to change your settings if you prefer.
Finally, we are aware of problems with the explosive power of the red canisters and that barrels have unintentional stacking damage. You can expect a fix to these issues in the next major update.
Check the full playbook of changes below:
Content And Bug Fixes
Game Show Events
Disabled the ‘Dead Go Boom’ game show event
Dev Note:
We feel this event punishes melee users too much at present, so we’re disabling it for now. We’re hoping to return it to the game, after a re-work, at some point in the future
UI
Added a ‘play again’ button to the end-of-round sequence, allowing players in a party to quickly get into the next match
VoIP
Set VoIP to be enabled by default on PC, with Push To Talk set as the default input (existing players)
Set VoIP to be enabled by default on console, with Voice Activated set as the default input (existing players)
Dev Note:
we want to encourage more teamplay in matches, and enabling VoIP for all players is part of that effort. Players can disable VoIP via settings. We previously made this change in update 1.5 for new players and saw positive results!
Progression  Changes
Contracts
Increased the amount of XP given for Weekly Contracts from 2000 to 4500 (+)
Increased the amount of XP given for Weekly Goals from 4000 to 9000 (+)
Reduced the number of Weekly Contracts that need to be completed to get the Weekly Goal from 8 to 6 (-)
XP
Increased the amount of XP given for opening a vault from 100 to 200 (+)
Increased the amount of XP given for starting a cashout from 100 to 300 (+)
Increased the amount of XP given for completing a cashout from 200 to 400 (+)
Increased the amount of XP given for stealing a cashout from 100 to 300 (+)
Increased the amount of XP given per coin delivered in Bank It mode from 50 to 80 (+)
Increased the amount of XP given for finishing in 4th place in a round from 100 to 200 (+)
Increased the amount of XP given for finishing in 3rd place in a round  from 200 to 400 (+)
Increased the amount of XP given for finishing in 2nd place in a round  from 400 to 600 (+)
Increased the amount of XP given for finishing in 1st place in a round  from 600 to 800 (+)

THE FINALS © 2022-2026 Embark Studios AB. THE FINALS and EMBARK trademarks and logos are trademarks or registered trademarks of Embark Studios AB. NEXON trademark and logo are trademarks or registered trademarks of NXC Corporation. © 2026 Sony Interactive Entertainment LLC. PlayStation, the PlayStation Family Mark, PS5, the PS5 logo, PS4 and the PS4 logo are registered trademarks or trademarks of Sony Interactive Entertainment Inc. Microsoft, the Xbox Sphere mark and Xbox Series X|S are trademarks of the Microsoft group of companies. © 2026 Valve Corporation. Steam and the Steam logo are trademarks and/or registered trademarks of Valve Corporation in the U.S. and/or other countries. © 2026 Epic Games, Inc. All rights reserved. Unreal, Unreal Engine and their respective logos are trademarks or registered trademarks of Epic Games, Inc. in the U.S. Patent and Trademark Office and elsewhere. NVIDIA, the NVIDIA logo and the GeForce Now logo are trademarks and/or registered trademarks of NVIDIA Corporation in the U.S. and/or other countries."
Hotfix 1.6.1,2024.02.02,https://www.reachthefinals.com/patchnotes/161,"This hotfix will bring back the balance changes and the fix to crossplay matchmaking from Patch 1.5.5 that were accidentally lost in the Mid-Season Update 1.6.0.
Sorry for the confusion, yolks!
We’ve also made changes to fix the leaderboard and you might see a surprise when you start the game, so keep your eyes peeled.

THE FINALS © 2022-2026 Embark Studios AB. THE FINALS and EMBARK trademarks and logos are trademarks or registered trademarks of Embark Studios AB. NEXON trademark and logo are trademarks or registered trademarks of NXC Corporation. © 2026 Sony Interactive Entertainment LLC. PlayStation, the PlayStation Family Mark, PS5, the PS5 logo, PS4 and the PS4 logo are registered trademarks or trademarks of Sony Interactive Entertainment Inc. Microsoft, the Xbox Sphere mark and Xbox Series X|S are trademarks of the Microsoft group of companies. © 2026 Valve Corporation. Steam and the Steam logo are trademarks and/or registered trademarks of Valve Corporation in the U.S. and/or other countries. © 2026 Epic Games, Inc. All rights reserved. Unreal, Unreal Engine and their respective logos are trademarks or registered trademarks of Epic Games, Inc. in the U.S. Patent and Trademark Office and elsewhere. NVIDIA, the NVIDIA logo and the GeForce Now logo are trademarks and/or registered trademarks of NVIDIA Corporation in the U.S. and/or other countries."
Mid-Season Update 1.6.0,2024.01.31,https://www.reachthefinals.com/patchnotes/160,"Welcome to our Season 1 Event:
STEAL THE SPOTLIGHT!

In this solo event, you enter the arena at night with a set build and loadout. Lights are out and cashout stations are guarded by turrets and tripwires, and the best path might just be the one you make yourself — so keep that RPG handy.
Play
STEAL THE SPOTLIGHT
this week to unlock a dazzling cosmetic bundle, that will forever remind you of your time spent duking it out in the dark.
For now, we’ll be removing
Solo Bank It
from the game. Thank you so much to everyone who played this experimental mode and provided feedback! We learned so much and we look forward to bringing you more experimental modes in the future.
As for other significant changes in
Update 1.6.0
,
Recon Senses
have been updated, with a limited reach (no more infinite sight). And in case you get spotted, you’ll get notified so you can get ready for the battle ahead.
Including some refinements to close-ranged aim assistance, controller players can now use gyro controls for supported gamepads, so let the good times ‘roller!
For all you old-timers, we’ve added 10 levels to the
Career Rank
with additional rewards. And for newcomers, we’ve reduced the number of rounds needed to get into a ranked tournament from 60 to 45. To help you prepare, you’re now able to change your loadout in the lobby while you wait for the first match to start!
Let’s get to the details:
Balance Changes
Gadgets
Dome Shield
Dome Shields will now use squad colors if the ‘Use Enemy Squad Colors’ setting is enabled
Vanishing Bomb
Increased the invisibility interrupt grace period for teammates from 0.65s to 0.8s (+)
Increased the invisibility interrupt grace period for the player from 0s to 0.35s (+)
Increased the duration of Vanishing Bomb invisibility on teammates from 5s to 6s (+)
Zipline
Improved placement validation for ziplines, making them easier to deploy
Maps
Las Vegas
General
Added some cover to the side of kitchen trolleys to make them easier to use
Replaced the zipline between Eastwood and Decora with a jump pad
Moved various cover pieces to avoid gaps in cover
Moved various chairs to make traversal easier
Removed Turrets & Tripwires map variant in Quick Cash, Bank It, Tournament, and Ranked Tournament modes while we fix various bugs and re-evaluate the gameplay design
Argon Casino
Removed some of the monitors in the casino so some doors are easier to see
Added an extra door to make traversal easier
Updated some Vault spawn locations and added cover to some of them
Eastwood Casino
Updated exit points on various ziplines to make it easier to access rooftops
Added decals to some windows to make the glass more visible
Rearranged the aircon units to create more cover on the roof
Adjusted the position of some cashout locations
Glamora Casino
Removed some chairs so it's easier to jump in and out of cashier booths
Removed some chairs and railings in the theatre to make traversal easier
Various other small fixes and balance tweaks
Specializations
Mesh Shield
The Mesh Shield will now use squad colors if the ‘Use Enemy Squad Colors’ setting is enabled
Recon Senses
Added a range limit to Recon Senses set to 30m. Players outside of this range will not be detected
Players detected by Recon Senses will now see ‘Detected’ warning text on their HUD
Dev Note: Recon Senses have become much more common in the meta than we intended and can cause confusion for some newer players. The reduction in range and the warning given to detected players will bring the ability’s power back in line with other Specializations
Content And Bug Fixes
Animation
Fixed some small issues with the LH1 reload and Goo Gun inspect animations
Updated reload animations when aiming down sights to add slightly more movement to them
Audio
Updated footstep audio and mix for the player, teammates, and enemies
Dev note: It should now be clearer for players to tell friendly players apart from enemies and their own footsteps
Fixed an issue where the spawn sound effect could be cut off when respawning
Updated various VO lines
Various VO bug fixes
Career Rank
Added 10 more levels to the Career Rank along with additional rewards. Max rank is now 50.
Characters
Fixed an issue where characters could have their legs bent backward on some screens
Controller
Added Gyro aiming options for PS5 DualSense and PS4 DualShock controllers
Fixed an issue with aim assistance sensitivity reduction that caused almost no sensitivity reduction to be applied to targets closer to the player than 20m
Reduced input latency on PS5
Emotes
Fixed an issue that prevented the player emoting while crouched
Gadgets
Defibrillators
Fixed an issue where player statues could not be targeted for revives when lying in foliage
Fixed an issue where player statues could not be targeted for revives when carried
Fixed various issues with placement distances on deployable Gadgets
Fixed an issue where turret parts could collide with each other, causing strange behavior when placed on barrels
Game Modes
General
Added ‘Steal the Spotlight’ event mode
Added the ability for players to customize their contestant Loadout for all Weapons, Gadgets, and Specializations during the match lobby at the start of each match in all game modes
Ranked Tournament
Lowered the number of rounds required to play Ranked Tournament from 60 to 45 (-)
Dev note: With the improvements we’ve made to fair play and banning, the threshold required to enter Ranked Tournaments doesn’t need to be quite so high.
Solo Bank It
Disabled the experimental Solo Bank It mode
Maps
Monaco
Made night and night storm weather conditions slightly less dark on Monaco for OLEDs
Tweaked LOD settings on some trees in Monaco to reduce popping on low settings
Movement
Fixed an issue where players could become stuck in encroached spaces
Fixed an issue where players would fail wall jumps if they pressed and held jump too early in a vault sequence
Fixed an issue where the player would cancel a slide if aiming down sights was triggered from toggled crouch
Security
Made various improvements to security and cheat detection
Settings
Increased default FOV from 71 to 81 (new installations only)
UI
Added Career Rank screen where players can see rewards earned by gaining rank
Added new tournament overview screen to tournament modes
Added additional item tutorial videos for the following items:
APS Turret
Gas Grenade
Glitch Grenade
Glitch Trap
Goo Gun
Motion Sensor
Pyro Grenade
Smoke Grenade
Sonar Grenade
Thermal Vision
Added new Event Contracts to the Contracts screen
Updated the size of ranked icons
Fixed wrapping issues on Contracts during the end-of-round sequence
Decreased duration of Vault objective markers on round start
Made various improvements to contextual ping accuracy, making them more accurate
Various bug fixes to the UI
VFX
Added new impact effects when friendly players shoot each other, instead of the coin effects, as this could cause confusion for players
Updated collision on coin death effects to reduce the number of coins that can fall through floors
Various polish improvements to coin death effects
Optimization pass on the gas canister explosion effects
Weapons
Increased the size of various grenade projectiles, to make them easier to see in combat
Fixed some issues where AoE damage could be wrongly invalidated, causing no damage to be done
Fixed an exploit where melee weapons could be swung faster than intended
Fixed an issue that prevented C4 and Mines from being picked up when placed on a throwable object that had been picked up

THE FINALS © 2022-2026 Embark Studios AB. THE FINALS and EMBARK trademarks and logos are trademarks or registered trademarks of Embark Studios AB. NEXON trademark and logo are trademarks or registered trademarks of NXC Corporation. © 2026 Sony Interactive Entertainment LLC. PlayStation, the PlayStation Family Mark, PS5, the PS5 logo, PS4 and the PS4 logo are registered trademarks or trademarks of Sony Interactive Entertainment Inc. Microsoft, the Xbox Sphere mark and Xbox Series X|S are trademarks of the Microsoft group of companies. © 2026 Valve Corporation. Steam and the Steam logo are trademarks and/or registered trademarks of Valve Corporation in the U.S. and/or other countries. © 2026 Epic Games, Inc. All rights reserved. Unreal, Unreal Engine and their respective logos are trademarks or registered trademarks of Epic Games, Inc. in the U.S. Patent and Trademark Office and elsewhere. NVIDIA, the NVIDIA logo and the GeForce Now logo are trademarks and/or registered trademarks of NVIDIA Corporation in the U.S. and/or other countries."
Update 1.5.5,2024.01.24,https://www.reachthefinals.com/patchnotes/155,"Welcome to Update 1.5.5

Today’s update comes with a number of balance changes for weapons and gadgets, including a decrease in the length of invulnerability after revival. We’ve also implemented crash fixes, and an adjustment to tournament matchmaking that will lead to tighter player skill-gap in tournaments. There is also a fix to the crossplay settings so it can be turned off successfully.
On top of all of this, we have some new content in the store!
A note about the future
: based on your feedback and our own telemetry evaluation, we recognize that the
Recon Senses
ability for the Medium build needs an overhaul and we’re working on that right now. You can look forward to that change and more in next week’s update!
Balance Changes
Gadgets
Defibrillators
Decreased the length of invulnerability applied after a revive to 0.75s from 1.5s
Revives
Decreased the length of invulnerability applied after a revive to 0.75s from 1.5s
Weapons
.357 Revolver
Decreased the amount of bullet dispersion applied when aiming down sights
Reduced damage fall-off start range to 23m from 35m
Reduced damage fall-off end range to 40m from 50m
CL-40
Increased player damage to 110 from 100
FCAR
Decreased damage to 25 from 26
Guardian Turret
Decreased health to 280 from 300
MGL32
Increased player damage to 83 from 80
Throwing Knives
Decreased the amount of projectile dispersion applied when falling
Decreased the amount of projectile dispersion applied when sprinting
Content And Bug Fixes
Crashes
Fixed an issue where certain GPUs would sometimes crash
Matchmaking
Fixed an issue where crossplay settings would not be respected when the player was in a party
Updated matchmaking configuration in Tournament and Ranked Tournament modes, to help ensure closer matches by skill-rating

THE FINALS © 2022-2026 Embark Studios AB. THE FINALS and EMBARK trademarks and logos are trademarks or registered trademarks of Embark Studios AB. NEXON trademark and logo are trademarks or registered trademarks of NXC Corporation. © 2026 Sony Interactive Entertainment LLC. PlayStation, the PlayStation Family Mark, PS5, the PS5 logo, PS4 and the PS4 logo are registered trademarks or trademarks of Sony Interactive Entertainment Inc. Microsoft, the Xbox Sphere mark and Xbox Series X|S are trademarks of the Microsoft group of companies. © 2026 Valve Corporation. Steam and the Steam logo are trademarks and/or registered trademarks of Valve Corporation in the U.S. and/or other countries. © 2026 Epic Games, Inc. All rights reserved. Unreal, Unreal Engine and their respective logos are trademarks or registered trademarks of Epic Games, Inc. in the U.S. Patent and Trademark Office and elsewhere. NVIDIA, the NVIDIA logo and the GeForce Now logo are trademarks and/or registered trademarks of NVIDIA Corporation in the U.S. and/or other countries."
Hotfix 1.5.1,2024.01.19,https://www.reachthefinals.com/patchnotes/151,"Hotfix 1.5.1 will address the bugs introduced by Update 1.5.0. Thank you to our community of players for helping us to identify these issues swiftly so we could get them patched up!
Read through the changelist below:
Fixed a bug that caused some weapons to apply bullet dispersion/spread/bloom when fired while aiming down sights.
Fixed an issue where the Solo Bank It progress bar would show an incorrect value after a deposit.
Fixed an issue specific to new Steam accounts that could cause them to not be able to log in to the game and would provide a TFLA0002 error.
Fixed an issue where item unlock animations would sometimes not show after the player made a purchase.
Fixed a crash in the raytracing code.
Fixed a crash that could happen during startup.
Reset the controller zoom sensitivity setting back to the default value.

THE FINALS © 2022-2026 Embark Studios AB. THE FINALS and EMBARK trademarks and logos are trademarks or registered trademarks of Embark Studios AB. NEXON trademark and logo are trademarks or registered trademarks of NXC Corporation. © 2026 Sony Interactive Entertainment LLC. PlayStation, the PlayStation Family Mark, PS5, the PS5 logo, PS4 and the PS4 logo are registered trademarks or trademarks of Sony Interactive Entertainment Inc. Microsoft, the Xbox Sphere mark and Xbox Series X|S are trademarks of the Microsoft group of companies. © 2026 Valve Corporation. Steam and the Steam logo are trademarks and/or registered trademarks of Valve Corporation in the U.S. and/or other countries. © 2026 Epic Games, Inc. All rights reserved. Unreal, Unreal Engine and their respective logos are trademarks or registered trademarks of Epic Games, Inc. in the U.S. Patent and Trademark Office and elsewhere. NVIDIA, the NVIDIA logo and the GeForce Now logo are trademarks and/or registered trademarks of NVIDIA Corporation in the U.S. and/or other countries."
Update 1.5.0,2024.01.17,https://www.reachthefinals.com/patchnotes/150,"Welcome to Update 1.5

Today we are introducing our very first limited-time mode (LTM): Solo Bank It!
This experimental twist on Bank It pits contestants against each other in a fight for individual glory in a 12-player arena. Just like Bank It, the first to amass 40,000 and deposit in the cash-out station wins. Solo queuers, rejoice!
We’re putting this mode out there to learn more about your experience, so we’ll open a channel in Discord to gather feedback for as long as the mode stays up.
Outside the new mode, Update 1.5.0 comes with a litany of balance changes, tweaks, and bug fixes — all laid out below — to help improve the overall experience.
In addition, with Update 1.5.0 we’re introducing our fair play guidelines, with revamped and improved detection methods for unfair play. From now on, we’ll restrict cheaters with more confidence and will be able to stand firmly behind our bans. Our goal, as always, is to make the game safe, fair, and fun
Finally, we’ve decided to expand the size of our store, with an even bigger and more diverse range of items at any given time.
Check out the full notes below:
Balance Changes
Abilities
Charge N’ Slam
Fixed an issue where players could charge while stationary and stealing an extraction
Cloaking Device
Increased activation cost from 1s to 2s
Increased minimum required charge time to activate from 1.5s to 2.5s
Grapple Hook
Will no longer attach to objects that are attached to carriables
Guardian Turret
Will now shoot target dummies in the practice range
Mesh Shield
Decreased health from 1100 to 1000
Recon Senses
Increased activation cost from 1s to 1.5s
Decreased minimum charge time to activate from 2.5s to 2s
Gadgets
C4
Player damage decreased from 210 to 155
Player min damage decreased from 120 to 100
Flashbang
Cooldown decreased from 20s to 18s
Gas Mine
Cooldown increased from 25s to 27s
Incendiary Mine
Cooldown decreased from 30s to 27s
Vanishing Bomb
Cooldown decreased from 20s to 18s
RPG
Player damage decreased from 150 to 140
Stun Gun
Decreased duration of stun effect from 5s to 3.75s
Tracking Dart
Cooldown decreased from 15s to 13s
Added new Scoped Zoom Sensitivity Multiplier to the settings screen that affects the Tracking Dart
Game Modes
Bank It
Game show event start time reduced from minute six to minute four
Quick Cash
Game show event start time reduced from minute six to minute four
Team wipe respawn time increased from 17 to 18 seconds
Ranked Tournament
Team wipe respawn time increased from 25 to 26 seconds
Tournament
Team wipe respawn time increased from 25 to 26 seconds
Tournaments will now unlock after players have completed one round, reduced from 12
Maps
Las Vegas
Updated destruction behavior to get more realistic destruction
Updated strain system to get more realistic destruction
Updated various ziplines in the level
Throwables
Deployable explosives such as C4, Breach Charges and Explosive Mines will now add mass to throwable objects, causing them to travel less far when thrown
Weapons
Flamethrower
Damage increased from 28 to 30
LH1
Damage increased from 47 to 49
M11
Recoil pattern updated, to make the weapon easier to control
SH1900 Shotgun
Damage decreased from 12 to 10 damage per pellet
M60
Damage increased from 21 to 22
Riot Shield
Updated attack animations and hit sweeps, to make the weapon feel more responsive
Fixed issues where the Riot Shield could be invisible and still block bullets
Fixed an issue where the Riot Shield could block bullets while the player climbed a ladder
SA1216
Fixed an issue that allowed the weapon to be fired faster than intended
SR-84 Sniper Rifle
Added new Scoped Zoom Sensitivity Multiplier to the settings screen that affects the SR-84
Throwing Knives
Added new trail effects to make the projectiles easier to see
Shortened the lifetime of Knives stuck in metal surfaces
V9S
Damage increased from 35 to 36
Content And Bug Fixes
Animation
Updated some main menu weapon animations
Left-side inspection animations added to the following items:
AKM
CL-40
FCAR
Flamethrower
Goo Gun
Lewis Gun
LH1
M11
M60
MGL32
Model 1887
R.357
SA1216
SH1900
SR-84
Stun Gun
Tracking Dart
V9S
XP-54
Audio
Replaced an old unattenuated sound on the Glitch Trap
Fix a zip wire attachment sound that could play on the main menu
Characters
Fixed some issues where hair could clip visually with various headwear
Fixed some skinning issues that occurred on wrists
Fixed some skinning issues that occurred on gloves
Controller
Added an option that allows controller players to pick the priority order of Reload/Pick Up button actions
Console
Fixed an issue that allowed Mouse and Keyboard to be enabled on some consoles
Crashes
Fixed a server crash where players could attach to ziplines and disconnect at the same time
Fixed a client crash that could be caused by certain outfits in the Battle Pass and Store screens
Disconnects
Fixed an issue where game servers could very rarely shut down early due to how players connected
Maps
General
Improved the floor number display in elevators
Fixed lingering smoke clouds that could appear during the end of round sequence
Fixed team logos not always streaming in during the end of round sequence
Monaco
Fixed an awning that partially clipped through the path of a zipline
Optimised lighting for the Fog and Storm weather types
Seoul
Fixed an initial spawn in Hospital that ran into a small dead end
Fixed some railings that could block bullets
Vegas
Fixed an issue where the map border blocked bullets and grenades
Fixed a ladder that sometimes caused players to get stuck
Fixed some issues with intersecting and floating assets
Fixed an issue where Las Vegas spotlights would sometimes be culled unexpectedly
Movement
Fixed an issue where players could slingshot themselves (aka ‘superglide’) by grinding against obstacles during vault interactions.
Vaulting
Fixed an issue where players could gain extreme speed by picking up objects that were being vaulted on
Updated vaulting to feel snappier and be more aligned to ledges
Quick Melee
Fixed an issue where players could use Quick Melee on ladders
UI
Fixed an issue where scoreboard text could be cut short
Fixed a ‘New’ label that could clip with the Play button in the main menu
Fixed an issue where ‘Tournament Winners’ text could be partially visible on both sides of the screen
Fixed an issue where player’s names could appear over their face in the end of round screens
Fixed an issue where the Career screen could jump during the first frame
Fixed an issue where hover VFX would not play on video thumbnails
Fixed an issue where some Weapon Charms and Stickers would become unequippable
Fixed an issue where total playtime would reset to 0 on the Career screen after 24 hours
Fixed an issue where the current gamepad bindings were lost when resetting the keyboard bindings
Fixed an issue with the crosshair that caused headshot hit indicators to show based on damage done, rather than hit location
Fixed an issue where player names above the health bar could sometimes get cut off
Fixed an issue where the subtitle preview would not hide correctly when exiting settings
Fixed team member names sometimes staying transparent after respawn
Fixed an issue that prevented player outlines on enemies appearing when looking through metal fences
Fixed an issue where some settings in the settings screen would not be affected by restoring default settings
VoIP
Set VoIP to be enabled by default on PC, with Push To Talk set as the default input (new installs only)
Set VoIP to be enabled by default on console, with Voice Activated set as the default input (new installs only)
Weapons
Fixed an issue where bullet dispersion/spread would not update if the player switched between items
Throwing Knives will now have the correct skin when thrown
Fixed cheat exploit with melee weapons

THE FINALS © 2022-2026 Embark Studios AB. THE FINALS and EMBARK trademarks and logos are trademarks or registered trademarks of Embark Studios AB. NEXON trademark and logo are trademarks or registered trademarks of NXC Corporation. © 2026 Sony Interactive Entertainment LLC. PlayStation, the PlayStation Family Mark, PS5, the PS5 logo, PS4 and the PS4 logo are registered trademarks or trademarks of Sony Interactive Entertainment Inc. Microsoft, the Xbox Sphere mark and Xbox Series X|S are trademarks of the Microsoft group of companies. © 2026 Valve Corporation. Steam and the Steam logo are trademarks and/or registered trademarks of Valve Corporation in the U.S. and/or other countries. © 2026 Epic Games, Inc. All rights reserved. Unreal, Unreal Engine and their respective logos are trademarks or registered trademarks of Epic Games, Inc. in the U.S. Patent and Trademark Office and elsewhere. NVIDIA, the NVIDIA logo and the GeForce Now logo are trademarks and/or registered trademarks of NVIDIA Corporation in the U.S. and/or other countries."
Hotfix 1.4.1,2024.01.11,https://www.reachthefinals.com/patchnotes/141,"We’re back!
Today we have a small patch that addresses community feedback on aim assist, fair play, and bug fixes. These changes are the result of an in-depth review of how aim assist works — something we’ve only been able to validate with a player base as large as ours (thanks so much for playing our game, yolks!).
We have another bigger update in the works for next week, with a major security fix and some new exciting content, so stay tuned for that!
Aim Assistance
Zoom Snapping Angular Velocity now has a max cap, preventing unintended rapid 90-degree turns.
Camera Magnetism will be reduced to 35% from 50%, making player aim less sticky and lowering controller accuracy.
Zoom Snapping Time will be reduced to 0.25s from 0.3s.
Zoom Snapping will be removed from the SR-84 Sniper Rifle, Revolver, LH1, and all Shotguns, as it buffs them more
than other weapons.
Aim assist will ignore invisible players, fixing a bug with the existing system.
Clients running key re-mapping programs on PC will not have access to aim assist.

THE FINALS © 2022-2026 Embark Studios AB. THE FINALS and EMBARK trademarks and logos are trademarks or registered trademarks of Embark Studios AB. NEXON trademark and logo are trademarks or registered trademarks of NXC Corporation. © 2026 Sony Interactive Entertainment LLC. PlayStation, the PlayStation Family Mark, PS5, the PS5 logo, PS4 and the PS4 logo are registered trademarks or trademarks of Sony Interactive Entertainment Inc. Microsoft, the Xbox Sphere mark and Xbox Series X|S are trademarks of the Microsoft group of companies. © 2026 Valve Corporation. Steam and the Steam logo are trademarks and/or registered trademarks of Valve Corporation in the U.S. and/or other countries. © 2026 Epic Games, Inc. All rights reserved. Unreal, Unreal Engine and their respective logos are trademarks or registered trademarks of Epic Games, Inc. in the U.S. Patent and Trademark Office and elsewhere. NVIDIA, the NVIDIA logo and the GeForce Now logo are trademarks and/or registered trademarks of NVIDIA Corporation in the U.S. and/or other countries."
Update 1.4.0,2023.12.20,https://www.reachthefinals.com/patchnotes/140,"Merry Patchmas, Yolks!

Today’s patch comes with balance and quality-of-life improvements across the entire game — along with general crash fixes. We also made major changes to our anti-cheat detection to ensure fewer matches with players who don’t play fair.
To celebrate the holidays, contestants will find a gift waiting for them! And don’t forget to bring your boots to Monaco, because it’s snowy and the halls have been decked!
Ho-Ho-Ho-Hop in there!
Balance Changes
Abilities
Goo Gun
Fixed an issue where goo could block the player
Mesh Shield
Mesh Shield Health reduced to 1100 from 1250
Recon Senses
Recon Senses activation cost reduced to 1 from 2
Gadgets
C4
C4 max player damage reduced to 210 from 240
C4 max damage radius reduced to 1.6m from 2.4m
C4 self-damage multiplier increased to 1.3 from 1
Dome Shield
Dome Shield health reduced to 300 from 350
Gas Mine
Gas Mine arming time added (1.6 seconds)
Glitch Mine
Glitch Trap arming time added (1.6 seconds)
Goo Grenade
Fixed an issue where goo could block the player
Mine
Mine max player damage reduced to 140 from 160
Mine damage radius reduced to 3.5m from 4m
Mine arming time added (1.6 seconds)
Pyro Mine
Pyro Mine arming time added (1.6 seconds)
RPG-7
RPG-7 max player damage reduced to 150 from 165
RPG-7 min player damage reduced to 80 from 90
RPG-7 damage radius reduced to 4.5m from 4.75m
RPG-7 max damage radius reduced to 1.5m from 2.5m
RPG-7 aim-down sights dispersion increased slightly
RPG-7 hip-fire dispersion increased slightly
Stun Gun
Increased Stun Gun range to 12m from 10m
Maps
Game Show Events
Added a repulsor to the flying saucers in the ‘Alien Invasion’ event
Vegas
Updated strain in various buildings, to give better destruction results
Resolved an issue where cashout stations would become invisible before players finished the transfer
Modes
Bankit
Disallowed Deathmatch game show event from occurring in BankIt game mode
Weapons
AKM
Slight adjustment to AKM recoil pattern
Flamethrower
Flamethrower fire rate increased to 170 from 160
LH1
LH1 damage increased to 47 from 45
Melee Weapons
Fixed an issue where melee hits didn’t always connect with enemy players
M11
M11 damage increased to 16 from 15
Riot Shield
Fixed a bug where the shield would block bullets, while invisible, during interactions (e.g. reviving or stealing extractions)
SA1216
SA1216 pellet dispersion increased slightly
SA1216 damage per pellet reduced to 7 from 8
Movement
Vaulting
Reduced instances where you unintentionally climbed on objects outside of the player's view.
Fixed an issue where players could get stuck without being able to give input
Ziplines
Prevented placement of ziplines on pickupables
UI
Various fixes to contestant screens
Polish to the social screen, which now hides the ""Invite to party"" button when you are not the party leader
Added a warning to the UI that appears when players are in danger of being AFK kicked
Player health bars now use the squad color when selected in the settings
UI shows you as ""unranked"" unless you’re among the top 500 on the leaderboards

THE FINALS © 2022-2026 Embark Studios AB. THE FINALS and EMBARK trademarks and logos are trademarks or registered trademarks of Embark Studios AB. NEXON trademark and logo are trademarks or registered trademarks of NXC Corporation. © 2026 Sony Interactive Entertainment LLC. PlayStation, the PlayStation Family Mark, PS5, the PS5 logo, PS4 and the PS4 logo are registered trademarks or trademarks of Sony Interactive Entertainment Inc. Microsoft, the Xbox Sphere mark and Xbox Series X|S are trademarks of the Microsoft group of companies. © 2026 Valve Corporation. Steam and the Steam logo are trademarks and/or registered trademarks of Valve Corporation in the U.S. and/or other countries. © 2026 Epic Games, Inc. All rights reserved. Unreal, Unreal Engine and their respective logos are trademarks or registered trademarks of Epic Games, Inc. in the U.S. Patent and Trademark Office and elsewhere. NVIDIA, the NVIDIA logo and the GeForce Now logo are trademarks and/or registered trademarks of NVIDIA Corporation in the U.S. and/or other countries."
Update 1.3.0,2023.12.15,https://www.reachthefinals.com/patchnotes/130,"The first patch of Season 1 is chock-full of quality-of-life improvements and general fixes. The one everyone here is most happy about: the doors in Vegas won’t open in the wrong direction anymore — That was
so
annoying!
Here are the highlights we think you will all care about the most:
You can now see your actual position in the leaderboards once you have played a ranked match.
Changed requirements for unranked tournaments from 12 to 6 matches
The Recent tab in the social screen is now working
Fixed some crash instances
Animation improvements to movement feel to get closer to the OB experience
Fixed a bug where some doors in Vegas would open in the wrong direction
Hold interactions that are started while moving will no longer be interrupted prematurely
OCE/SA Server Regions are selectable on all platforms

THE FINALS © 2022-2026 Embark Studios AB. THE FINALS and EMBARK trademarks and logos are trademarks or registered trademarks of Embark Studios AB. NEXON trademark and logo are trademarks or registered trademarks of NXC Corporation. © 2026 Sony Interactive Entertainment LLC. PlayStation, the PlayStation Family Mark, PS5, the PS5 logo, PS4 and the PS4 logo are registered trademarks or trademarks of Sony Interactive Entertainment Inc. Microsoft, the Xbox Sphere mark and Xbox Series X|S are trademarks of the Microsoft group of companies. © 2026 Valve Corporation. Steam and the Steam logo are trademarks and/or registered trademarks of Valve Corporation in the U.S. and/or other countries. © 2026 Epic Games, Inc. All rights reserved. Unreal, Unreal Engine and their respective logos are trademarks or registered trademarks of Epic Games, Inc. in the U.S. Patent and Trademark Office and elsewhere. NVIDIA, the NVIDIA logo and the GeForce Now logo are trademarks and/or registered trademarks of NVIDIA Corporation in the U.S. and/or other countries."
Hotfix 1.2.3,2023.12.13,https://www.reachthefinals.com/patchnotes/123,"What a whirlwind the last few days have been! Thanks for all the good games and amazing support <3
We have a patch with a few small but impactful updates:
We solved an authentication issue that was incorrectly reported as a ban and removed bans from accounts swept up in the error (try a restart now), an update to Skill-based Matchmaking (SBMM), and an adjustment to alleviate the backfilling annoyances flagged by the community.
Fixed a Steam login problem that caused players to receive a faulty ban message
We've made some changes to our skill-based matchmaking to ensure better-quality games. This means matchmaking times are likely to be ever so slightly longer, but you should find yourselves in slightly closer matches
We've updated the way backfills work in Quick Cash and Bank It. This should mean that you get backfilled less often and when you do get backfilled, you should have more time remaining in the match, especially in Bank It mode
We’ve fixed the incorrect timer on the in-game shop
See you in the arena!

THE FINALS © 2022-2026 Embark Studios AB. THE FINALS and EMBARK trademarks and logos are trademarks or registered trademarks of Embark Studios AB. NEXON trademark and logo are trademarks or registered trademarks of NXC Corporation. © 2026 Sony Interactive Entertainment LLC. PlayStation, the PlayStation Family Mark, PS5, the PS5 logo, PS4 and the PS4 logo are registered trademarks or trademarks of Sony Interactive Entertainment Inc. Microsoft, the Xbox Sphere mark and Xbox Series X|S are trademarks of the Microsoft group of companies. © 2026 Valve Corporation. Steam and the Steam logo are trademarks and/or registered trademarks of Valve Corporation in the U.S. and/or other countries. © 2026 Epic Games, Inc. All rights reserved. Unreal, Unreal Engine and their respective logos are trademarks or registered trademarks of Epic Games, Inc. in the U.S. Patent and Trademark Office and elsewhere. NVIDIA, the NVIDIA logo and the GeForce Now logo are trademarks and/or registered trademarks of NVIDIA Corporation in the U.S. and/or other countries."
Hotfix 1.2.1,2023.12.11,https://www.reachthefinals.com/patchnotes/121,"Just a small update for Xbox only:
Fixed a bug on Xbox to correctly handle blocked social invites and voice chat.

THE FINALS © 2022-2026 Embark Studios AB. THE FINALS and EMBARK trademarks and logos are trademarks or registered trademarks of Embark Studios AB. NEXON trademark and logo are trademarks or registered trademarks of NXC Corporation. © 2026 Sony Interactive Entertainment LLC. PlayStation, the PlayStation Family Mark, PS5, the PS5 logo, PS4 and the PS4 logo are registered trademarks or trademarks of Sony Interactive Entertainment Inc. Microsoft, the Xbox Sphere mark and Xbox Series X|S are trademarks of the Microsoft group of companies. © 2026 Valve Corporation. Steam and the Steam logo are trademarks and/or registered trademarks of Valve Corporation in the U.S. and/or other countries. © 2026 Epic Games, Inc. All rights reserved. Unreal, Unreal Engine and their respective logos are trademarks or registered trademarks of Epic Games, Inc. in the U.S. Patent and Trademark Office and elsewhere. NVIDIA, the NVIDIA logo and the GeForce Now logo are trademarks and/or registered trademarks of NVIDIA Corporation in the U.S. and/or other countries."
Hotfix 1.2.2,2023.12.09,https://www.reachthefinals.com/patchnotes/122,"Here comes the very first hotfix for THE FINALS.

If you played in our Closed Betas and you feel that you are experiencing the game differently now. Make sure to bump your
Field-of-View (FOV) up to 90
in the Video Settings menu for the same experience.
UI Changes
Added missing UI that made Oceania/South American matchmaking regions not visible in the settings even though they have been online and working.
Please note, for the time being, South America will incorrectly be labeled as Brazil.
Fixed incorrect UI on prices from Steam that added two additional zeros in some countries. No one was charged that much, it was only a display issue.
Movement
Fine-tuned the first-person view sprint animations

THE FINALS © 2022-2026 Embark Studios AB. THE FINALS and EMBARK trademarks and logos are trademarks or registered trademarks of Embark Studios AB. NEXON trademark and logo are trademarks or registered trademarks of NXC Corporation. © 2026 Sony Interactive Entertainment LLC. PlayStation, the PlayStation Family Mark, PS5, the PS5 logo, PS4 and the PS4 logo are registered trademarks or trademarks of Sony Interactive Entertainment Inc. Microsoft, the Xbox Sphere mark and Xbox Series X|S are trademarks of the Microsoft group of companies. © 2026 Valve Corporation. Steam and the Steam logo are trademarks and/or registered trademarks of Valve Corporation in the U.S. and/or other countries. © 2026 Epic Games, Inc. All rights reserved. Unreal, Unreal Engine and their respective logos are trademarks or registered trademarks of Epic Games, Inc. in the U.S. Patent and Trademark Office and elsewhere. NVIDIA, the NVIDIA logo and the GeForce Now logo are trademarks and/or registered trademarks of NVIDIA Corporation in the U.S. and/or other countries."
Release Patch Notes 1.2.0,2023.12.08,https://www.reachthefinals.com/patchnotes/120,"THE ARENA IS OPEN! Welcome to Season 1 of THE FINALS.

After years of development, multiple community Alpha and Beta tests, and many months of “soon,” we are so excited to launch THE FINALS! We could not have done it without all the time, energy, feedback, and love heaped onto us by our community of players. As we welcome you to live service, you will see below that we have been very very busy.
But we’re not done. Live service games take continuous work, a lot of listening, iteration, patching, fixing, and balancing. Rest assured, we’re up for the challenge and ready to support this game and its players (that includes us!) through thick and thin. Thank you for being on this journey with us – it means the world!
Suit up, contestants. Cameras are rolling. The arena is open.
New Content
Content Updates
New ways to express yourself in the arena!
Such as:
Reload and Inspect animations
Emoticons
Gestures
Pets (!!!)
Sounds
Watches
More? Yes, more!
The
Store
is open and you’ll have access to an ever-changing
selection of content
to make your contestants p
o
p in the arena.
The Season 1 BattlePass
contains 12 pages of unlockable rewards.
That amounts to
96 exclusive
rewards
29 rewards can be earned for free!
Unlock the whole BattlePass to receive a total of
1575 Multibucks!
Play and progress
, master your loadout with:
6 Mastery
L
evels per weapon
6 Mastery Levels per gadget
5 levels per ability
New Features
New Map
Las Vegas
Test your luck and reach for the stars in the glitz, glam, and tight-knit gameplay of this glittering arena
New Map variants:
Don’t get lost in stingi
ng
sands! Seek shelter and glory in this Las Vegas map variant:
Sandstorm.
Tripwires & turrets:
The environment can work for or against you. Traverse Vegas but watch your step, around every corner could be a trap.
New event:
Alien invasion
You’ll have to see this one to believe it. It’s outta this world!
Gameplay Changes & balance
Movement & Animation
Movement
Made multiple updates to vaulting responsiveness and general smoothness when traversing
Updated various first-person animations to better sync with footsteps
Improvements to syncing and stability when players are on moving surfaces such as elevators, sky-lifts, cranes, and moving platforms
Improved speed-matching and added in-air animations when coining other contestants
General polish updates to third-person locomotion
Combat Animations
Stabilized the camera for aim down sight reloads and bolt actions, for easier tracking of targets
Updated jumping and zipline animations when aiming down sights
Added third-person reaction animations for Flashbangs,
G
as, and Fire.
Reworked the animations for the Charge’N’Slam specialization
Controller
General
Added sensitivity scaling based on zoom FOV
Aim Assistance
Added better support and various improvements for sensitivity dampening on targets
Updated default aim down sights sensitivity reduction
Reduced zoom snapping active duration
Controller Vibration
Settings added
Controller Settings
Added setting to allow players to further customize their controller experience
Added separate dead zones for the different analog sticks
Maps
All
Finally, the wrecking ball is back! Check the cranes.
Monaco
Improved readability of map border
Skyway Stadium
Added ‘Evenin
g
’ environment condition
Specializations
Charge’N’Slam
Updated damage of the ground slam so that it will break floors in buildings more consistently
Cloaking Device
Rebalanced fade-in/out durations to make it harder to vanish mid-combat
Added fade-in/out visual effect
Grapple Hook
Fixed a bug where players could become stuck when grappling during a vault
Recon Senses
Reduced the total fuel, shortening the max duration
Fixed an issue where Recon Senses would trigger on
e
nemy statues
Weapons
General
Updated bullet dispersion system on all weapons when aiming down sights
Fixed various issues where weapons could fire infinitely or not at all
Fixed an issue where Gadgets could become stuck in an infinite cooldown
Added a new hitmarker to crosshairs for damage over time effects
AKM
Updated recoil pattern, making it slightly less easy to control
FCAR
Updated recoil pattern, making it slightly easier to control
Flamethrower
Fixed a bug where the Flamethrower could be fired without consuming ammo
Max range reduced by 60 cm
Fire rate reduced to 160 RPM from 180 RPM
Adjusted Flamethrower impact effects to make them less blinding for the target player
Reduced damage to 28 from 31
Lewis Gun
Updated recoil pattern, making it slightly easier to control
LH1
Increased bullet dispersion when firing from the hip
Updated recoil pattern, making the weapon easier to control
Fire rate reduced to 300 RPM from 400 RPM
Increased LH1 damage from 41 to 45
M60
Updated recoil pattern, making it slightly less easy to control
Riot Shield
Fixed an issue where the Riot Shield could block bullets while the player was emoting
Throwing Knives
Introduced Throwing Knives to the Light arch
e
type
V9S
Magazine size reduced to 20 from 24
Updated recoil pattern, making the weapon less easy to control
Increased damage fall-off to make the weapon less effective at long-range
Gadgets
General
Fixed an issue where Gadgets could become stuck in an infinite cooldown
C4
Increased health from 5 to 25
Defibrillators
Added ability for defibrillators to damage enemy players. They will do 50 damage and will enter cooldown if they land a successful hit
Gas Mine
Added trigger audio effect
Glitch Grenade
Fuse time increased from 1.1s to 1.8s, giving it more range
Night Vision
Removed Night Vision from the game, to be reworked in a future update
Sonar Grenade
Radius reduced from 17.5m to 10m
Updated the crosshair hit marker that appears when the Sonar Grenade detects targets
Stun Gun
Removed sensitivity reduction from stunned players
Added glitch effect to stunned players, rendering their Specialization and Gadgets unusable for a short time
Tactical Breach
Increased health from 5 to 25
Vanishing Bomb
Introduced Vanishing Bomb gadget to the Light archetype
Zipline
Ad
d
ed line break effect to Ziplines

THE FINALS © 2022-2026 Embark Studios AB. THE FINALS and EMBARK trademarks and logos are trademarks or registered trademarks of Embark Studios AB. NEXON trademark and logo are trademarks or registered trademarks of NXC Corporation. © 2026 Sony Interactive Entertainment LLC. PlayStation, the PlayStation Family Mark, PS5, the PS5 logo, PS4 and the PS4 logo are registered trademarks or trademarks of Sony Interactive Entertainment Inc. Microsoft, the Xbox Sphere mark and Xbox Series X|S are trademarks of the Microsoft group of companies. © 2026 Valve Corporation. Steam and the Steam logo are trademarks and/or registered trademarks of Valve Corporation in the U.S. and/or other countries. © 2026 Epic Games, Inc. All rights reserved. Unreal, Unreal Engine and their respective logos are trademarks or registered trademarks of Epic Games, Inc. in the U.S. Patent and Trademark Office and elsewhere. NVIDIA, the NVIDIA logo and the GeForce Now logo are trademarks and/or registered trademarks of NVIDIA Corporation in the U.S. and/or other countries."
